6738.4,18485,18163,20247,22034,15777,17243,20091,19116,21840,14878,16956,16001,16693,16211,16467,14978,15377,14717,14653,14328,14216,13638,14386,14519,13766,13707,13839,13386,13742,13560,12993,13122,13514,13179,13310,12846,13020,12835,12714,12575,12523,12476,12413,12290,12302,12081,12020,11909,11769,11751,11551,11623,11370,11379,11166,11280,11059,11001,10912,11027,10869,10773,10833,10686,10752,10658,10664,10580,10563,10469,10463,10355,10238,10204,10150,10081,9924.8,9905,9816.9,9784.2,9760.1,9700.7,9676.2,9658.2,9548.5,9476.6,9394.5,9338.7,9211.7,9122,9127,9004.1,8988.7,8977.9,8934.8,8861.5,8792,8729.1,8677.8,8653.9,8577.4,8559.1,8495.1,8425.6,8430.1,8322.9,8302.5,8271,8238.1,8131.1,8124.8,8031.7,7998.6,7917.4,7891.1,7851.6,7776.8,7724.8,7692.1,7643.4,7595.2,7561.6,7535.7,7462,7439.8,7375.6,7371.9,7311.7,7249.5,7223.7,7187.8,7149.9,7128.4,7070,7029,6993.1,6950.8,6876.9,6832.5,6802.7,6772.9,6749.6,6705.7,6653.1,6619.7,6566.3,6524.7,6474.1,6432,6403.1,6338.5,6302.9,6270.1,6244.7,6218.6,6164.1,6141.1,6087.6,6045.5,6026.5,5973.4,5951.3,5926.9,5876,5835.5,5818.6,5770.7,5744.6,5698.3,5663.4,5640.8,5608.1,5576.4,5536.1,5508.1,5458.2,5423.2,5396.6,5356.7,5322.7,5283.1,5263.3,5216.1,5177.9,5161.7,5109.7,5086.9,5052.9,5025.4,4990.1,4966.5,4938.4,4903.8,4873.7,4830.9,4797.6,4766.1,4730.4,4698,4668.3,4654.5,4614.7,4585.4,4553.8,4537.4,4492.8,4463.6,4426.3,4393.2,4372.1,4339.7,4312.2,4278.2,4243.2,4218.7,4184.1,4155,4122.9,4092.8,4064.1,4032.6,3996.4,3967.1,3936.2,3900.2,3867.9,3837.8,3806.4,3773.7,3748.7,3708.6,3677.5,3647.3,3615.3,3583.9,3554.4,3524.9,3491.4,3458.4,3430.2,3398.9,3355.6,3324.6,3292.5,3254,3228.7,3188.3,3154.8,3116.2,3084.5,3050.7,3019.9,2986.2,2953.5,2920.6,2885.5,2850.8,2818.5,2781.5,2747.1,2711.7,2681.2,2646.9,2610.6,2579.3,2545.2,2510.7,2476.8,2442.4,2406.8,2374.9,2344,2310.7,2273.3,2239.1,2208,2175.4,2138.8,2107.4,2075,2042.8,2011.7,1978.1,1945.1,1914.8,1881.9,1850.3,1819.7,1787,1757.5,1726.3,1697.1,1669.5,1637.8,1609.1,1581,1552.4,1523.3,1495.6,1468,1440.6,1413.4,1386.3,1360.8,1333.3,1308.7,1282.4,1257.7,1233.6,1210,1185.1,1161.9,1139.2,1115.8,1093.5,1072,1050.3,1028.9,1007.7,987.4,966.8,946.75,926.87,907.43,888.61,869.89,851.7,834.44,816.2,799.02,782.06,765.45,749.16,733.09,717.23,701.59,686.52,671.9,657.48,643.4,629.38,615.91,602.55,589.42,576.54,563.94,551.78,539.68,528.1,516.57,505.2,494.08,483.19,472.22,461.89,451.71,441.7,431.85,422.1,412.44,403.25,394.42,385.59,376.97,368.49,360.31,352.33,344.44,336.77,329.19,321.85,314.54,307.38,300.4,293.42,286.7,280.17,273.79,267.64,261.63,255.75,249.86,244.12,238.52,233,227.53,222.3,217.17,212.15,207.39,202.63,198,193.45,188.82,184.35,179.97,175.76,171.73,167.77,163.76
8149.7,96903,4.3279e+05,97388,1.1856e+05,4.5429e+05,86583,6.738e+05,1.2408e+05,67931,82468,1.0848e+05,74439,1.2562e+05,63956,2.6085e+05,1.2878e+05,3.6778e+05,1.6224e+05,2.161e+05,1.7423e+06,2.4123e+05,3.397e+05,3.5989e+05,8.5984e+05,2.317e+05,2.2134e+05,1.7886e+06,1.0522e+06,5.0188e+05,8.0659e+05,2.8205e+05,3.1455e+05,2.7321e+05,5.5051e+05,1.3011e+06,5.6575e+05,4.1831e+05,1.1184e+06,6.3313e+05,9.2165e+05,4.387e+05,1.4124e+07,6.5709e+05,9.7125e+05,1.048e+06,4.603e+05,6.5791e+05,4.7947e+05,3.5982e+05,4.4047e+05,3.6573e+05,3.3254e+05,4.0523e+05,4.3762e+05,6.5101e+05,4.0235e+05,4.191e+05,5.022e+05,3.8306e+05,3.9892e+05,4.4463e+05,3.1003e+05,3.0749e+05,3.4622e+05,3.8482e+05,4.0761e+05,3.5306e+05,3.0388e+05,2.9854e+05,2.6804e+05,2.4805e+05,2.6479e+05,3.5405e+05,2.9196e+05,3.3567e+05,2.6641e+05,3.1276e+05,2.4008e+05,2.949e+05,2.9256e+05,2.6905e+05,2.9777e+05,3.6027e+05,2.4253e+05,2.3007e+05,1.9994e+05,2.2995e+05,2.1273e+05,2.0089e+05,2.0843e+05,1.8914e+05,1.828e+05,1.7585e+05,1.7822e+05,1.6505e+05,1.6854e+05,1.7105e+05,1.851e+05,1.7774e+05,1.6518e+05,1.6492e+05,1.4713e+05,1.5689e+05,1.4914e+05,1.5142e+05,1.4674e+05,1.4751e+05,1.3532e+05,1.4192e+05,1.3615e+05,1.2573e+05,1.2778e+05,1.2759e+05,1.124e+05,1.1811e+05,1.1265e+05,1.0787e+05,1.0652e+05,1.0401e+05,1.0125e+05,1.0173e+05,1.0794e+05,98639,1.0217e+05,98737,97187,99130,92665,87893,87610,89540,82938,81037,80996,77705,77452,74240,73698,68940,72860,68229,67317,67599,64872,61944,61323,59229,56774,54340,54699,51295,50678,49221,48335,47150,46444,45349,44342,44097,42642,42364,41940,40862,40010,38956,38019,36914,36224,35831,34623,34094,33959,32956,31670,30746,30114,29381,28961,27698,27067,26664,25939,25517,24720,24228,24094,23117,22620,22148,21663,21225,20636,20159,19738,19384,18800,18269,17950,17499,17213,16753,16475,15977,15616,15413,15010,14721,14361,14040,13690,13362,13112,12792,12471,12251,12015,11711,11462,11118,10936,10666,10516,10242,9973.9,9753,9500.8,9289.6,9128.3,8900,8666.7,8474.6,8360.8,8113.7,7943.8,7775.8,7598.5,7423.5,7263.8,7105.1,6948.5,6758,6608.2,6454.6,6306.6,6148.3,5980.6,5849.5,5723.7,5578.1,5450.9,5345.1,5193.1,5098,4987,4878.9,4758.4,4650,4545.5,4447.6,4343.2,4247.3,4138.9,4046.3,3963.1,3866.8,3785.2,3695.4,3613.5,3530,3444.8,3364.3,3292.9,3214.9,3139.4,3068.8,2999.7,2928.5,2865.8,2796.2,2733.8,2672.6,2609.1,2552.2,2495.7,2437,2378.9,2327.9,2273.8,2222.4,2170.3,2120.9,2070.4,2023.1,1976.4,1930.8,1888.4,1843.7,1803.6,1759.5,1720.1,1681.3,1641.1,1604.2,1569.3,1532.7,1498.4,1463.1,1430.4,1396.9,1366.1,1334.4,1303.6,1274.5,1245.8,1218.2,1190.3,1163.4,1137,1110.9,1085.9,1060.9,1036.6,1012.8,990.15,967.98,945.82,924.49,903.69,883.03,862.87,843.42,824.07,805.31,787.17,769.12,751.76,734.43,718.17,701.75,686.1,670.37,655.09,640.53,626.12,612.15,598.41,584.93,571.74,559.02,546.49,534.17,522.08,510.21,498.49,487.18,476.27,465.46,454.76,444.31,433.98,424.22,414.77,405.26,396.1,387.01,378.34,369.71,361.44,353.14,345.18,337.38,329.61,321.99,314.51,307.28,300.15,293.19,286.45,279.95,273.51,267.36,261.23,255.13,249.26,243.48,237.75,232.26,226.85,221.56,216.55,211.56,206.7,201.99,197.12,192.44,187.86,183.43,179.19,175.02,170.87
8085.8,96626,2.346e+05,7.6101e+05,1.2275e+05,3.0416e+05,1.0145e+05,1.6721e+05,2.9907e+05,82760,1.3494e+05,3.2609e+05,82818,5.3093e+05,1.0128e+05,1.5557e+05,2.6294e+05,1.983e+05,8.1764e+05,5.6391e+05,1.5979e+05,1.3583e+05,1.713e+05,4.9606e+05,2.4933e+06,4.2428e+05,3.8629e+05,2.3071e+05,1.3389e+05,4.7161e+05,5.5323e+05,6.9875e+05,2.9381e+05,1.914e+06,1.1892e+06,8.0386e+05,3.6471e+05,1.0999e+06,7.2957e+05,8.7996e+05,5.7397e+05,5.3995e+05,4.699e+05,6.4449e+05,4.6914e+05,5.0873e+05,1.0118e+06,3.6552e+05,3.3586e+05,4.7157e+05,3.5925e+05,4.8348e+05,4.1815e+05,7.2471e+05,5.5689e+05,4.8454e+05,4.3654e+05,5.3184e+05,3.0179e+05,3.8531e+05,3.9901e+05,3.3104e+05,3.3343e+05,3.5236e+05,4.0337e+05,2.9915e+05,3.2542e+05,3.0638e+05,3.0734e+05,2.8369e+05,2.8572e+05,2.5855e+05,2.7868e+05,2.721e+05,3.205e+05,3.1252e+05,2.7775e+05,3.6474e+05,3.7103e+05,3.4238e+05,2.5979e+05,2.8938e+05,2.9771e+05,2.7996e+05,2.4404e+05,2.4001e+05,2.3364e+05,1.9725e+05,2.0746e+05,1.9722e+05,1.7955e+05,2.0571e+05,1.983e+05,1.7739e+05,1.9067e+05,1.9398e+05,1.739e+05,1.8668e+05,1.7696e+05,1.868e+05,1.8467e+05,1.5429e+05,1.4939e+05,1.5658e+05,1.618e+05,1.5728e+05,1.424e+05,1.3641e+05,1.3394e+05,1.3655e+05,1.3572e+05,1.2545e+05,1.1866e+05,1.2513e+05,1.2257e+05,1.1994e+05,1.0837e+05,1.1362e+05,1.0649e+05,1.0416e+05,1.0855e+05,1.0181e+05,1.0021e+05,1.0339e+05,99183,98525,95039,90264,96039,89461,85179,84898,84611,82904,79211,81828,77653,75486,73809,73549,70999,69977,68654,64282,64573,62828,62002,59094,58473,56705,54201,51713,50786,48906,48452,47037,46216,44592,44165,44196,43212,42363,41401,40570,39128,38692,38365,37196,36782,35848,36099,34571,33458,32094,31959,31273,30238,29494,28686,28101,27307,26539,26030,25471,24553,24355,24055,23416,22446,22353,21688,21186,20666,20244,19762,19294,18745,18371,18096,17751,17190,16736,16469,16147,15629,15394,15087,14797,14425,13964,13749,13544,13058,12908,12594,12282,12009,11723,11528,11265,10976,10675,10503,10299,9979.6,9767.9,9528.2,9307.9,9089.8,8926,8698.4,8556.6,8324.9,8151.8,7979,7785.3,7641.8,7442,7274.8,7131.7,6989.3,6777.5,6631.2,6468,6340.6,6172.3,6032.9,5881.9,5761.2,5612.9,5494.4,5361.8,5244.5,5126.3,5001.3,4884.5,4779.3,4681.9,4568,4467.5,4370.7,4273.9,4179.1,4084.5,3988.6,3896.5,3805.8,3729.6,3646.6,3557.8,3478.2,3396.5,3323.8,3246.6,3172.9,3101.3,3031.6,2962.8,2897,2831.3,2770.2,2703.5,2643.7,2583.1,2526.3,2468.2,2411.3,2355.8,2300.8,2250.4,2199.3,2150,2101.1,2052.6,2009,1962.6,1915.6,1873.3,1831.5,1791.8,1750.6,1710.8,1671.4,1632.6,1595.7,1558.3,1524.3,1489.4,1456,1422.7,1389.4,1359.8,1328.5,1298.1,1269.1,1240.2,1212.7,1185.2,1158.5,1132,1106,1080.3,1056.5,1032.8,1009.1,986.13,963.36,942.14,920.81,899.98,879.9,859.36,840.12,820.72,801.89,783.8,765.97,748.74,731.61,715.17,698.78,682.86,667.36,652.3,637.39,623.04,609.21,595.26,581.85,568.76,555.93,543.57,531.08,519,507.13,495.53,484.46,473.42,462.54,451.82,441.34,431.28,421.57,411.96,402.49,393.28,384.35,375.78,367.27,358.92,350.78,342.77,334.93,327.22,319.6,312.17,304.93,297.87,291.01,284.43,277.91,271.6,265.41,259.21,253.25,247.34,241.53,235.95,230.47,225.1,220.02,214.99,210.05,205.19,200.29,195.49,190.88,186.37,182.08,177.88,173.62
12939,22690,20729,21859,20975,21942,21225,20013,18490,17713,15926,17981,17372,16205,17042,16127,15309,15210,14908,14759,14862,13516,14171,13946,13382,13372,12946,12859,13342,12611,12490,12470,12331,12344,11952,11990,11718,11879,11554,11277,11379,11099,11285,10846,10940,10847,10667,10719,10312,10374,10026,10023,9915.2,9720.8,9594.7,9540.1,9422,9453.7,9390.1,9250.7,9116,9076.2,9028.8,8992.3,8876.3,8845.6,8821.7,8684.3,8642.3,8605.5,8619.6,8403,8317.8,8278,8179.8,8121.4,8029,7993.7,7882.1,7771.5,7753.2,7690.2,7651.2,7565.9,7496.1,7444.2,7316.9,7262.8,7226.5,7137.1,7039.8,6991.4,6944.2,6856.3,6825.7,6771.5,6683.9,6650.8,6615.7,6547.5,6490.3,6443.2,6403.7,6356.3,6306.4,6252.3,6211.5,6162.1,6101.7,6049.6,6006.8,5940.7,5918.2,5852.5,5806.3,5744.3,5690.7,5641.8,5602.6,5553.8,5518.3,5472.1,5423.7,5382.8,5346.3,5306,5258.8,5210.5,5171.3,5138,5087.1,5047.4,5010.2,4974,4932,4894.9,4858.1,4823.8,4780.8,4752.7,4703.8,4676.6,4635.8,4594,4549.1,4524.8,4490.4,4454.4,4413.4,4371.9,4345.1,4314.7,4284.8,4255.5,4219.1,4183.8,4162.8,4127.9,4096.5,4062,4043,4005.1,3977.8,3949.5,3914.3,3877.8,3855.6,3826.1,3795.8,3768.6,3731.7,3704.8,3684.7,3649.4,3629.3,3597.5,3568.3,3546.5,3513.1,3482.1,3449.4,3429.6,3403.4,3381.2,3345.4,3322.5,3298.9,3268.7,3242.6,3222.3,3187.2,3166.8,3141.2,3116.1,3090,3066.4,3041.1,3015.9,2997.3,2966.8,2945.3,2920.7,2897,2872.9,2849.2,2828.1,2809,2781.4,2759.7,2738.8,2715,2694.6,2672.8,2651.8,2631.2,2608.5,2591.1,2565.2,2545,2521.6,2500.8,2483.9,2460.9,2437.1,2417.1,2396.3,2379.4,2357.3,2337.5,2316,2294.9,2273.7,2259.4,2235.8,2220.2,2201.4,2180.3,2161.4,2144.2,2123.6,2108.4,2087.3,2068.9,2051.4,2033.7,2016.5,1998.6,1982.1,1963.5,1946.2,1925.8,1909.8,1892.4,1873.1,1853.3,1836.7,1821.8,1808,1794.5,1778.4,1759.6,1741.1,1722.3,1704.9,1686.6,1671.2,1656,1641.3,1628.1,1611.9,1593.9,1576.8,1557.9,1540.9,1524.1,1510.7,1495.8,1481,1465.4,1450.3,1433.1,1415.7,1400.1,1383.4,1367.3,1352.6,1337.7,1322.1,1307.6,1291.3,1275.4,1258.4,1241.3,1226.7,1211,1195.7,1181.5,1166.4,1150,1134.6,1118.3,1103.5,1087.2,1072.2,1056.4,1041.8,1026.3,1011.5,996.93,982.39,966.7,952.79,937.44,923.41,908.42,894.41,880.14,866,852.36,838.34,824.81,810.32,796.51,782.78,769.17,756.07,742.67,730.05,717.35,704.41,692.01,679.06,666.74,654.17,641.83,630.09,618.35,606.78,595.4,584.18,573.08,561.68,550.86,540.23,529.76,519.28,508.99,499.02,489.1,479.39,469.84,460.36,450.99,441.68,432.5,423.69,415,406.43,397.9,389.46,381.07,373.12,365.26,357.6,349.97,342.52,335.3,328.19,321.16,314.28,307.48,300.87,294.25,287.79,281.37,275.14,269.04,263.09,257.24,251.59,246.11,240.64,235.3,230.01,224.81,219.7,214.66,209.8,205.09,200.42,195.97,191.54,187.19,182.95,178.62,174.44,170.34,166.4,162.6,158.85,155.11
10366,4.1593e+05,2.5319e+05,1.3683e+05,66292,2.1784e+05,1.0259e+05,1.0009e+05,1.2957e+05,3.2951e+05,1.6947e+05,69996,79943,1.7744e+05,1.0407e+05,1.8912e+05,5.3241e+05,1.283e+06,1.1721e+05,1.889e+05,2.2721e+05,1.8104e+05,3.3873e+05,5.6215e+05,3.4887e+05,9.1773e+05,5.5653e+05,4.7127e+05,2.3327e+05,5.8763e+05,2.4847e+05,3.117e+05,4.4953e+05,9.7841e+05,8.3359e+05,5.0217e+05,5.6769e+05,5.1389e+05,1.0044e+06,2.4331e+06,4.3096e+05,1.6525e+06,2.32e+06,8.9715e+05,2.1108e+06,8.5485e+05,3.2833e+05,1.0147e+06,6.052e+05,4.5776e+05,4.0274e+05,4.4691e+05,3.9217e+05,6.3386e+05,3.7914e+05,3.7595e+05,4.9363e+05,3.7935e+05,4.3804e+05,3.2439e+05,3.7306e+05,2.938e+05,4.9916e+05,3.3359e+05,2.9435e+05,4.3746e+05,3.3394e+05,3.1923e+05,3.0743e+05,2.6451e+05,3.3789e+05,3.2184e+05,2.5201e+05,3.3164e+05,3.1257e+05,2.6824e+05,2.7314e+05,3.1284e+05,3.3317e+05,2.8174e+05,3.8876e+05,2.694e+05,3.1869e+05,2.6493e+05,2.6617e+05,2.5012e+05,2.3033e+05,2.1344e+05,2.0874e+05,1.8954e+05,1.9413e+05,1.7776e+05,1.886e+05,2.0699e+05,1.9281e+05,1.7323e+05,1.7758e+05,1.7844e+05,1.7915e+05,1.6972e+05,1.4262e+05,1.5964e+05,1.7105e+05,1.595e+05,1.4464e+05,1.4394e+05,1.3781e+05,1.4135e+05,1.4181e+05,1.3797e+05,1.2538e+05,1.2762e+05,1.2319e+05,1.2756e+05,1.1835e+05,1.1995e+05,1.1206e+05,1.1307e+05,1.1207e+05,1.0068e+05,1.0532e+05,99132,1.0526e+05,1.0337e+05,1.0038e+05,1.0146e+05,99752,91957,93442,91643,85651,85084,80485,85260,78019,79923,77655,75483,73416,71824,72106,70096,65980,65420,64100,61607,60592,59691,56991,55539,53305,51327,51668,49725,46813,47259,46442,45087,45086,43716,41982,43242,40776,40802,39432,38333,37754,37662,36899,36457,35642,34405,33567,32736,31940,31137,30167,29323,28939,28293,27242,26694,25617,25516,24890,24109,23704,23156,22696,22260,21702,20981,20663,20212,20011,19411,18860,18516,17895,17545,17014,16736,16396,16042,15801,15377,15070,14663,14354,14118,13640,13424,13093,12779,12524,12224,12002,11745,11473,11138,10986,10733,10453,10264,9974,9739.5,9508.9,9308.2,9148.3,8903.7,8684.1,8493.2,8263.6,8122.3,7964.2,7747.6,7585.5,7395,7253.3,7088.4,6943.2,6777.4,6589.9,6467.9,6281.6,6166.9,6014.2,5867.4,5734,5592.4,5464.1,5357.3,5240.3,5113.6,4990.9,4888.8,4773.4,4660.9,4555.6,4457.3,4360,4260.9,4164.7,4066.2,3974.9,3886.1,3794.1,3710.6,3629.4,3551.9,3470.1,3393.8,3314.6,3242.3,3167.7,3091.6,3020.3,2957.3,2883.6,2818.7,2756.3,2694.8,2633.2,2573.8,2514.6,2459.8,2405.2,2348.4,2293.5,2243.9,2192.1,2144.3,2094.4,2045.3,2002.3,1956.6,1914.1,1867.6,1827.7,1784,1745.5,1705.3,1666,1628,1591.8,1554.7,1519.4,1485.5,1451.2,1418.4,1386.6,1354.7,1324.1,1294.8,1264.8,1236.8,1208.1,1181.4,1154.9,1128.1,1103,1077.7,1053.1,1029.3,1005.5,983.32,961.37,939.93,917.86,896.82,877.04,857.04,837.27,818.42,799.67,781.16,763.44,746.24,728.96,712.74,696.55,680.74,665.37,650.21,635.78,621.01,606.94,593.4,579.96,566.85,554.28,541.73,529.52,517.38,505.45,494.06,482.81,471.85,461.11,450.49,439.86,430.09,420.19,410.56,401.25,392.09,383.31,374.6,366.16,357.83,349.66,341.8,333.88,326.15,318.62,311.2,303.98,296.97,290.14,283.48,277.08,270.8,264.53,258.44,252.44,246.56,240.76,235.19,229.75,224.32,219.29,214.25,209.34,204.52,199.58,194.87,190.22,185.74,181.45,177.27,173.04
9949.5,1.2857e+05,3.4833e+05,1.369e+05,2.9213e+06,62455,1.1574e+05,85115,2.0826e+05,71536,4.0383e+05,2.1851e+05,89429,57937,1.1697e+05,7.92e+05,1.8657e+05,5.5605e+05,4.1794e+05,2.5562e+05,1.707e+05,2.0485e+05,2.1733e+06,3.9886e+05,4.0481e+05,5.7753e+05,2.2164e+06,9.6232e+05,4.1973e+05,6.6539e+05,6.1787e+05,3.62e+05,5.1742e+05,9.3349e+05,3.3367e+05,7.8186e+05,3.7197e+05,7.2131e+05,4.6915e+05,5.4176e+05,6.0603e+05,3.394e+05,6.5908e+05,1.4652e+05,1.1815e+05,1.1041e+05,72075,72505,52411,48786,43354,40930,35115,32855,29297,27097,25337,23672,22126,21054,19976,19653,18816,18050,17870,17398,16882,16559,16191,15966,15640,15484,15138,14898,14459,14246,14056,13772,13608,13214,13155,12909,12827,12613,12402,12198,12086,11889,11845,11581,11400,11294,11051,10928,10791,10732,10539,10475,10262,10224,10103,9994.2,9803.9,9745.8,9640.8,9553.6,9455.9,9268.1,9185,9053.5,8919.4,8833.2,8675.4,8597.9,8511.4,8385.3,8281.7,8216.5,8089.6,8051.6,7956.9,7885.5,7788.4,7702.6,7621.2,7556.6,7478.7,7414,7339.2,7302.5,7192.6,7147.2,7082.9,7009.8,6935.4,6879,6801.8,6754.8,6720.4,6636.6,6555.9,6478.4,6409.9,6327.9,6262.2,6213.3,6109.8,6056.8,5987.5,5928.5,5848.3,5809.7,5741.6,5669.3,5631.6,5574.8,5528.7,5480.8,5427.7,5361.5,5304.3,5264.9,5210.4,5166,5103.9,5044.1,4996.1,4951.9,4900.7,4846.9,4809.4,4755.8,4721.8,4678.4,4625.6,4586.1,4537,4500.3,4459.6,4418.3,4365.4,4327.3,4285.7,4238.7,4200.7,4160.8,4125.8,4086.7,4053.9,4013.6,3978.8,3932.2,3900.5,3858.6,3828.7,3790.7,3757.2,3716.5,3685.1,3649.6,3618.1,3588.9,3547.3,3520.7,3479.3,3454.9,3421.1,3398.9,3365.6,3337.4,3306,3276.5,3245.9,3215.1,3190.2,3160.5,3125,3103,3073.5,3048.7,3022.6,2995.1,2958,2930.9,2902.4,2878.3,2850.7,2827.2,2796,2768.1,2743.6,2718.7,2692.3,2665.5,2635.7,2613.8,2590.7,2564.4,2541,2512.1,2490.4,2467.1,2440.9,2414.9,2388.4,2362.8,2337.7,2313.2,2287.6,2264.9,2241.4,2219.3,2197,2172.1,2146.8,2125.3,2100.1,2077.3,2055.2,2032,2010.6,1987.5,1963.1,1945.1,1919.3,1897.2,1875.3,1853.2,1831.5,1810.8,1790.4,1768.7,1747.9,1726.5,1704.4,1683.9,1661.1,1640.4,1620.9,1600.8,1579.8,1559.8,1539.9,1519.6,1498.5,1479,1458,1438.6,1419.4,1398.7,1379.3,1361.1,1341.4,1322.2,1302.5,1283.6,1265.4,1246.6,1228.2,1209.3,1191.7,1173.1,1154.6,1136.1,1118.3,1100.9,1083.3,1066.2,1049.5,1032.6,1015.5,998.92,981.95,965.88,949.44,933.19,917.55,901.93,886.86,870.93,855.57,840.24,824.99,810.23,795.59,781.35,767.07,753.09,739.13,725.56,712.35,698.78,685.12,671.98,659.19,646.34,633.84,621.69,609.83,597.93,586.11,574.65,563.01,551.75,540.97,530.27,519.51,508.93,498.7,488.55,478.62,468.93,459.26,449.64,440.23,431.02,421.98,413.18,404.57,395.81,387.31,379.16,370.99,363.11,355.47,347.7,340.36,333.08,325.98,318.95,311.96,305.22,298.6,292.02,285.48,279.04,272.92,266.81,260.92,255.15,249.56,244.07,238.61,233.25,227.96,222.81,217.64,212.75,207.95,203.22,198.69,194.23,189.8,185.51,181.11,176.87,172.73,168.75,164.88,161.09,157.31
5358.7,10821,11218,12460,11320,12820,10872,10387,10807,11220,10047,10548,10841,10260,10411,9797.2,10249,10229,9854.8,9787.6,9821.3,9571.3,9863.5,9503.4,9974.7,9805.9,9503.1,9422.9,9398,9297.5,9303,9204,9123.1,9186.3,9285.1,9033.3,9096.4,8970,8794.8,8831.3,8714.1,8840.2,8716.3,8653.2,8516.2,8662.4,8502.3,8525.2,8382.2,8316.2,8211.8,8293.2,8139.1,8023.8,8097.8,8036.5,8006,7944.1,7893,7800.2,7860.3,7850.5,7763.7,7746.1,7760.1,7713.8,7689.8,7627.6,7568,7601.3,7521.4,7498.2,7467.8,7437,7387.2,7365.9,7344,7259.3,7222.6,7214.9,7178.1,7142.5,7107.1,7060.1,7036.3,6999.8,6975.8,6888.5,6880,6832.6,6763.8,6732.2,6735.1,6702.4,6674.4,6629.4,6594.9,6584.2,6544.3,6521.7,6479.8,6429.5,6436.8,6397.8,6370.4,6358.8,6308.5,6281.5,6271.3,6231.3,6206.4,6167.9,6135.5,6091.3,6081.4,6039.3,6004.5,5968.8,5938.7,5924.8,5877.8,5860.2,5839.4,5804.9,5792.1,5746.5,5736.6,5717.3,5680.2,5668.2,5619.6,5603.3,5577.4,5563.5,5520.3,5497.1,5491,5460,5428.2,5411.8,5388,5366.6,5338.3,5300.9,5291.2,5247.8,5218.8,5198.1,5174.4,5142.2,5122.6,5103,5066.6,5051.2,5031.8,5008.9,4987.5,4965.2,4940,4911.3,4897,4868.2,4846.7,4825.4,4807.7,4771.3,4755.6,4734.8,4713.6,4696,4659.4,4646.6,4627.3,4594.5,4581.6,4556,4530.5,4521.2,4494,4471.4,4442.4,4430.7,4401.8,4385.9,4357.9,4342.9,4322.2,4304.5,4287.8,4254.7,4237.5,4225.3,4184.3,4175.4,4147.3,4126.6,4106.2,4084.6,4061.3,4045.3,4010.6,4002.8,3978.1,3959.3,3931.5,3915,3889.7,3882.1,3850.1,3835.2,3810.4,3789.7,3769.7,3744.1,3725.1,3705.9,3682.2,3660.3,3643.4,3617.4,3593.1,3574.5,3533.9,3520.4,3502.6,3472.2,3453.3,3425.7,3392.9,3370.5,3343.7,3324.4,3303.8,3276.2,3248.2,3222.1,3204.4,3170.1,3151.6,3117.7,3095.7,3070.2,3037.3,3008.6,2983.8,2954.4,2926.1,2899.6,2869.5,2835.7,2808.1,2778.5,2752.4,2721.1,2691.2,2664.1,2631.3,2603.4,2574.4,2542.9,2512.9,2483.8,2455,2422.6,2391.7,2362.3,2332,2300.7,2269.8,2238.9,2209.7,2179.5,2148.5,2117.9,2086.2,2056.3,2025.2,1995.3,1963.1,1935.7,1905.9,1874.2,1846.2,1815.4,1786.9,1758.8,1727.9,1698.7,1670.5,1642.2,1613.7,1586.3,1557.1,1530.8,1503.4,1476.5,1449.9,1423.2,1397.8,1371.6,1346.7,1321.3,1295.7,1271.6,1246.2,1222.4,1199.3,1175.3,1151.8,1129.7,1108.1,1085.7,1063.9,1042.6,1021.9,1001.7,980.69,961.27,941.52,922.2,903.15,884.13,866.26,847.9,829.89,812.9,795.76,779.19,762.51,746.55,730.89,715.15,699.8,684.7,670.11,655.65,641.57,627.66,614.13,601.11,588.02,575.26,562.83,550.68,538.79,527.11,515.63,504.3,493.43,482.69,472.17,461.89,451.76,441.81,431.97,422.4,413.12,404.03,394.89,386.04,377.31,368.93,360.81,352.81,344.97,337.3,329.79,322.46,315.39,308.33,301.38,294.76,288.08,281.49,275.04,268.82,262.71,256.68,250.84,245.22,239.72,234.35,229.02,223.74,218.65,213.54,208.59,203.8,199.1,194.51,190.15,185.78,181.51,177.35,173.12,169,165,161.14,157.42,153.76,150.12
13005,8622.2,9336.1,8693.9,9067.6,8252.2,9049.5,8174.3,8643.3,8149.4,8068.8,8369.2,8159.8,8055.5,7680.7,8272.5,7555,7882.6,7715.4,7614.4,7600.9,7386,7571,7361.7,7670.6,7216.3,7219.1,7180,7217.7,7248.7,7193.9,7139.9,7166.5,7064.9,6875.1,6777.9,6832.7,6732.4,6782.8,6713.6,6712,6725.9,6595.4,6511.6,6535.5,6483.2,6496.3,6450.7,6377.6,6302.1,6238.9,6252.7,6160.6,6114.3,6108.3,6107.9,6002.1,6035.6,5981.2,5949.4,5898.5,5872.6,5868.6,5830.9,5833.4,5794.4,5781.7,5748.7,5731.1,5704.3,5684.5,5658.5,5615.7,5583.4,5554,5519.6,5502.9,5467.4,5430.3,5377.5,5364.3,5361.1,5340.1,5327.7,5288.1,5240.5,5225.1,5170.2,5164.5,5121.4,5090.4,5068.9,5052.5,5020.1,4998.7,4967.2,4946.9,4933.4,4910,4881.9,4857,4821.9,4813.4,4794.6,4774.8,4762.1,4728.1,4708.7,4690.1,4661.7,4642,4617.8,4575.8,4571.8,4537,4525.4,4485.6,4474,4458.2,4424.9,4410.2,4395.6,4372.1,4352.1,4336.4,4306.6,4288.9,4274.7,4261.2,4232.3,4216.4,4194,4178.8,4158.7,4142.6,4128.4,4098.3,4081.3,4071.4,4046.7,4037.8,4009.2,3985.2,3972.3,3947.8,3933,3916.3,3904.4,3878.9,3862.1,3837,3826.5,3814.4,3780.8,3775.6,3753.4,3744.8,3721.1,3703.8,3690.6,3671.3,3654.1,3635.2,3626.6,3613.6,3591.4,3575.7,3556.8,3539.2,3530.5,3512.2,3492.4,3484.8,3465.2,3444.4,3430.7,3415.4,3403.7,3386.7,3370.3,3358.2,3337.5,3327.4,3313.8,3292.4,3277.6,3270,3253.8,3235.9,3220.1,3214,3196.2,3177.7,3164.7,3148.8,3135.7,3120.3,3108.8,3095.1,3076.2,3064.9,3052.8,3039.1,3023.8,3011.5,3001.6,2985.7,2974.9,2962,2945.8,2936.1,2918.1,2904.7,2890.2,2882.2,2862.5,2854.7,2839.7,2827.9,2811.2,2796.8,2787.3,2768,2753.8,2736.5,2725,2704.7,2696.9,2678.6,2664.6,2650.6,2634.2,2620.9,2602.4,2587.8,2573.9,2559.6,2543.6,2527.3,2511.4,2494.1,2479.9,2463.4,2443,2431.6,2412.3,2393.9,2375.4,2356.6,2339.8,2321.6,2303.5,2283.8,2267.1,2249.8,2230.7,2214.4,2193.2,2175,2155.3,2135.8,2115.1,2095.2,2077.7,2058,2035.8,2017.1,1995.8,1973.1,1954,1933,1911.7,1891.1,1868,1846,1824.1,1802.7,1781.7,1760.6,1737.6,1716.4,1693.4,1670.4,1648.6,1626.6,1604.7,1583,1559.9,1538.1,1515.2,1493.3,1471,1449.1,1426.6,1405,1382.3,1361.4,1339.8,1317.8,1296.2,1275,1253.8,1231.9,1210.4,1189.6,1169.2,1148.2,1128.6,1107.8,1088.9,1068.7,1049.1,1030,1010.1,991.82,973.29,954.57,936.46,918.96,900.69,883.63,865.96,848.84,831.97,815.71,799.19,783.32,767.74,752.21,737.12,722.29,707.25,692.3,678.12,663.91,649.97,636.3,623.06,610.12,597.31,584.67,572.37,560.37,548.25,536.72,525.19,513.99,502.98,492.12,481.73,471.35,461.15,450.97,441.26,431.49,422.07,412.81,403.85,394.87,386.09,377.41,369.13,360.97,353,345.19,337.4,329.98,322.79,315.62,308.57,301.7,294.95,288.36,281.81,275.35,269.04,262.95,256.96,251.12,245.44,239.96,234.57,229.21,223.91,218.8,213.73,208.71,203.91,199.23,194.63,190.21,185.87,181.57,177.39,173.14,169.01,165,161.13,157.38,153.75,150.07
20862,7347,7452.6,7548.2,7278.3,7256.6,7476.4,6339.6,6710.3,6722.6,6879.7,6687.1,6510.6,6729.6,6636.3,6585.8,6676.1,6733.6,6483.5,6433.3,6458.5,6486.7,6220.1,6115.4,6161.9,5946.3,5986.6,6088.5,5837.7,5968.8,5927.3,5849.8,5855.9,5810.3,5738.7,5773,5687.1,5671.1,5624.4,5519.7,5602.5,5522,5462.6,5462,5399.8,5371.9,5333.8,5339.2,5307.1,5279.3,5205.5,5197.8,5147.3,5097.2,5111.4,5061.2,5034.7,5025,4943.5,4955.5,4902.3,4893,4892.6,4849.2,4828,4812.6,4790.5,4780.8,4736.3,4728.6,4689.8,4663.9,4647.8,4635.1,4601.1,4573.4,4546.1,4519.3,4492.6,4473,4440.9,4429.7,4407.4,4384.6,4364,4331.3,4311.6,4285.3,4249.6,4219.9,4202.7,4182.8,4173,4143.6,4116.7,4103.5,4084.8,4066.4,4048.8,4024.6,3998.3,3979.7,3970.9,3946,3928.1,3912.3,3885.6,3875.2,3856.1,3829.8,3811.5,3794.6,3780.3,3750,3732.7,3716.4,3689.5,3666.2,3650.9,3639.4,3613.6,3600.4,3588.2,3569.3,3544.7,3527.5,3519.7,3494.9,3480.8,3458.8,3443.9,3431.1,3413.4,3395.4,3377.1,3358.7,3348.4,3329.8,3307.8,3296.2,3275.8,3269.5,3243.7,3221.7,3212,3190.9,3175,3159.5,3142.8,3126.1,3108.3,3094.3,3075.7,3059,3047.1,3031.4,3008.7,2991.8,2980.8,2966.7,2950.1,2932.4,2921.2,2903.8,2886.3,2871.6,2858.2,2840.9,2826.7,2810.7,2796.8,2784.4,2770.8,2754.9,2735.7,2728.1,2706.8,2698,2677.3,2664.5,2648.3,2635.7,2617.5,2602.3,2589.5,2579,2561.7,2547.3,2536,2520.6,2508.3,2493.2,2478.9,2466.7,2454.3,2436.9,2422.7,2411.6,2394.9,2385.4,2368.6,2354.8,2344.1,2330.3,2318.1,2304.6,2297.8,2279.3,2266.6,2255.5,2243.3,2229.1,2218.3,2203.8,2192.6,2180.3,2167.8,2155.8,2142.4,2130.6,2117.5,2105,2094.6,2080.7,2070.6,2057.1,2042.7,2031.5,2020,2004,1994.5,1983.5,1970,1957.7,1945.2,1933.3,1922.1,1910.2,1897.8,1885.1,1873.2,1862.8,1849.1,1836.1,1825,1811.7,1798.5,1787.9,1774.4,1761.4,1748.8,1737.6,1724.9,1712.1,1699.7,1687.5,1675.3,1661.2,1649.8,1635.8,1623.8,1611.4,1599.2,1587,1573.3,1562.3,1548.6,1535.8,1521.6,1509.9,1496.1,1482.9,1470.3,1457.2,1444,1430.2,1417.2,1403.7,1390.3,1376.2,1362.3,1349.3,1336.7,1322,1308.1,1293.7,1280.1,1266.6,1251.9,1238.4,1224.4,1210,1195.9,1182.2,1167.3,1153.5,1139,1125,1110.7,1096.1,1081.8,1067.5,1053.3,1038.7,1023.9,1009.4,995.71,980.97,966.67,952.61,938.5,924.78,910.89,897.02,883.31,868.83,855.24,842.13,828.57,814.91,801.06,788.03,774.73,761.51,748.48,735.37,722.61,710.01,697.47,685.16,672.85,660.5,648.46,636.37,624.38,612.69,601.29,589.96,578.67,567.8,556.75,546.14,535.49,525.01,514.75,504.76,494.78,484.92,475.08,465.84,456.5,447.19,438.12,429.05,420.03,411.49,402.95,394.59,386.25,378,369.96,362.24,354.54,347.08,339.6,332.42,325.24,318.43,311.65,304.92,298.29,291.9,285.45,279.14,272.96,266.9,260.94,255.16,249.51,243.99,238.66,233.44,228.2,223.09,218.03,213.08,208.18,203.47,198.87,194.33,190.03,185.71,181.5,177.39,173.18,169.11,165.14,161.32,157.61,153.99,150.34
8821.9,6013.2,6188.6,5827.4,6139.4,5829.7,5584.6,5758.5,5617.8,5213.6,5490.2,5625.4,5308.3,5108.1,5448.9,5312,5270.9,5209.7,5233.7,5108.3,5085.3,4916.6,4954.8,5078.1,4860,4788,4850.1,4878.4,4828.9,4769,4753.6,4751.1,4673.4,4660.8,4589.7,4625.6,4552.1,4480.8,4504.2,4493.8,4455.6,4433.4,4370.7,4388.8,4332.6,4307.6,4291.5,4264.1,4216.3,4211.9,4158.2,4140.1,4108.7,4081.8,4022.3,4026.3,3995.1,3982.8,3972,3943.1,3923,3906.4,3892,3873.2,3848,3840,3813,3786.2,3783.6,3765.7,3728.3,3709.2,3703.9,3674.9,3653.4,3631.9,3610.2,3597.9,3574.6,3550.7,3531.5,3517.8,3494.1,3481.3,3463.2,3440.1,3428.3,3405.4,3379.7,3363.8,3343.1,3322.3,3319.4,3297,3278.8,3264.7,3240.6,3218.5,3203.2,3191.7,3183.8,3170.5,3150.2,3139.5,3126.5,3109,3092.4,3077.4,3060.9,3041.2,3030.2,3015.6,3002.6,2986.6,2969.8,2952.6,2940.5,2921,2906.2,2890,2880.4,2871.3,2861.4,2848.5,2832.7,2817.8,2804.5,2787.2,2773.5,2759.2,2746.8,2734.2,2722.8,2713.6,2701.8,2690,2676.9,2661.6,2649.7,2636.7,2624.8,2609.5,2598,2586.1,2574.7,2561.9,2548.3,2533.2,2521,2510.7,2495.8,2486.3,2471.6,2465,2447.4,2439.3,2427.8,2415.6,2403.2,2394.4,2381.5,2370.9,2363.2,2349.4,2338.3,2326.6,2312.5,2301.9,2292.4,2281.7,2270,2256.5,2248,2240.2,2226.9,2215.6,2205.1,2193.6,2182,2173.3,2162.5,2152.3,2140.6,2131.2,2121.5,2109.6,2098.8,2089.1,2078.8,2069.9,2059.5,2052.4,2040.8,2030.3,2022.1,2010.1,2000,1989.5,1980.1,1970.3,1961.6,1953.4,1943.9,1934.6,1923.6,1916.8,1907.8,1898.5,1888,1879.3,1869.8,1862.2,1852.5,1843.9,1833.8,1826.5,1818.5,1810,1799.8,1790.7,1782.9,1772.6,1764.9,1758.5,1749.3,1738.5,1729.6,1721.3,1712.5,1704.3,1695,1685.6,1678.6,1667.8,1661.4,1652.9,1643.9,1636.6,1629.1,1619,1610.8,1602.8,1593.2,1585,1577.3,1569,1559.7,1551.2,1541.7,1534.2,1524.3,1515.8,1505.5,1498.8,1489.5,1481.6,1472.5,1463.7,1453.8,1444.4,1436.3,1426.9,1417.6,1409.7,1399.2,1390.1,1380.9,1371.3,1361.5,1352.5,1343.5,1332.9,1324.2,1314.7,1304.5,1294.3,1283.7,1275.1,1263.9,1253.7,1242.2,1233.3,1222.7,1211.6,1200.8,1189.7,1179.7,1167.9,1157.2,1145.7,1135.1,1123.4,1112.4,1101.4,1089.1,1078.1,1066.4,1054.2,1042.5,1031,1019.1,1006.8,994.84,982.28,970.71,958.13,945.94,933.74,921.35,909.15,897.11,884.63,872.48,860.27,848.14,835.52,823.57,811.48,799.7,787.18,774.83,762.58,750.77,738.62,726.76,715.06,702.93,691.31,680.03,668.54,657.01,645.48,634.28,622.82,611.79,600.59,589.89,579.12,568.67,558.09,547.88,537.51,527.43,517.42,507.56,497.82,488.3,478.78,469.41,460.31,451.28,442.33,433.44,424.64,415.96,407.48,399.27,391.08,382.98,374.93,367,359.44,351.96,344.56,337.29,330.15,323.2,316.37,309.73,303.13,296.55,290.23,283.88,277.7,271.55,265.53,259.66,253.94,248.29,242.87,237.56,232.38,227.22,222.09,217.11,212.17,207.29,202.61,198.05,193.51,189.25,184.98,180.76,176.7,172.49,168.44,164.48,160.68,157.02,153.39,149.78
5697.7,6442.2,6446.7,6444.5,6662.4,6633,6737.9,6085.2,6137.8,5635.5,6080.7,6234.9,5791.6,5825.2,5842.7,5812.2,5815,5875.6,5598.2,5541.3,5573.7,5384.8,5550.4,5344.4,5343.4,5373.1,5347.5,5303.7,5156.8,5222.3,5230,5260.5,5172.8,5110.2,5042.8,5038.1,4973.4,5020.9,4975.5,4927.9,4970.5,4884.2,4817.3,4838,4815.7,4797.1,4743.9,4705.2,4677.5,4626.8,4603.4,4553.9,4517.3,4518.4,4486.3,4454.6,4429,4408.3,4380.1,4377.2,4338.9,4335.2,4323.4,4285.2,4262.4,4256.9,4225.6,4212.3,4190.4,4174.4,4156.9,4129.1,4121.6,4092,4076.1,4052.1,4027.5,3985.7,3976.5,3961.6,3927,3927.2,3910.7,3882.3,3856.7,3839.8,3817.3,3789.6,3771.9,3744.1,3719.8,3702.9,3678.4,3677.6,3654.5,3630.9,3617.2,3605.2,3583,3570.1,3542.4,3528.5,3511.9,3500,3485.9,3468.9,3452.3,3432.2,3411.8,3403.9,3381.7,3364,3349.8,3333.5,3315.2,3301.6,3280.9,3267.1,3252.6,3229.8,3215.4,3201.9,3191.4,3173,3158.5,3146.7,3127.7,3114.3,3090.9,3082.1,3068.1,3049.2,3037.5,3023.2,3011.9,2996.9,2983.7,2967.1,2951.7,2940.1,2923.8,2907.5,2896.3,2882.7,2870.1,2853.6,2839.1,2821.1,2809.5,2797.9,2778.8,2768.8,2754.5,2742.2,2726.4,2711.2,2702,2685.9,2675.6,2654.1,2643.8,2633.6,2622.2,2605.8,2589.4,2580.8,2566.8,2550.5,2540.3,2526.3,2515.6,2498.6,2491.2,2474.4,2461.3,2453.1,2435.6,2424.7,2409.3,2398.9,2384.7,2373.6,2360,2349.2,2334.3,2320.4,2310.2,2298.2,2286.3,2275.6,2262.9,2251.2,2235.2,2225.8,2213.3,2200.9,2189.6,2177.8,2164.4,2154.9,2144.2,2131.1,2118,2107.5,2095.1,2085.6,2073.2,2064.2,2052.6,2038.6,2028.1,2016.7,2005.5,1994.9,1984.9,1974.5,1965.5,1950.1,1939.7,1931.7,1919.7,1909.9,1897,1888.2,1875.7,1863.1,1852.2,1841.7,1831.9,1820.8,1810.7,1798.5,1788.7,1778.6,1768.1,1756.8,1745.3,1736.3,1725.6,1713.5,1703.7,1693.2,1684,1671.1,1661,1649.6,1640.2,1625.8,1618.5,1607.7,1596.6,1585.1,1575.7,1564.2,1553.2,1543.3,1530.9,1520.8,1511.1,1499.6,1489.3,1476.9,1466.4,1456.9,1443.9,1433.6,1423.1,1413.1,1401.7,1390.1,1379.5,1368.8,1356.8,1345.3,1334.1,1322.8,1311.8,1300.3,1289.8,1277.6,1265.9,1254.5,1242.7,1230.7,1218.9,1207.1,1195.1,1182.7,1170.8,1159.2,1147.2,1134.7,1122.7,1110.5,1098.3,1086.1,1073.8,1061.4,1049.2,1036.3,1023.6,1011.2,998.52,985.86,973.29,960.84,948.19,935.53,922.69,910.62,898.3,885.24,872.83,860.54,847.92,835.95,823.09,811.36,799.08,786.42,774.44,762.25,749.87,737.73,725.89,713.97,701.82,690.66,678.88,667.55,656.08,644.65,633.31,622.19,610.88,599.88,589.06,578.41,567.87,557.27,547.28,537.04,526.8,516.91,507.11,497.37,487.81,478.51,469.17,460.15,451.14,442.21,433.39,424.55,415.96,407.55,399.26,391.2,383.12,375.07,367.14,359.58,352.22,344.78,337.6,330.37,323.54,316.8,310.09,303.52,296.99,290.65,284.36,278.17,272.02,266.05,260.16,254.47,248.84,243.44,238.13,232.94,227.77,222.7,217.65,212.73,207.87,203.2,198.58,194.11,189.84,185.54,181.37,177.25,173.08,169.02,165.06,161.24,157.58,153.95,150.32
15079,7091.3,6991.6,7089.8,6874.8,7332.8,6850.2,6887.1,6723.8,6389.8,6636,6405.8,6371,6237.7,6044.8,6334.8,6096.8,6029.9,6131.8,6125.9,5863.1,5671,5658.1,5703.3,5653.6,5649.4,5525.1,5578.4,5576.5,5540.6,5402.9,5369.7,5335.5,5363.6,5310.4,5205,5184.1,5155.8,5162.1,5121.1,5121.1,5028.6,4978.5,5015.6,4951.4,4909.2,4880.8,4864.1,4800.3,4734.6,4693.9,4659,4603.7,4559.4,4553.6,4524.5,4498.9,4472.8,4436.4,4402,4390.8,4336,4313.3,4308.8,4274.6,4260,4233.6,4218.3,4188.8,4155.3,4138.8,4104.9,4085.9,4050.7,4021.8,3998.2,3970.9,3949.8,3921.3,3894.7,3864.9,3847.5,3841.1,3806.6,3785.7,3762.8,3728.1,3706.9,3677.1,3645.9,3627.9,3607.3,3581.5,3566.7,3538.8,3533.9,3510,3485.1,3467.9,3449.5,3425.7,3402.6,3389.9,3369.8,3358.1,3333.4,3316.1,3294.7,3277.6,3262.1,3241.7,3222.3,3208.8,3178.6,3168.1,3143.9,3129.9,3107.5,3091.8,3074,3061.8,3041.9,3029.3,3012.2,2998,2982.1,2964.9,2954,2929.6,2918.1,2904.3,2888.3,2869.3,2855.8,2841.9,2828.6,2816.9,2801.3,2787.7,2770.4,2758.3,2741.3,2727.2,2710.8,2701.9,2682.9,2667.4,2653.6,2638.6,2626.6,2612.4,2597.5,2585.1,2571.5,2560.7,2544.3,2530.3,2517.5,2509.2,2492.7,2479.8,2467,2455.3,2442.5,2429,2415.8,2404.1,2391.8,2377.2,2366.6,2352.4,2340.7,2328.4,2319.3,2303,2291.4,2280.2,2269.6,2257.8,2244.4,2232.4,2221.3,2208.8,2196.2,2186.8,2174.4,2160.9,2151.8,2140.3,2128.3,2115,2107.3,2095.3,2085.6,2074.5,2062.3,2048.6,2039.2,2028.2,2017.7,2006.8,1994.7,1987.2,1975.9,1965.2,1954.3,1946.2,1933.7,1923.3,1916,1905.2,1894.4,1882.9,1876.8,1863.4,1854.1,1843.9,1836.1,1825.8,1815.2,1806.8,1794.1,1783.6,1773.8,1767.3,1756.1,1747,1738.4,1727.6,1718.6,1707.6,1698.6,1688.6,1680.8,1671,1663.4,1652.9,1642.8,1634.1,1623.5,1616.1,1604.2,1597.3,1587.1,1578,1567.4,1559.1,1548.3,1539.4,1529.4,1520.8,1511.5,1500.9,1491.7,1483.3,1473,1463.9,1454.6,1444.5,1434.1,1425.9,1416,1407,1397.3,1388,1377.7,1367.6,1358.8,1348.8,1338.5,1328.9,1319.2,1308.9,1298.3,1288.5,1278.2,1268.5,1257.9,1247.5,1237.6,1226.3,1215.9,1204.9,1194.7,1183.8,1173.7,1162.7,1150.8,1140.3,1129.2,1118.5,1106.8,1095.6,1084.3,1073.1,1062.2,1050.2,1038.7,1027.5,1015.3,1003.5,992.13,980.06,968.33,956.8,944.66,932.66,920.6,908.65,896.79,884.88,872.95,860.78,849.07,837.01,824.96,813.36,801.68,789.84,778.05,765.96,754.59,743.01,731.18,719.21,707.8,696.44,685.04,673.75,662.64,651.5,640.31,629.51,618.34,607.52,596.8,586.05,575.58,565.26,555.07,544.97,535.01,525.06,515.29,505.53,496,486.61,477.29,468.31,459.25,450.33,441.57,432.79,424.1,415.45,407.16,399.03,391.02,382.93,375.02,367.16,359.63,352.35,344.99,337.73,330.63,323.78,317.03,310.42,303.86,297.35,291.02,284.78,278.59,272.43,266.49,260.62,254.91,249.34,243.91,238.61,233.45,228.27,223.15,218.17,213.24,208.36,203.7,199.13,194.62,190.37,186.07,181.85,177.79,173.59,169.52,165.58,161.74,158.08,154.44,150.79
29425,11716,13412,12721,12242,14533,14343,12195,12439,12212,11532,10428,11597,10617,11233,11066,10936,10803,10544,10321,10290,10096,10348,10193,9620.1,10030,9774.2,9889.6,9217.2,9892.3,9761.1,9512.9,9010.6,9209.6,9310.3,9091.1,9137.6,8893.5,8790.8,8968.1,8895.8,8667.4,8682.4,8660,8462,8441.1,8321.6,8380.8,8226.3,8017.6,8058.9,8041.1,7979.5,7904.2,7790.6,7722.5,7659.7,7656.2,7634.6,7492.3,7504.1,7450.1,7433.1,7411.5,7312.3,7307.9,7226.4,7214.3,7198.7,7087.5,7091.1,7023.5,6985.9,6930.6,6870.3,6824,6771.9,6719.2,6667,6624,6578.1,6534.1,6507.8,6465,6408.2,6388.9,6324.1,6251.7,6205.4,6164.5,6117.3,6054,6017.2,5990.4,5935.6,5927.8,5876.4,5835,5815,5755.1,5732.8,5695.6,5655.1,5634.7,5594.6,5549.5,5540.3,5498.7,5455.7,5411.4,5382.6,5341.5,5317.8,5275.4,5240.5,5208.8,5174.7,5127.2,5103.7,5056.8,5033.8,5015.9,4970.6,4945.8,4917.6,4875.8,4848.1,4832.5,4800.2,4775.7,4750.6,4712.5,4685,4657.7,4622.2,4602.9,4565.4,4540.8,4509.4,4486.2,4458.2,4434.8,4395.9,4359.2,4338,4307.6,4276.8,4247.5,4218.7,4191.5,4152.6,4121,4093.9,4069.8,4042.3,4018,3985.2,3960.4,3944.8,3917.3,3885.3,3860.5,3837,3812.9,3784.8,3756.1,3733.1,3708,3689.5,3658.8,3635.6,3603.9,3584.7,3559.2,3540.1,3509.2,3484.8,3464,3440.7,3415.5,3391,3368.3,3346.7,3320.3,3300.6,3278.4,3254.8,3229.7,3210.6,3186,3171.1,3148.3,3129.4,3102.8,3082.9,3059.4,3044.3,3022.7,2997.2,2978.1,2957.5,2938,2916.5,2895.6,2875.6,2853.9,2835.9,2822.5,2797.6,2782.1,2766.7,2746.4,2727,2706,2687.6,2671.2,2650.2,2632.4,2611.9,2597.1,2576.6,2559.1,2542.3,2522.3,2503.6,2483,2466.9,2453.2,2431.5,2415,2396.3,2381,2361,2347.2,2328.1,2310.5,2291.7,2275.1,2258.5,2241.3,2228.5,2209.6,2192.4,2175.4,2156.3,2139.3,2121.1,2107.5,2088.2,2072.9,2055.7,2038.9,2021.4,2004.9,1987.1,1970.4,1955.3,1936.7,1919.5,1904.1,1886,1871.4,1854,1836.2,1819.6,1803.3,1785.5,1767.9,1753.6,1735.3,1718.1,1701.3,1686.3,1665.8,1650.7,1631.3,1614.4,1598.8,1581.9,1564.2,1546.8,1528.9,1511.6,1493.7,1476.2,1459.5,1442.4,1424.6,1406.3,1388,1372,1354.7,1336.2,1319.6,1301.3,1284,1266.2,1250,1232.5,1214.3,1197.1,1179.2,1161.7,1144.6,1127.2,1109.8,1092.9,1075.3,1058.6,1042.2,1025.7,1009,992.55,976.61,960.08,944.64,928.11,912.34,896.85,881.28,865.63,850.2,835.23,820.13,805.09,790.59,775.91,761.64,747.73,733.63,719.94,705.98,692.44,679.09,665.78,652.76,639.93,627.69,615.29,603.14,591.26,579.25,567.61,556.29,544.91,533.98,523.1,512.25,501.79,491.69,481.47,471.59,461.77,451.96,442.16,432.95,423.82,414.87,405.92,397.08,388.47,380.16,371.97,364.02,356.1,348.35,340.84,333.54,326.33,319.23,312.19,305.38,298.6,291.88,285.32,278.95,272.68,266.57,260.53,254.78,249.18,243.65,238.1,232.73,227.43,222.19,217.09,212.13,207.31,202.56,198.02,193.52,189.11,184.82,180.41,176.15,172,168.02,164.15,160.36,156.56
19547,7925,8147.1,7865.7,8083,7528.7,7966.6,7538.8,8266.9,7223.2,7291,7347.7,7479.4,7513.6,7098.5,7197.1,7407.7,7022.8,7030.2,6809.1,7025.2,6826,6819.4,6784.7,6625.7,6484.3,6575.9,6555.6,6405.9,6416.3,6456.5,6325.3,6342.6,6303.3,6312.6,6206.4,6173.7,6157.3,6048.3,6153,6034.8,6076.7,5967.8,5945.4,5920.5,5864.4,5826.2,5830,5747.8,5712,5631.7,5610.8,5576.4,5539.6,5520.3,5466.6,5465.3,5410.9,5405.3,5354.2,5352.2,5298.5,5294.3,5260.4,5217.1,5241.7,5180.1,5167.7,5147.4,5111.9,5092.9,5029.1,5055.5,5016.2,4987.7,4963.1,4934.9,4911.9,4866.7,4855.8,4819.1,4807.1,4810.8,4768.7,4734.5,4701.9,4651.4,4599.1,4565.8,4563.8,4574.6,4569.6,4543.3,4497,4454.9,4409.1,4415.4,4382.6,4364,4353.2,4342.7,4315.2,4300.5,4285.6,4241.9,4207,4182,4159.3,4150.6,4155.4,4153.5,4117.9,4090.1,4053.8,4019.4,3994.3,3973.3,3959.1,3933.8,3931.3,3918.4,3898.1,3880.5,3852.5,3821.8,3797.2,3778.3,3762.2,3746.8,3739.8,3721.2,3711.4,3684.2,3668.1,3649.4,3622.1,3602.1,3581.9,3568.5,3554,3535.3,3531.5,3508.3,3484.9,3461.4,3438.2,3421,3402.9,3379.6,3366.2,3351.4,3336.6,3322,3299.8,3281.7,3255.4,3237.8,3223.7,3209.4,3195.2,3181.3,3167.1,3147,3128.4,3110.2,3090.6,3075.1,3054.4,3038.5,3027.6,3010.4,2997.6,2980.7,2962.7,2946,2926.9,2910.5,2898,2876.5,2860.7,2846.5,2833.5,2821.5,2803.3,2785,2767.2,2752.2,2738.2,2721.2,2711.5,2695.1,2681.3,2667.4,2647.8,2635.8,2619.1,2599.3,2587.3,2571.6,2554.1,2541.6,2529.9,2516.5,2502.8,2487.7,2471.3,2458.8,2445,2433.9,2420.2,2404.6,2392.1,2378.7,2367,2352.2,2336.4,2322.8,2308.7,2297.6,2281.1,2267.9,2257.8,2245.5,2231.3,2217.1,2202.5,2185.5,2176.7,2161.3,2150.9,2139.3,2123.1,2110.9,2100.6,2084.9,2074.6,2058.5,2047.5,2034.9,2020.6,2008.1,1995,1984.3,1972.3,1957.5,1945.5,1931.8,1917.9,1905.5,1892.9,1878.6,1863.9,1852.9,1838.8,1828.2,1813.6,1801.4,1786.1,1774.1,1760.1,1745.2,1733,1718.5,1706.3,1693.5,1680.4,1666.3,1651.6,1635.7,1625,1609.9,1595.5,1581.7,1567.2,1551.8,1538.2,1523.7,1509,1494.1,1479.4,1463.8,1449.4,1434.8,1420.4,1405.5,1390.3,1373.7,1358.3,1342.2,1327.8,1311.3,1296.4,1280.7,1265,1250,1234.3,1218.3,1201.5,1185.7,1170.5,1154.6,1138.8,1122.4,1106.3,1090.3,1074.3,1059,1043,1027.3,1011.3,996.09,980.41,965.49,949.79,934.58,919.41,904.45,889.51,874.73,859.55,844.82,830.49,815.55,801.19,787.04,773.04,759.04,745.44,731.66,718.43,704.94,691.78,678.66,665.78,652.81,640.1,627.95,615.76,603.95,591.97,580.22,569.05,557.49,546.42,535.52,524.65,514.21,503.76,493.43,483.27,473.47,463.74,453.98,444.46,435.02,426,417.06,408.16,399.48,390.86,382.29,374.1,366.2,358.34,350.56,342.94,335.61,328.4,321.34,314.35,307.4,300.69,294.09,287.47,281.06,274.75,268.56,262.58,256.63,251.02,245.46,240.04,234.59,229.31,224.09,218.93,213.86,208.98,204.24,199.59,195.08,190.68,186.32,182.09,177.72,173.54,169.45,165.5,161.71,157.99,154.22
6773.5,7229.9,7929.7,7928.8,7685.5,7294.5,7218.2,6875.7,7210.5,7280.6,7678.5,7215.2,7139.8,7054.4,7313.1,6977,7119.7,6795.5,6779.8,6706.4,6691.9,6604.3,6479,6354.8,6425.8,6504.4,6510.7,6324.7,6234.7,6241,6406.4,6232.3,6200.1,6149.1,6167.2,6003.1,6016.8,6016.7,6036.7,6000.5,5966.2,5922.9,5922.6,5829.5,5786.3,5786.1,5778.2,5762.5,5678.6,5568.1,5569.1,5565.5,5486.2,5491.1,5455.5,5412.1,5414.7,5382,5356,5321.8,5296.6,5292.8,5258.9,5243.9,5207.7,5209.5,5175.9,5157.5,5145.2,5134.6,5096.4,5100.8,5047.7,5022.3,5014.6,4971.6,4940.4,4918.3,4896,4852.1,4857.8,4851.4,4818.3,4798,4771.2,4757.6,4717.4,4684,4659.5,4636.4,4598.3,4579.6,4563.2,4547.3,4520.7,4491,4479.3,4467.3,4437.1,4415.9,4389.2,4384.9,4354.8,4345.3,4323.9,4302.8,4282.5,4256,4243.3,4214.7,4200.5,4177.9,4150.3,4122.5,4109.8,4090.7,4061.8,4045.3,4026.6,4004.9,3983.5,3964.8,3947.2,3928.8,3912.1,3886.2,3878.4,3849.1,3832.5,3809.1,3797.8,3781.8,3762.2,3745.3,3714.8,3700.9,3684.1,3664.3,3646,3622.1,3605.9,3580.7,3567,3546,3536.3,3514.7,3489.6,3468.2,3446.2,3432.4,3407.4,3392,3375.2,3360.8,3332.3,3319.3,3298.1,3284.1,3263,3246.8,3231.7,3207.8,3190.5,3174.7,3155.4,3137.3,3119.9,3102.1,3082.5,3060.6,3047.1,3028.3,3015.5,2990.2,2977.4,2963.2,2941.2,2920.7,2904.2,2887.4,2872.3,2851.6,2835.8,2822.4,2796.6,2783.6,2767.4,2752,2733.6,2718.7,2697.9,2682.9,2667.4,2647.9,2634,2618.6,2598.5,2583.4,2568.9,2548.5,2531.8,2518.2,2503.2,2486.9,2471.1,2453.1,2441.8,2421.9,2408.3,2391.5,2376.3,2361,2348.8,2330.4,2317.9,2301.2,2288.6,2272,2256.2,2241.2,2227.4,2210.3,2194.6,2177.5,2165.4,2152.5,2134.7,2117.9,2106,2092.2,2075.7,2062.5,2044.2,2030.3,2016.8,2002.4,1985.5,1976.3,1959.7,1946.4,1933.5,1917.7,1901.6,1888.4,1874.4,1858.8,1844.8,1828.5,1814.7,1800.6,1785.7,1772.4,1757.8,1743,1728.8,1715.4,1701.8,1687.9,1674.7,1659.4,1644.9,1631.5,1616.2,1602.1,1588.7,1575.5,1561.1,1546.5,1531.1,1517.9,1505,1491.6,1476.7,1463.6,1448.8,1434.2,1420.9,1405.5,1391.4,1378,1364,1349.8,1335.1,1321.6,1307.6,1293.5,1278.3,1263.4,1250,1235.3,1220.8,1206.3,1191.3,1177.8,1162.8,1148.7,1134.8,1120.1,1106.4,1091.7,1077.2,1063.3,1048.3,1034.4,1019.6,1005.4,991.07,976.85,962.35,948.4,934.5,921.02,906.91,893.12,879.54,865.55,852.11,838.89,825.48,811.86,798.58,785.17,771.96,759.07,745.99,733.22,720.55,708.08,695.77,683.48,671.44,659.25,647.16,635.27,623.56,612.08,600.57,589.5,578.35,567.45,556.76,546.1,535.51,525.04,514.88,504.88,495.04,485.28,475.58,466.22,456.93,447.79,438.63,429.7,420.74,412.09,403.74,395.37,387.12,378.95,370.87,363,355.62,348.05,340.66,333.38,326.39,319.46,312.69,305.98,299.36,293.02,286.61,280.21,274.06,267.96,262.04,256.29,250.63,245.1,239.75,234.52,229.27,224.15,219.1,214.15,209.18,204.5,199.87,195.31,191.01,186.72,182.48,178.36,174.13,170.05,166.08,162.23,158.52,154.88,151.24
8575.3,7538.9,7056.4,7152.6,7193.6,7505,7655.7,6508.5,6842.9,6577.5,6761,6576.8,6677.1,6649.1,6643,6542.9,6454.5,6523.6,6472.4,6410.9,6191.4,6152.4,6052.8,6094.6,6001.9,6083.5,6015.4,5976.9,5996.2,6055.5,5953,5936.6,5889.4,5840.7,5840.1,5741,5786.5,5723.5,5661.5,5670.9,5682,5634.8,5578,5589.6,5551,5526.5,5447.3,5460.1,5369.3,5398.4,5335.9,5303.8,5287,5231.3,5216.2,5215.4,5188,5170.5,5157.4,5123.6,5079.2,5055.8,5061.8,5035.3,5007.7,4978,4989.1,4970.3,4945.4,4928,4909,4884.2,4848.4,4859.4,4833.1,4802.3,4772.2,4749.4,4731.7,4697.9,4708.3,4664.5,4657.8,4631.2,4617.7,4608.9,4573.3,4548.2,4508.4,4496.4,4466.5,4452.9,4428.7,4417.4,4395.1,4391.7,4363.5,4352.6,4347.1,4317,4292.9,4283,4260.4,4253.3,4235,4214.8,4209.8,4176.3,4164.5,4151,4120.7,4108.4,4086.1,4073.9,4054.3,4039.8,4012.9,3989.5,3975.7,3966.5,3946.2,3932.8,3915.7,3904.8,3888.3,3865.2,3854.3,3842.5,3826.5,3806.7,3787,3775.2,3754.7,3751.3,3734.2,3714.3,3695.7,3683.7,3666.2,3651.4,3636.2,3620.3,3598.4,3581.5,3567.1,3552.3,3539.2,3517.2,3502.4,3486.7,3472.5,3456.9,3439.1,3425.5,3410.3,3393.6,3382.5,3362.9,3346.8,3335.8,3314.8,3302.2,3289.7,3273.9,3253.5,3241,3221.2,3209.9,3193.8,3176.8,3167.8,3144.5,3130.3,3117.4,3106.3,3092.5,3073.6,3059.8,3042.6,3027.4,3016.7,3002.1,2979.7,2972.6,2950.6,2937.4,2924.5,2910.1,2897.1,2881.1,2866.1,2853.3,2838.7,2821.1,2808.9,2793.7,2775.2,2762.4,2745.4,2730.8,2717.5,2702.1,2691.7,2674.8,2666.5,2651.1,2637.6,2622.8,2609.9,2595.6,2579.8,2566.4,2552.1,2537.6,2523.5,2514.7,2495.7,2483.1,2471,2454.1,2439.3,2424.5,2412.5,2399.4,2381.8,2369.9,2353.8,2340.2,2323.2,2311.5,2296.8,2284.8,2265.7,2255.2,2241.4,2222.8,2213.8,2197.7,2185.7,2168.8,2155.6,2138.6,2125.3,2110.7,2095.7,2078.7,2064.4,2048.1,2034.9,2019.8,2004.9,1990.3,1974.8,1958.7,1943.8,1927.4,1913.6,1897.6,1880.8,1866,1850.8,1835.8,1817.9,1803.4,1788.4,1771.8,1756.1,1739.2,1724,1708.1,1691.3,1674.8,1658.2,1641.9,1625,1608.2,1592,1575,1557.4,1540.3,1524.2,1506.2,1488.6,1471.9,1455.4,1436.9,1420.3,1403.8,1386.3,1367.9,1350.4,1333.2,1315.5,1297.9,1280.8,1263.3,1245.9,1228.5,1210.7,1192.6,1175.9,1158.9,1141.4,1123.5,1106.2,1089.3,1071.7,1054.9,1037.8,1021.3,1004.6,987.92,971.39,954.95,938.88,922.45,906.94,891.27,875.52,860.06,844.44,829.17,813.9,798.8,784.15,769.79,755.23,741.09,726.7,713.43,699.83,686.11,672.58,659.42,646.32,633.64,620.95,608.43,596.58,584.61,572.78,561.18,549.75,538.64,527.51,516.73,506.15,495.56,485.41,475.27,465.48,455.67,446.11,436.63,427.18,417.94,409.26,400.57,391.74,383.24,374.78,366.69,358.91,351.1,343.45,335.93,328.67,321.56,314.58,307.74,300.9,294.3,287.74,281.36,274.91,268.74,262.71,256.77,251.05,245.46,239.96,234.67,229.37,224.16,219.06,214.03,209,204.26,199.62,195.02,190.67,186.34,182.08,177.94,173.66,169.57,165.59,161.73,158,154.34,150.67
