-56.238,-25.965,-25.456,-27.386,-24.04,-25.354,-25.778,-24.535,-25.097,-22.567,-25.628,-23.022,-24.692,-23.172,-22.807,-22.948,-21.791,-22.496,-20.736,-21.604,-20.734,-21.21,-20.7,-20.489,-20.355,-20.339,-21.23,-19.852,-20.702,-20.705,-21.037,-20.799,-21.875,-21.231,-20.56,-20.691,-20.577,-20.11,-20.64,-20.942,-20.632,-20.809,-19.814,-20.066,-20.07,-19.833,-20.136,-20.234,-20.597,-19.79,-19.566,-19.494,-19.32,-18.911,-18.91,-18.907,-18.865,-18.981,-19.11,-19.254,-19.545,-19.404,-18.997,-19.11,-18.758,-19.058,-18.916,-18.927,-18.944,-18.897,-19.034,-19.01,-18.725,-18.49,-18.531,-18.505,-18.389,-18.376,-18.381,-18.214,-18.193,-17.84,-17.906,-17.721,-17.878,-17.642,-17.8,-17.738,-17.729,-17.761,-17.865,-17.73,-17.87,-17.784,-17.694,-17.522,-17.623,-17.559,-17.701,-17.675,-17.737,-17.675,-17.548,-17.591,-17.573,-17.46,-17.467,-17.385,-17.563,-17.481,-17.443,-17.472,-17.368,-17.354,-17.307,-17.357,-17.412,-17.341,-17.428,-17.305,-17.253,-17.325,-17.227,-17.274,-17.238,-17.273,-17.215,-17.277,-17.225,-17.177,-17.212,-17.342,-17.291,-17.247,-17.29,-17.241,-17.234,-17.271,-17.231,-17.36,-17.371,-17.341,-17.366,-17.343,-17.389,-17.403,-17.459,-17.405,-17.487,-17.489,-17.579,-17.615,-17.687,-17.736,-17.76,-17.855,-17.847,-17.799,-17.797,-17.923,-17.883,-17.926,-17.959,-17.919,-17.95,-18.073,-18.141,-18.111,-18.178,-18.199,-18.19,-18.303,-18.336,-18.348,-18.431,-18.494,-18.567,-18.637,-18.7,-18.698,-18.793,-18.955,-18.994,-19.057,-19.107,-19.206,-19.278,-19.389,-19.436,-19.483,-19.576,-19.662,-19.778,-19.904,-19.917,-20.054,-20.181,-20.172,-20.324,-20.417,-20.505,-20.62,-20.731,-20.887,-20.959,-21.1,-21.191,-21.277,-21.388,-21.518,-21.674,-21.766,-21.912,-22.047,-22.233,-22.358,-22.461,-22.578,-22.714,-22.886,-23.052,-23.185,-23.344,-23.554,-23.753,-23.868,-24.113,-24.256,-24.401,-24.583,-24.768,-24.976,-25.129,-25.353,-25.585,-25.778,-25.971,-26.14,-26.409,-26.572,-26.781,-27.086,-27.308,-27.554,-27.878,-28.124,-28.385,-28.656,-28.978,-29.182,-29.451,-29.778,-30.036,-30.327,-30.59,-30.942,-31.281,-31.537,-31.829,-32.165,-32.48,-32.763,-33.12,-33.436,-33.817,-34.116,-34.475,-34.842,-35.175,-35.525,-35.913,-36.314,-36.68,-37.069,-37.482,-37.866,-38.239,-38.655,-39.083,-39.484,-39.889,-40.31,-40.736,-41.141,-41.611,-42.01,-42.421,-42.883,-43.32,-43.77,-44.2,-44.669,-45.113,-45.567,-46.038,-46.52,-46.983,-47.455,-47.905,-48.376,-48.846,-49.284,-49.762,-50.274,-50.736,-51.16,-51.648,-52.15,-52.593,-53.084,-53.567,-54.053,-54.517,-54.987,-55.431,-55.919,-56.376,-56.796,-57.28,-57.741,-58.197,-58.657,-59.108,-59.548,-60.014,-60.434,-60.883,-61.335,-61.771,-62.215,-62.634,-63.065,-63.474,-63.91,-64.32,-64.746,-65.139,-65.568,-65.976,-66.386,-66.778,-67.159,-67.53,-67.901,-68.277,-68.637,-69.006,-69.373,-69.74,-70.064,-70.385,-70.689,-71.033,-71.358,-71.667,-72.006,-72.307,-72.616,-72.942,-73.246,-73.558,-73.862,-74.152,-74.434,-74.719,-74.975,-75.249,-75.524,-75.761,-76.003,-76.226,-76.458,-76.683,-76.891,-77.098,-77.337,-77.556,-77.785,-77.989,-78.227,-78.437,-78.623,-78.8,-78.979,-79.132,-79.295,-79.484,-79.657,-79.837,-80.013,-80.173,-80.306,-80.452,-80.585,-80.694,-80.851,-80.992,-81.147,-81.308,-81.391,-81.521
15.75,-22.649,-29.549,-25.991,-25.262,-22.582,-21.401,-22.524,-22.565,-22.717,-23.845,-26.075,-24.653,-23.869,-23.47,-23.337,-22.368,-19.884,-21.602,-20.723,-19.733,-18.92,-21.545,-19.126,-19.344,-20.423,-19.567,-19.912,-18.948,-20.63,-19.218,-20.427,-19.96,-21.287,-20.444,-19.627,-20.035,-19.19,-20.028,-19.619,-19.742,-19.839,-19.639,-19.805,-19.758,-19.617,-19.44,-19.349,-19.575,-18.952,-18.98,-18.704,-18.734,-18.349,-18.435,-18.181,-18.612,-18.442,-18.298,-18.627,-18.988,-18.667,-18.52,-18.487,-18.654,-18.281,-18.528,-18.415,-18.401,-18.523,-18.726,-18.317,-18.257,-18.019,-18.004,-18.072,-17.902,-17.88,-17.894,-17.724,-17.629,-17.337,-17.354,-17.382,-17.325,-17.21,-17.269,-17.163,-17.562,-17.29,-17.48,-17.508,-17.308,-17.314,-17.146,-17.102,-16.999,-17.235,-17.189,-17.309,-17.208,-17.14,-17.07,-17.188,-17.086,-17.15,-17.11,-17.023,-17.038,-17.023,-16.926,-16.906,-16.818,-16.765,-16.865,-16.794,-16.809,-16.924,-16.793,-16.817,-16.697,-16.709,-16.596,-16.695,-16.683,-16.588,-16.688,-16.628,-16.693,-16.615,-16.545,-16.709,-16.571,-16.728,-16.714,-16.593,-16.65,-16.657,-16.687,-16.634,-16.851,-16.688,-16.699,-16.703,-16.76,-16.817,-16.662,-16.85,-16.775,-16.89,-16.913,-16.99,-17.013,-17.067,-17.202,-17.15,-17.273,-17.2,-17.279,-17.338,-17.289,-17.276,-17.355,-17.316,-17.404,-17.481,-17.45,-17.509,-17.507,-17.57,-17.538,-17.688,-17.736,-17.912,-17.907,-17.961,-18.025,-18.162,-18.216,-18.286,-18.404,-18.525,-18.546,-18.732,-18.87,-18.945,-19.024,-19.177,-19.247,-19.349,-19.35,-19.512,-19.673,-19.753,-19.974,-20.022,-20.118,-20.317,-20.414,-20.603,-20.7,-20.874,-21.062,-21.13,-21.309,-21.408,-21.669,-21.748,-21.982,-22.09,-22.334,-22.436,-22.716,-22.826,-23.104,-23.249,-23.495,-23.69,-23.978,-24.145,-24.4,-24.615,-24.879,-25.13,-25.337,-25.566,-25.795,-26.129,-26.397,-26.686,-26.959,-27.238,-27.538,-27.823,-28.12,-28.489,-28.696,-28.995,-29.36,-29.665,-29.963,-30.426,-30.758,-31.164,-31.591,-31.918,-32.341,-32.783,-33.06,-33.527,-33.887,-34.29,-34.687,-35.134,-35.546,-36.016,-36.395,-36.849,-37.271,-37.704,-38.153,-38.65,-39.046,-39.544,-40.029,-40.507,-40.948,-41.421,-41.902,-42.401,-42.927,-43.379,-43.885,-44.389,-44.954,-45.424,-45.953,-46.441,-46.935,-47.483,-47.969,-48.516,-49.036,-49.597,-50.062,-50.61,-51.074,-51.654,-52.129,-52.65,-53.222,-53.693,-54.212,-54.72,-55.219,-55.748,-56.242,-56.765,-57.255,-57.75,-58.267,-58.749,-59.25,-59.741,-60.22,-60.666,-61.205,-61.648,-62.094,-62.548,-63.032,-63.458,-63.893,-64.367,-64.777,-65.197,-65.643,-66.062,-66.453,-66.876,-67.253,-67.688,-68.063,-68.419,-68.817,-69.205,-69.565,-69.929,-70.33,-70.676,-71.021,-71.361,-71.702,-72.024,-72.36,-72.657,-73.001,-73.312,-73.631,-73.963,-74.249,-74.55,-74.817,-75.103,-75.372,-75.634,-75.907,-76.182,-76.444,-76.666,-76.882,-77.106,-77.326,-77.557,-77.774,-78.013,-78.228,-78.423,-78.653,-78.861,-79.083,-79.281,-79.484,-79.677,-79.86,-80.04,-80.212,-80.394,-80.56,-80.707,-80.844,-80.991,-81.129,-81.268,-81.384,-81.531,-81.677,-81.817,-81.942,-82.109,-82.255,-82.353,-82.465,-82.57,-82.657,-82.749,-82.858,-82.978,-83.097,-83.2,-83.306,-83.383,-83.451,-83.526,-83.579,-83.672,-83.772,-83.87,-83.978,-84.01,-84.093
-64.254,-23.762,-20.188,-24.89,-21.932,-19.868,-21.72,-20.615,-23.393,-23.339,-24.664,-23.852,-20.782,-22.306,-24.686,-23.683,-21.355,-20.98,-20.694,-20.467,-21.124,-17.965,-19.706,-19.646,-20.974,-19.671,-19.696,-19.289,-20.577,-19.247,-20.269,-19.952,-19.023,-19.28,-19.437,-18.85,-19.739,-18.707,-19.927,-19.905,-19.677,-19.541,-19.539,-19.169,-19.157,-19.174,-19.615,-19.342,-19.496,-19.609,-18.791,-18.549,-18.501,-18.12,-17.875,-18.148,-18.358,-18.359,-18.479,-18.6,-18.694,-18.851,-18.759,-18.366,-18.026,-18.24,-18.314,-18.38,-18.503,-18.503,-18.681,-18.634,-18.183,-18.394,-18.182,-17.881,-18.051,-18.087,-17.991,-18.007,-17.775,-17.505,-17.691,-17.504,-17.605,-17.604,-17.503,-17.563,-17.745,-17.709,-17.751,-17.787,-17.732,-17.74,-17.706,-17.656,-17.575,-17.649,-17.588,-17.759,-17.837,-17.664,-17.707,-17.749,-17.735,-17.674,-17.874,-17.793,-17.74,-17.705,-17.604,-17.69,-17.661,-17.745,-17.713,-17.695,-17.794,-17.747,-17.787,-17.677,-17.617,-17.744,-17.707,-17.677,-17.69,-17.734,-17.728,-17.763,-17.781,-17.731,-17.83,-17.854,-17.798,-17.943,-17.78,-17.927,-18.026,-17.896,-18.107,-18.136,-18.164,-18.103,-18.208,-18.171,-18.183,-18.251,-18.283,-18.343,-18.365,-18.467,-18.514,-18.634,-18.654,-18.771,-18.801,-18.875,-18.868,-18.965,-18.952,-19.019,-19.03,-19.112,-19.17,-19.206,-19.289,-19.292,-19.359,-19.426,-19.437,-19.523,-19.64,-19.643,-19.734,-19.873,-19.924,-20.043,-20.141,-20.24,-20.412,-20.409,-20.562,-20.611,-20.752,-20.765,-20.904,-20.967,-21.134,-21.236,-21.349,-21.384,-21.599,-21.672,-21.875,-21.896,-22.016,-22.147,-22.33,-22.413,-22.48,-22.692,-22.82,-22.934,-23.091,-23.31,-23.397,-23.563,-23.702,-23.782,-23.912,-24.139,-24.313,-24.433,-24.574,-24.794,-24.945,-25.17,-25.285,-25.544,-25.725,-25.94,-26.115,-26.323,-26.529,-26.657,-26.864,-27.173,-27.383,-27.523,-27.788,-28.019,-28.299,-28.527,-28.728,-28.991,-29.188,-29.501,-29.719,-29.951,-30.226,-30.546,-30.808,-31.109,-31.421,-31.693,-32.007,-32.324,-32.669,-32.99,-33.342,-33.588,-34.01,-34.234,-34.649,-34.974,-35.297,-35.616,-35.982,-36.378,-36.695,-37.023,-37.42,-37.785,-38.14,-38.518,-38.865,-39.283,-39.721,-40.107,-40.508,-40.846,-41.273,-41.669,-42.12,-42.503,-42.924,-43.371,-43.803,-44.213,-44.654,-45.123,-45.549,-45.983,-46.436,-46.871,-47.331,-47.8,-48.222,-48.688,-49.149,-49.617,-50.028,-50.498,-50.965,-51.395,-51.894,-52.348,-52.831,-53.283,-53.764,-54.239,-54.681,-55.114,-55.587,-56.014,-56.492,-56.965,-57.417,-57.869,-58.299,-58.765,-59.207,-59.647,-60.106,-60.544,-60.978,-61.406,-61.834,-62.245,-62.661,-63.071,-63.517,-63.901,-64.276,-64.712,-65.113,-65.508,-65.891,-66.299,-66.667,-67.063,-67.462,-67.825,-68.198,-68.541,-68.905,-69.261,-69.61,-69.993,-70.323,-70.683,-71.016,-71.358,-71.666,-71.976,-72.284,-72.609,-72.924,-73.229,-73.536,-73.792,-74.043,-74.325,-74.601,-74.869,-75.135,-75.392,-75.654,-75.905,-76.16,-76.42,-76.674,-76.924,-77.154,-77.386,-77.619,-77.826,-78.053,-78.268,-78.469,-78.655,-78.828,-79.019,-79.189,-79.359,-79.505,-79.699,-79.886,-80.054,-80.223,-80.417,-80.587,-80.715,-80.86,-80.998,-81.113,-81.24,-81.379,-81.534,-81.666,-81.793,-81.927,-82.04,-82.132,-82.24,-82.322,-82.433,-82.559,-82.674,-82.806,-82.86,-82.963
-17.166,-27.195,-22.339,-24.879,-23.397,-23.133,-21.432,-24.242,-23.623,-21.131,-24.389,-22.45,-24.222,-23.172,-24.456,-24.166,-22.18,-21.698,-21.667,-22.279,-19.969,-21.83,-21.712,-19.788,-20.19,-20.517,-20.322,-19.363,-21.775,-20.688,-21.293,-20.389,-20.228,-20.27,-19.594,-20.408,-19.891,-19.971,-20.194,-20.313,-19.651,-20.326,-19.667,-19.269,-19.61,-19.681,-19.138,-19.201,-19.558,-18.529,-18.988,-18.63,-18.19,-18.172,-18.21,-18.023,-18.024,-17.973,-18.114,-18.367,-18.437,-18.497,-18.142,-17.914,-17.905,-17.795,-17.684,-17.684,-17.884,-17.872,-18.013,-17.559,-17.574,-17.487,-17.277,-17.264,-17.128,-17.099,-17.06,-17.058,-16.768,-16.78,-16.527,-16.4,-16.408,-16.43,-16.371,-16.316,-16.357,-16.246,-16.522,-16.514,-16.359,-16.277,-16.242,-16.23,-16.007,-16.069,-16.119,-16.145,-15.958,-15.979,-15.889,-15.928,-15.95,-15.913,-15.794,-15.879,-15.805,-15.767,-15.656,-15.645,-15.638,-15.514,-15.491,-15.459,-15.428,-15.45,-15.424,-15.403,-15.424,-15.299,-15.329,-15.262,-15.22,-15.289,-15.145,-15.192,-15.212,-15.094,-15.187,-15.145,-15.165,-15.086,-15.118,-15.147,-15.069,-15.106,-15.098,-15.15,-15.173,-15.145,-15.136,-15.073,-15.156,-15.129,-15.107,-15.165,-15.162,-15.265,-15.203,-15.343,-15.302,-15.395,-15.405,-15.487,-15.476,-15.501,-15.471,-15.516,-15.523,-15.516,-15.479,-15.506,-15.523,-15.638,-15.621,-15.616,-15.668,-15.672,-15.712,-15.786,-15.803,-15.886,-15.936,-16.034,-15.985,-16.12,-16.253,-16.328,-16.349,-16.481,-16.445,-16.565,-16.605,-16.725,-16.79,-16.862,-17.025,-17.035,-17.121,-17.298,-17.367,-17.51,-17.523,-17.674,-17.791,-17.852,-18.022,-18.031,-18.268,-18.283,-18.484,-18.631,-18.648,-18.913,-18.973,-19.207,-19.271,-19.521,-19.629,-19.737,-19.96,-20.072,-20.211,-20.469,-20.639,-20.798,-20.965,-21.222,-21.417,-21.557,-21.859,-22.022,-22.292,-22.499,-22.775,-22.99,-23.229,-23.458,-23.746,-23.903,-24.241,-24.546,-24.754,-25.054,-25.329,-25.562,-25.941,-26.179,-26.52,-26.829,-27.246,-27.627,-27.863,-28.299,-28.675,-29.009,-29.377,-29.757,-30.164,-30.551,-30.947,-31.436,-31.761,-32.172,-32.56,-33.011,-33.429,-33.871,-34.276,-34.686,-35.217,-35.646,-36.086,-36.575,-37.048,-37.504,-38.036,-38.493,-38.984,-39.487,-40.023,-40.497,-41.027,-41.541,-42.113,-42.598,-43.11,-43.726,-44.202,-44.74,-45.274,-45.833,-46.388,-46.955,-47.472,-47.981,-48.537,-49.08,-49.664,-50.193,-50.705,-51.335,-51.837,-52.389,-52.908,-53.458,-54.033,-54.544,-55.106,-55.623,-56.151,-56.697,-57.24,-57.743,-58.248,-58.774,-59.291,-59.799,-60.294,-60.78,-61.303,-61.792,-62.248,-62.736,-63.196,-63.644,-64.112,-64.572,-65.004,-65.457,-65.877,-66.326,-66.751,-67.195,-67.564,-68.011,-68.392,-68.805,-69.2,-69.578,-69.955,-70.339,-70.692,-71.092,-71.418,-71.799,-72.146,-72.504,-72.843,-73.177,-73.48,-73.783,-74.112,-74.41,-74.705,-75.016,-75.315,-75.562,-75.801,-76.058,-76.319,-76.581,-76.847,-77.09,-77.331,-77.563,-77.804,-78.054,-78.282,-78.521,-78.749,-78.963,-79.186,-79.373,-79.575,-79.77,-79.965,-80.132,-80.285,-80.463,-80.608,-80.766,-80.905,-81.072,-81.23,-81.382,-81.525,-81.716,-81.871,-81.992,-82.112,-82.234,-82.331,-82.445,-82.569,-82.695,-82.815,-82.937,-83.047,-83.135,-83.217,-83.309,-83.367,-83.478,-83.587,-83.697,-83.805,-83.839,-83.922
-71.484,-24.791,-21.91,-25.876,-22.499,-20.899,-22.626,-24.137,-23.788,-21.689,-23.133,-23.294,-22.793,-22.446,-22.432,-21.438,-20.246,-20.472,-21.474,-19.332,-20.824,-20.076,-19.37,-20.168,-19.3,-19.414,-18.998,-19.651,-20.234,-19.771,-20.594,-20.998,-19.471,-19.379,-19.104,-19.349,-18.988,-18.575,-19.346,-19.33,-19.985,-19.265,-19.644,-19.182,-18.93,-18.841,-19.097,-19.078,-19.205,-18.622,-18.665,-18.454,-18.149,-17.998,-17.613,-17.825,-17.706,-18.213,-18.366,-18.156,-18.371,-18.479,-18.409,-18.149,-17.869,-17.971,-18.172,-17.999,-18.109,-18.39,-18.444,-18.251,-17.958,-17.693,-17.942,-17.809,-17.912,-17.8,-17.939,-17.824,-17.531,-17.525,-17.351,-17.383,-17.376,-17.258,-17.372,-17.492,-17.463,-17.639,-17.622,-17.72,-17.664,-17.578,-17.618,-17.511,-17.546,-17.731,-17.78,-17.819,-17.787,-17.764,-17.701,-17.735,-17.641,-17.781,-17.859,-17.788,-17.852,-17.898,-17.893,-17.851,-17.849,-17.935,-17.785,-17.999,-18.035,-18.035,-17.99,-18.047,-18.008,-18.091,-18.084,-18.004,-18,-18.082,-18.167,-18.179,-18.224,-18.258,-18.281,-18.35,-18.378,-18.356,-18.4,-18.455,-18.485,-18.436,-18.641,-18.614,-18.729,-18.665,-18.73,-18.795,-18.828,-18.863,-18.961,-19.057,-19.078,-19.095,-19.192,-19.248,-19.386,-19.39,-19.572,-19.561,-19.592,-19.691,-19.739,-19.738,-19.761,-19.85,-19.851,-19.974,-20.018,-20.067,-20.167,-20.131,-20.201,-20.35,-20.304,-20.358,-20.528,-20.54,-20.593,-20.713,-20.759,-20.873,-20.929,-21.03,-21.075,-21.183,-21.29,-21.39,-21.482,-21.598,-21.592,-21.757,-21.801,-21.953,-21.953,-22.09,-22.216,-22.244,-22.417,-22.511,-22.559,-22.669,-22.757,-22.874,-22.904,-23.074,-23.203,-23.257,-23.412,-23.554,-23.669,-23.753,-23.837,-23.934,-24.064,-24.203,-24.341,-24.416,-24.573,-24.644,-24.79,-24.939,-25.006,-25.221,-25.344,-25.506,-25.646,-25.798,-25.953,-26.096,-26.244,-26.441,-26.555,-26.724,-26.919,-27.091,-27.22,-27.479,-27.631,-27.742,-27.916,-28.163,-28.363,-28.501,-28.699,-28.91,-29.165,-29.384,-29.632,-29.836,-30.079,-30.337,-30.571,-30.849,-31.072,-31.348,-31.531,-31.805,-32.057,-32.287,-32.592,-32.858,-33.119,-33.409,-33.717,-33.984,-34.295,-34.544,-34.908,-35.184,-35.518,-35.817,-36.084,-36.483,-36.762,-37.126,-37.462,-37.815,-38.181,-38.514,-38.851,-39.221,-39.673,-40.018,-40.366,-40.812,-41.164,-41.553,-41.936,-42.363,-42.74,-43.177,-43.577,-44.009,-44.433,-44.829,-45.264,-45.709,-46.15,-46.577,-47.039,-47.502,-47.922,-48.387,-48.843,-49.305,-49.758,-50.213,-50.672,-51.13,-51.586,-52.051,-52.533,-52.972,-53.456,-53.949,-54.406,-54.889,-55.35,-55.795,-56.271,-56.727,-57.18,-57.625,-58.101,-58.547,-59.014,-59.454,-59.887,-60.349,-60.79,-61.258,-61.689,-62.148,-62.588,-63.019,-63.441,-63.859,-64.301,-64.705,-65.125,-65.543,-65.969,-66.386,-66.81,-67.18,-67.567,-67.943,-68.311,-68.71,-69.077,-69.455,-69.814,-70.135,-70.456,-70.783,-71.126,-71.452,-71.79,-72.125,-72.442,-72.746,-73.08,-73.379,-73.694,-74.005,-74.296,-74.581,-74.883,-75.144,-75.406,-75.688,-75.942,-76.175,-76.405,-76.653,-76.863,-77.081,-77.286,-77.523,-77.76,-77.976,-78.184,-78.425,-78.64,-78.825,-78.999,-79.189,-79.339,-79.5,-79.69,-79.872,-80.054,-80.224,-80.384,-80.52,-80.665,-80.806,-80.903,-81.069,-81.222,-81.371,-81.537,-81.615,-81.748
0.73484,-22.557,-24.039,-21.082,-21.195,-22.221,-22.789,-22.566,-20.1,-23.818,-24.682,-22.352,-21.875,-21.861,-20.483,-22.313,-20.848,-21.803,-20.462,-19.673,-18.464,-18.5,-18.812,-18.266,-19.093,-18.512,-19.055,-18.613,-19.319,-18.389,-18.674,-18.281,-18.196,-18.362,-17.836,-18.146,-17.889,-18.515,-18.093,-18.117,-18.297,-18.6,-18.374,-17.506,-17.618,-17.832,-17.997,-17.38,-17.979,-17.481,-17.441,-17.349,-16.814,-16.792,-16.477,-16.792,-16.296,-16.718,-16.73,-16.859,-17.124,-17.159,-16.76,-16.794,-16.894,-16.714,-16.512,-16.657,-16.725,-16.84,-16.989,-16.902,-16.695,-16.537,-16.479,-16.429,-16.358,-16.344,-16.503,-16.195,-16.214,-16.038,-15.851,-15.749,-15.937,-15.868,-15.853,-16.083,-16.111,-16.176,-16.383,-16.186,-16.164,-16.043,-16.08,-16.025,-16.053,-16.056,-16.098,-16.164,-16.386,-16.211,-16.207,-16.279,-16.146,-16.267,-16.358,-16.307,-16.417,-16.352,-16.453,-16.368,-16.365,-16.402,-16.392,-16.427,-16.551,-16.53,-16.587,-16.552,-16.61,-16.538,-16.595,-16.659,-16.654,-16.728,-16.788,-16.771,-16.861,-16.93,-16.927,-16.964,-17.058,-17.048,-17.086,-17.11,-17.16,-17.349,-17.413,-17.398,-17.447,-17.574,-17.617,-17.558,-17.668,-17.721,-17.771,-17.824,-17.907,-18.058,-18.137,-18.154,-18.319,-18.384,-18.571,-18.531,-18.633,-18.725,-18.776,-18.796,-18.792,-18.948,-19.008,-19.029,-19.089,-19.21,-19.249,-19.252,-19.32,-19.467,-19.517,-19.569,-19.701,-19.748,-19.924,-19.934,-20.042,-20.247,-20.262,-20.37,-20.538,-20.574,-20.705,-20.75,-20.927,-21.034,-21.087,-21.093,-21.308,-21.386,-21.585,-21.612,-21.737,-21.872,-22.021,-22.083,-22.245,-22.29,-22.419,-22.574,-22.706,-22.76,-22.923,-23.084,-23.107,-23.312,-23.429,-23.526,-23.714,-23.842,-24.02,-24.123,-24.324,-24.456,-24.535,-24.774,-24.81,-25,-25.16,-25.41,-25.506,-25.67,-25.869,-26.026,-26.177,-26.415,-26.548,-26.765,-26.916,-27.166,-27.363,-27.526,-27.736,-27.937,-28.1,-28.345,-28.463,-28.776,-28.899,-29.189,-29.377,-29.642,-29.895,-30.147,-30.447,-30.675,-30.933,-31.179,-31.424,-31.67,-31.945,-32.164,-32.46,-32.764,-33.021,-33.272,-33.571,-33.883,-34.2,-34.45,-34.772,-35.066,-35.389,-35.676,-35.929,-36.292,-36.621,-36.939,-37.31,-37.629,-37.959,-38.283,-38.645,-39.021,-39.375,-39.729,-40.09,-40.507,-40.853,-41.231,-41.609,-41.985,-42.403,-42.78,-43.182,-43.588,-43.977,-44.372,-44.763,-45.195,-45.622,-46.025,-46.472,-46.875,-47.306,-47.757,-48.202,-48.644,-49.073,-49.506,-49.942,-50.377,-50.854,-51.303,-51.753,-52.176,-52.642,-53.09,-53.523,-53.985,-54.433,-54.872,-55.34,-55.801,-56.256,-56.701,-57.142,-57.581,-58.035,-58.472,-58.913,-59.362,-59.771,-60.234,-60.653,-61.081,-61.514,-61.946,-62.388,-62.785,-63.235,-63.647,-64.064,-64.463,-64.853,-65.285,-65.685,-66.067,-66.486,-66.875,-67.294,-67.659,-68.032,-68.389,-68.763,-69.12,-69.495,-69.842,-70.2,-70.511,-70.833,-71.133,-71.481,-71.776,-72.1,-72.418,-72.723,-73.035,-73.338,-73.659,-73.944,-74.258,-74.538,-74.811,-75.093,-75.36,-75.612,-75.885,-76.13,-76.364,-76.57,-76.811,-77.027,-77.239,-77.436,-77.673,-77.892,-78.106,-78.306,-78.544,-78.751,-78.932,-79.115,-79.285,-79.429,-79.604,-79.777,-79.956,-80.135,-80.299,-80.453,-80.6,-80.724,-80.864,-80.968,-81.118,-81.269,-81.431,-81.583,-81.66,-81.789
-81.869,-26.512,-20.077,-18.963,-15.788,-17.32,-19.692,-20.78,-20.935,-20.418,-19.927,-22.092,-21.104,-20.678,-18.271,-20.086,-18.506,-19.712,-16.748,-18.183,-18.172,-16.954,-19.106,-18.003,-18.318,-18.04,-18.794,-18.451,-18.47,-18.465,-17.669,-17.161,-18.935,-18.316,-17.437,-18.041,-18.395,-18.907,-18.208,-19.156,-19.788,-18.529,-19.022,-17.474,-18.623,-18.346,-18.848,-19.098,-18.821,-18.376,-18.295,-17.934,-17.852,-17.499,-18.099,-17.677,-17.863,-17.714,-18.167,-18.007,-18.714,-18.411,-17.881,-18.333,-18.063,-17.792,-18.169,-18.382,-18.479,-18.455,-18.446,-18.381,-18.232,-18.179,-18.17,-18.088,-18.154,-18.285,-18.147,-18.224,-18.086,-17.645,-17.786,-17.877,-17.86,-17.924,-17.952,-17.911,-18.087,-18.273,-18.141,-18.075,-18.128,-18.02,-18.167,-18.174,-18.186,-18.267,-18.253,-18.2,-18.378,-18.351,-18.382,-18.44,-18.441,-18.447,-18.393,-18.387,-18.537,-18.45,-18.328,-18.506,-18.548,-18.528,-18.549,-18.579,-18.724,-18.67,-18.6,-18.648,-18.575,-18.741,-18.712,-18.689,-18.851,-18.63,-18.718,-18.744,-18.866,-18.9,-18.853,-19.041,-18.952,-19.122,-19.007,-19.077,-19.162,-19.15,-19.181,-19.283,-19.373,-19.47,-19.466,-19.551,-19.569,-19.553,-19.724,-19.765,-19.767,-19.945,-20.053,-20.192,-20.142,-20.19,-20.365,-20.493,-20.499,-20.661,-20.658,-20.72,-20.743,-20.74,-20.822,-20.876,-20.991,-21.144,-21.134,-21.264,-21.337,-21.415,-21.488,-21.562,-21.656,-21.874,-21.882,-21.928,-22.199,-22.208,-22.314,-22.457,-22.594,-22.695,-22.861,-22.976,-23.123,-23.24,-23.298,-23.536,-23.641,-23.741,-23.915,-24.008,-24.256,-24.291,-24.498,-24.656,-24.74,-24.97,-25.067,-25.267,-25.422,-25.544,-25.679,-25.871,-25.951,-26.203,-26.417,-26.611,-26.792,-26.979,-27.151,-27.33,-27.549,-27.736,-27.945,-28.09,-28.319,-28.537,-28.735,-28.963,-29.214,-29.415,-29.584,-29.864,-30.138,-30.387,-30.595,-30.691,-31.021,-31.302,-31.56,-31.858,-32.129,-32.29,-32.577,-32.846,-33.098,-33.367,-33.615,-34.006,-34.238,-34.497,-34.884,-35.304,-35.519,-35.854,-36.248,-36.577,-36.875,-37.162,-37.551,-37.804,-38.23,-38.601,-38.867,-39.199,-39.57,-39.966,-40.271,-40.623,-40.987,-41.408,-41.779,-42.108,-42.493,-42.858,-43.171,-43.592,-43.972,-44.42,-44.763,-45.206,-45.612,-46.007,-46.452,-46.864,-47.273,-47.679,-48.075,-48.479,-48.911,-49.33,-49.795,-50.234,-50.607,-51.053,-51.45,-51.898,-52.359,-52.735,-53.164,-53.612,-54.022,-54.495,-54.897,-55.333,-55.775,-56.183,-56.659,-57.086,-57.468,-57.906,-58.33,-58.763,-59.182,-59.604,-60.016,-60.432,-60.876,-61.226,-61.691,-62.081,-62.474,-62.876,-63.28,-63.658,-64.065,-64.395,-64.797,-65.212,-65.566,-65.948,-66.317,-66.682,-67.057,-67.385,-67.773,-68.115,-68.468,-68.826,-69.187,-69.512,-69.849,-70.181,-70.499,-70.828,-71.159,-71.475,-71.799,-72.135,-72.449,-72.742,-73.021,-73.326,-73.612,-73.896,-74.186,-74.464,-74.727,-74.978,-75.212,-75.458,-75.704,-75.944,-76.192,-76.443,-76.67,-76.901,-77.153,-77.381,-77.607,-77.85,-78.072,-78.289,-78.494,-78.685,-78.889,-79.077,-79.282,-79.451,-79.615,-79.783,-79.95,-80.1,-80.238,-80.427,-80.59,-80.751,-80.908,-81.094,-81.252,-81.378,-81.514,-81.634,-81.75,-81.86,-81.997,-82.125,-82.264,-82.385,-82.512,-82.61,-82.704,-82.808,-82.869,-82.98,-83.103,-83.221,-83.346,-83.386,-83.488
51.512,-18.283,-25.899,-20.878,-16.132,-19.404,-16.388,-22.85,-23.304,-20.416,-20.454,-24.043,-20.98,-16.794,-23.075,-19.454,-18.342,-20.52,-18.364,-17.521,-16.944,-15.721,-19.902,-18.027,-18.498,-17.81,-18.037,-16.496,-20.131,-16.425,-19.192,-17.221,-17.889,-18.143,-18.171,-18.736,-18.788,-19.465,-20.278,-19.749,-19.5,-19.37,-19.333,-19.206,-19.084,-18.531,-18.877,-18.977,-19.173,-18.579,-19.112,-19.153,-18.406,-18.643,-17.951,-18.42,-18.445,-18.697,-18.985,-18.997,-19.603,-19.46,-18.913,-19.118,-19.14,-18.948,-19.174,-19.253,-19.534,-19.673,-20.332,-19.317,-19.659,-19.392,-19.746,-19.371,-19.542,-19.453,-19.471,-19.551,-19.291,-19.309,-18.994,-18.821,-19.109,-19.148,-19.294,-19.503,-19.592,-19.512,-19.764,-19.788,-19.778,-19.887,-19.639,-19.758,-19.817,-19.817,-19.916,-19.872,-20.002,-20.015,-20.087,-20.201,-20.18,-20.23,-20.227,-20.304,-20.529,-20.377,-20.5,-20.395,-20.515,-20.401,-20.575,-20.558,-20.528,-20.751,-20.869,-20.875,-20.804,-20.846,-20.867,-20.891,-20.834,-20.899,-20.996,-21.003,-21.061,-21.223,-21.293,-21.353,-21.458,-21.439,-21.591,-21.523,-21.611,-21.619,-21.721,-21.785,-21.842,-21.915,-21.993,-21.982,-22.105,-22.172,-22.296,-22.547,-22.541,-22.702,-22.755,-22.98,-23.087,-23.228,-23.296,-23.464,-23.552,-23.608,-23.622,-23.666,-23.785,-23.824,-23.976,-24.057,-24.167,-24.384,-24.385,-24.401,-24.62,-24.651,-24.592,-24.801,-25.038,-25.2,-25.225,-25.496,-25.598,-25.799,-25.755,-26.044,-26.078,-26.313,-26.45,-26.564,-26.775,-26.954,-27.163,-27.227,-27.448,-27.484,-27.699,-27.995,-28.111,-28.295,-28.374,-28.497,-28.778,-28.942,-29.057,-29.258,-29.402,-29.668,-29.893,-29.995,-30.269,-30.427,-30.61,-30.833,-31.011,-31.19,-31.463,-31.648,-31.833,-32.068,-32.307,-32.494,-32.647,-33.006,-33.15,-33.416,-33.639,-33.804,-34.152,-34.278,-34.66,-34.974,-35.079,-35.426,-35.593,-35.934,-36.195,-36.425,-36.695,-36.864,-37.237,-37.446,-37.739,-38.015,-38.383,-38.616,-38.789,-39.148,-39.469,-39.821,-40.177,-40.481,-40.816,-41.127,-41.495,-41.797,-42.141,-42.436,-42.747,-43.084,-43.348,-43.713,-44.04,-44.378,-44.745,-45.021,-45.384,-45.764,-46.076,-46.403,-46.821,-47.157,-47.452,-47.867,-48.172,-48.595,-48.926,-49.305,-49.657,-50.037,-50.403,-50.841,-51.139,-51.536,-51.944,-52.333,-52.68,-53.108,-53.447,-53.861,-54.213,-54.648,-55.006,-55.359,-55.757,-56.12,-56.544,-56.892,-57.274,-57.649,-58.057,-58.464,-58.819,-59.185,-59.596,-59.949,-60.327,-60.685,-61.093,-61.473,-61.846,-62.204,-62.549,-62.92,-63.318,-63.687,-64.028,-64.398,-64.734,-65.12,-65.477,-65.778,-66.134,-66.466,-66.79,-67.143,-67.447,-67.784,-68.119,-68.448,-68.767,-69.075,-69.411,-69.704,-70.023,-70.359,-70.646,-70.956,-71.254,-71.538,-71.844,-72.122,-72.41,-72.696,-73.003,-73.288,-73.576,-73.83,-74.099,-74.344,-74.6,-74.865,-75.111,-75.374,-75.622,-75.837,-76.049,-76.266,-76.493,-76.708,-76.927,-77.152,-77.373,-77.57,-77.797,-78,-78.218,-78.442,-78.637,-78.83,-79.025,-79.213,-79.388,-79.583,-79.742,-79.902,-80.049,-80.21,-80.355,-80.491,-80.624,-80.783,-80.947,-81.098,-81.235,-81.404,-81.558,-81.666,-81.79,-81.918,-82.003,-82.112,-82.246,-82.366,-82.484,-82.614,-82.712,-82.804,-82.899,-82.993,-83.047,-83.159,-83.267,-83.377,-83.496,-83.545,-83.621
-68.92,-19.908,-23.974,-21.54,-17.036,-19.709,-18.248,-19.442,-19.38,-18.516,-20.383,-21.864,-22.413,-19.771,-16.958,-18.628,-19.199,-18.355,-16.326,-17.734,-16.631,-14.409,-15.557,-18.403,-18.032,-16.42,-16.614,-16.436,-13.909,-18.095,-17.241,-18.443,-17.431,-17.144,-16.299,-17.106,-17.224,-16.66,-18.158,-18.423,-18.247,-17.017,-17.602,-17.338,-16.394,-17.268,-16.817,-17.053,-17.644,-17.541,-16.644,-17.135,-16.155,-16.745,-16.518,-16.415,-16.944,-16.417,-17.27,-16.872,-17.572,-17.209,-17.112,-16.963,-17.583,-17.104,-17.247,-17.083,-17.349,-17.662,-17.88,-17.294,-17.156,-17.433,-17.255,-17.028,-17.153,-17.27,-17.212,-17.058,-16.589,-16.91,-16.721,-16.92,-16.84,-16.904,-16.942,-17.064,-17.225,-17.399,-17.328,-17.284,-17.507,-17.331,-17.283,-17.289,-17.328,-17.477,-17.488,-17.628,-17.782,-17.471,-17.603,-17.776,-17.835,-17.663,-17.756,-17.796,-17.956,-17.785,-17.93,-17.836,-18.101,-17.898,-18.045,-17.878,-18.06,-18.054,-18.051,-18.306,-18.201,-18.296,-18.244,-18.284,-18.231,-18.316,-18.456,-18.331,-18.557,-18.648,-18.641,-18.921,-18.725,-18.823,-18.928,-18.867,-19.01,-18.986,-19.165,-19.13,-19.313,-19.311,-19.489,-19.525,-19.551,-19.595,-19.696,-19.806,-19.913,-20.034,-20.207,-20.403,-20.318,-20.554,-20.783,-20.961,-20.88,-21.054,-21.113,-21.208,-21.188,-21.241,-21.368,-21.488,-21.616,-21.829,-21.732,-21.976,-21.997,-22.082,-22.278,-22.426,-22.566,-22.636,-22.738,-22.981,-23.124,-23.272,-23.45,-23.501,-23.762,-24.043,-24.183,-24.446,-24.463,-24.682,-24.767,-25.001,-25.229,-25.4,-25.549,-25.691,-25.964,-26.061,-26.306,-26.429,-26.694,-26.885,-27.179,-27.344,-27.512,-27.695,-28.026,-28.23,-28.333,-28.713,-28.798,-29.065,-29.285,-29.54,-29.68,-29.996,-30.242,-30.524,-30.659,-30.991,-31.177,-31.47,-31.799,-32.147,-32.348,-32.532,-32.862,-33.213,-33.444,-33.814,-34.055,-34.358,-34.71,-34.95,-35.313,-35.582,-35.867,-36.16,-36.476,-36.725,-37.064,-37.419,-37.684,-38.026,-38.359,-38.736,-39.104,-39.498,-39.914,-40.233,-40.673,-41.007,-41.39,-41.699,-42.113,-42.459,-42.834,-43.202,-43.547,-43.937,-44.415,-44.641,-45.088,-45.48,-45.861,-46.238,-46.607,-47.059,-47.435,-47.861,-48.275,-48.631,-49.021,-49.468,-49.812,-50.238,-50.589,-51.008,-51.494,-51.865,-52.308,-52.689,-53.118,-53.5,-53.92,-54.338,-54.723,-55.145,-55.531,-56.019,-56.37,-56.79,-57.185,-57.629,-57.971,-58.426,-58.804,-59.231,-59.596,-59.993,-60.391,-60.845,-61.203,-61.551,-61.974,-62.347,-62.752,-63.089,-63.462,-63.868,-64.254,-64.584,-64.955,-65.299,-65.685,-66.061,-66.397,-66.749,-67.12,-67.45,-67.79,-68.092,-68.43,-68.777,-69.094,-69.393,-69.726,-70.041,-70.347,-70.645,-70.966,-71.249,-71.553,-71.857,-72.177,-72.431,-72.725,-73.005,-73.271,-73.555,-73.821,-74.102,-74.392,-74.673,-74.927,-75.173,-75.392,-75.642,-75.885,-76.113,-76.368,-76.608,-76.828,-77.032,-77.215,-77.419,-77.629,-77.836,-78.034,-78.233,-78.448,-78.635,-78.828,-79.034,-79.236,-79.411,-79.602,-79.781,-79.961,-80.112,-80.287,-80.454,-80.611,-80.749,-80.879,-81.026,-81.148,-81.268,-81.382,-81.525,-81.676,-81.814,-81.942,-82.106,-82.232,-82.337,-82.447,-82.558,-82.629,-82.718,-82.848,-82.958,-83.067,-83.174,-83.274,-83.348,-83.43,-83.512,-83.56,-83.653,-83.757,-83.86,-83.973,-83.997,-84.081
43.718,-22.55,-18.908,-21.911,-13.481,-20.688,-17.883,-17.868,-19.608,-20.649,-23.193,-19.846,-22.495,-19.555,-23.811,-18.198,-18.566,-18.957,-16.238,-16.71,-17.63,-17.067,-17.126,-16.546,-16.779,-17.558,-15.917,-17.421,-17.166,-17.524,-17.477,-17.139,-18.15,-16.942,-16.652,-16.576,-17.3,-17.04,-17.699,-18.348,-17.782,-17.868,-17.266,-17.147,-16.944,-17.514,-17.75,-17.951,-18.272,-17.809,-17.039,-17.415,-16.866,-16.884,-17.072,-16.675,-16.907,-16.923,-17.158,-17.373,-17.706,-17.669,-17.271,-17.389,-17.187,-17.165,-17.353,-17.63,-17.404,-17.66,-17.926,-17.748,-17.75,-17.785,-17.73,-17.512,-17.427,-17.518,-17.7,-17.555,-17.376,-17.35,-17.434,-17.432,-17.262,-17.361,-17.313,-17.393,-17.523,-17.765,-17.606,-17.675,-17.58,-17.705,-17.654,-17.658,-17.7,-17.823,-17.846,-17.971,-18.013,-17.927,-18.051,-18.044,-17.987,-17.968,-17.979,-18.048,-18.216,-18.176,-18.154,-18.208,-18.157,-18.267,-18.304,-18.288,-18.168,-18.319,-18.522,-18.498,-18.489,-18.591,-18.398,-18.477,-18.374,-18.615,-18.723,-18.67,-18.681,-18.81,-18.93,-18.864,-18.972,-19.069,-19.044,-18.966,-19.018,-19.096,-19.177,-19.278,-19.345,-19.337,-19.417,-19.507,-19.493,-19.625,-19.711,-19.762,-19.86,-19.885,-20.043,-20.137,-20.249,-20.419,-20.482,-20.498,-20.614,-20.66,-20.733,-20.808,-20.776,-21.049,-21.019,-21.053,-21.122,-21.278,-21.385,-21.452,-21.503,-21.581,-21.701,-21.694,-21.904,-22.088,-22.174,-22.325,-22.344,-22.431,-22.594,-22.865,-22.94,-23.183,-23.217,-23.324,-23.549,-23.652,-23.755,-23.961,-24.161,-24.265,-24.359,-24.679,-24.656,-24.958,-25.064,-25.239,-25.462,-25.697,-25.703,-25.853,-26.156,-26.327,-26.395,-26.75,-26.868,-27.1,-27.285,-27.529,-27.618,-27.819,-28.087,-28.334,-28.489,-28.782,-28.968,-29.191,-29.349,-29.654,-29.929,-30.147,-30.404,-30.617,-30.939,-31.141,-31.496,-31.71,-31.914,-32.332,-32.595,-32.865,-33.06,-33.367,-33.647,-33.981,-34.236,-34.453,-34.822,-35.188,-35.505,-35.805,-36.093,-36.376,-36.758,-37.174,-37.479,-37.825,-38.246,-38.58,-38.943,-39.356,-39.664,-40.077,-40.411,-40.787,-41.157,-41.566,-41.9,-42.277,-42.671,-43.057,-43.48,-43.877,-44.231,-44.636,-45.016,-45.445,-45.827,-46.217,-46.668,-47.085,-47.47,-47.858,-48.295,-48.743,-49.167,-49.587,-50.023,-50.464,-50.847,-51.28,-51.724,-52.165,-52.621,-53.064,-53.521,-53.876,-54.311,-54.736,-55.176,-55.639,-56.024,-56.465,-56.91,-57.265,-57.741,-58.135,-58.567,-58.961,-59.391,-59.849,-60.245,-60.672,-61.034,-61.442,-61.822,-62.274,-62.659,-63.056,-63.452,-63.863,-64.225,-64.622,-65.005,-65.348,-65.734,-66.117,-66.495,-66.834,-67.164,-67.534,-67.862,-68.229,-68.558,-68.873,-69.206,-69.564,-69.9,-70.203,-70.546,-70.849,-71.17,-71.49,-71.773,-72.073,-72.372,-72.674,-72.974,-73.272,-73.551,-73.846,-74.158,-74.397,-74.685,-74.922,-75.187,-75.443,-75.706,-75.957,-76.206,-76.417,-76.613,-76.837,-77.063,-77.271,-77.513,-77.733,-77.932,-78.138,-78.353,-78.558,-78.765,-78.975,-79.174,-79.364,-79.551,-79.72,-79.904,-80.079,-80.258,-80.398,-80.541,-80.691,-80.833,-80.964,-81.092,-81.249,-81.403,-81.535,-81.684,-81.856,-81.984,-82.103,-82.218,-82.326,-82.415,-82.522,-82.632,-82.746,-82.876,-82.989,-83.087,-83.184,-83.257,-83.339,-83.405,-83.508,-83.607,-83.723,-83.829,-83.871,-83.961
39.057,-22.527,-22.872,-21.802,-18.207,-14.739,-20.514,-23.203,-20.243,-18.434,-23.355,-21.825,-23.523,-20.433,-22.73,-19.476,-17.975,-18.755,-18.404,-18.644,-18.045,-17.859,-17.848,-16.882,-16.811,-17.934,-16.596,-17.218,-18.101,-17.893,-18.089,-18.491,-18.335,-17.813,-18.84,-17.931,-18.892,-17.881,-18.41,-18.474,-19.545,-18.696,-18.532,-18.843,-18.38,-18.577,-17.626,-18.404,-18.628,-17.62,-17.978,-17.782,-17.735,-17.555,-17.536,-17.838,-17.409,-17.689,-17.981,-18.336,-18.311,-18.275,-18.292,-18.238,-18.117,-18.168,-18.094,-18.266,-18.267,-18.302,-18.443,-17.983,-18.427,-18.339,-18.19,-17.951,-18.003,-18.009,-18.256,-18.108,-17.837,-17.692,-17.6,-17.66,-17.779,-17.942,-17.869,-17.837,-17.993,-18.046,-18.066,-18.249,-17.979,-17.996,-18.189,-18.163,-18.172,-18.326,-18.214,-18.202,-18.456,-18.42,-18.322,-18.325,-18.374,-18.386,-18.496,-18.418,-18.394,-18.426,-18.446,-18.38,-18.549,-18.604,-18.521,-18.546,-18.66,-18.573,-18.674,-18.591,-18.762,-18.784,-18.64,-18.803,-18.789,-18.795,-18.738,-18.83,-18.925,-18.937,-18.917,-19.032,-19.163,-19.065,-19.22,-19.243,-19.365,-19.202,-19.325,-19.44,-19.432,-19.466,-19.581,-19.674,-19.637,-19.803,-19.897,-19.89,-20.011,-20.09,-20.212,-20.313,-20.365,-20.599,-20.629,-20.783,-20.834,-20.881,-20.928,-21.004,-21.079,-21.089,-21.228,-21.328,-21.367,-21.449,-21.544,-21.561,-21.651,-21.91,-21.909,-22.037,-22.184,-22.201,-22.326,-22.54,-22.536,-22.842,-22.934,-23.033,-23.169,-23.346,-23.531,-23.728,-23.715,-23.911,-24.105,-24.251,-24.342,-24.458,-24.75,-24.799,-25.02,-25.148,-25.287,-25.494,-25.648,-25.855,-26.103,-26.186,-26.32,-26.54,-26.722,-26.963,-27.165,-27.4,-27.602,-27.685,-27.935,-28.135,-28.324,-28.636,-28.776,-29.012,-29.256,-29.473,-29.668,-29.873,-30.108,-30.328,-30.634,-30.857,-31.061,-31.342,-31.614,-31.83,-32.148,-32.481,-32.635,-32.891,-33.246,-33.472,-33.818,-34.02,-34.35,-34.651,-34.919,-35.182,-35.492,-35.742,-35.959,-36.402,-36.796,-37.06,-37.431,-37.809,-38.135,-38.474,-38.815,-39.154,-39.534,-39.86,-40.249,-40.584,-40.899,-41.246,-41.658,-42,-42.384,-42.733,-43.099,-43.457,-43.816,-44.192,-44.637,-45.033,-45.375,-45.773,-46.153,-46.575,-46.926,-47.349,-47.676,-48.153,-48.531,-48.942,-49.369,-49.751,-50.179,-50.582,-51.009,-51.433,-51.784,-52.272,-52.666,-53.118,-53.509,-53.939,-54.307,-54.719,-55.157,-55.588,-55.969,-56.41,-56.804,-57.212,-57.638,-58.051,-58.445,-58.862,-59.251,-59.667,-60.085,-60.472,-60.848,-61.249,-61.682,-62.066,-62.445,-62.822,-63.199,-63.602,-63.999,-64.363,-64.751,-65.088,-65.487,-65.833,-66.183,-66.539,-66.877,-67.219,-67.563,-67.905,-68.237,-68.566,-68.914,-69.243,-69.573,-69.913,-70.239,-70.54,-70.869,-71.17,-71.469,-71.779,-72.088,-72.374,-72.702,-72.966,-73.298,-73.561,-73.823,-74.083,-74.368,-74.631,-74.897,-75.167,-75.444,-75.624,-75.862,-76.078,-76.306,-76.534,-76.782,-77.008,-77.232,-77.455,-77.661,-77.884,-78.106,-78.324,-78.524,-78.724,-78.916,-79.098,-79.296,-79.484,-79.668,-79.831,-79.971,-80.133,-80.279,-80.415,-80.552,-80.72,-80.876,-81.03,-81.171,-81.363,-81.506,-81.627,-81.744,-81.867,-81.968,-82.08,-82.204,-82.329,-82.462,-82.576,-82.675,-82.776,-82.871,-82.964,-83.015,-83.135,-83.248,-83.358,-83.477,-83.52,-83.616
-55.226,-21.176,-22.776,-19.662,-18.184,-16.273,-20.391,-19.483,-18.932,-19.726,-20.493,-21.23,-18.609,-19.254,-19.76,-20.057,-18.214,-18.004,-16.864,-17.767,-17.712,-16.191,-14.984,-15.896,-16.035,-16.427,-15.393,-15.749,-16.325,-16.512,-16.577,-17.899,-17.122,-16.576,-16.28,-17.163,-17.231,-16.982,-17.117,-16.94,-18.247,-17.207,-16.887,-16.811,-16.352,-17.074,-16.533,-17.063,-17.045,-16.139,-16.588,-16.612,-16.108,-16.485,-15.958,-15.843,-16.003,-16.095,-16.319,-16.531,-17.038,-16.857,-16.711,-16.535,-16.547,-16.706,-16.593,-16.744,-16.763,-16.725,-17.205,-16.772,-16.917,-16.785,-16.446,-16.554,-16.625,-16.627,-16.615,-16.411,-16.361,-16.404,-16.421,-16.491,-16.2,-16.464,-16.283,-16.559,-16.476,-16.567,-16.667,-16.613,-16.788,-16.85,-16.748,-16.756,-17.012,-16.692,-16.808,-17.082,-17.085,-16.855,-16.983,-17.007,-17.117,-17.113,-17.162,-17.094,-17.204,-17.354,-17.227,-17.258,-17.258,-17.319,-17.215,-17.36,-17.286,-17.423,-17.515,-17.467,-17.515,-17.599,-17.7,-17.629,-17.634,-17.725,-17.654,-17.854,-17.755,-17.845,-17.903,-17.999,-18.044,-18.107,-18.127,-18.146,-18.212,-18.415,-18.404,-18.485,-18.45,-18.58,-18.693,-18.737,-18.807,-18.77,-18.974,-18.988,-19.139,-19.159,-19.346,-19.559,-19.579,-19.717,-19.855,-19.913,-20.032,-20.023,-20.044,-20.156,-20.302,-20.283,-20.491,-20.628,-20.631,-20.721,-20.805,-20.873,-21.204,-21.19,-21.147,-21.244,-21.547,-21.482,-21.76,-21.918,-22.037,-22.165,-22.401,-22.414,-22.524,-22.782,-22.805,-23.036,-23.237,-23.336,-23.597,-23.723,-23.811,-23.978,-24.105,-24.233,-24.514,-24.75,-24.806,-24.985,-25.2,-25.433,-25.537,-25.774,-25.96,-26.119,-26.335,-26.518,-26.78,-26.827,-27.063,-27.36,-27.56,-27.821,-27.933,-28.176,-28.443,-28.708,-28.829,-29.146,-29.391,-29.552,-29.808,-30.003,-30.339,-30.56,-30.794,-31.122,-31.363,-31.635,-31.909,-32.125,-32.458,-32.683,-33.039,-33.247,-33.548,-33.723,-34.156,-34.458,-34.709,-35.039,-35.232,-35.629,-35.93,-36.232,-36.566,-36.958,-37.328,-37.619,-37.978,-38.355,-38.672,-39.077,-39.35,-39.754,-40.076,-40.464,-40.825,-41.163,-41.511,-41.919,-42.295,-42.697,-43.011,-43.442,-43.805,-44.172,-44.581,-44.91,-45.355,-45.672,-46.067,-46.539,-46.943,-47.305,-47.705,-48.143,-48.511,-48.97,-49.392,-49.812,-50.16,-50.64,-51.03,-51.457,-51.851,-52.265,-52.689,-53.13,-53.564,-53.964,-54.367,-54.786,-55.184,-55.609,-56.009,-56.446,-56.894,-57.281,-57.725,-58.082,-58.521,-58.932,-59.34,-59.745,-60.147,-60.553,-60.956,-61.353,-61.768,-62.128,-62.526,-62.892,-63.307,-63.704,-64.073,-64.43,-64.811,-65.199,-65.541,-65.912,-66.297,-66.628,-66.986,-67.311,-67.684,-68.015,-68.352,-68.709,-69.014,-69.35,-69.702,-70.025,-70.35,-70.668,-70.958,-71.276,-71.574,-71.887,-72.18,-72.49,-72.78,-73.092,-73.376,-73.645,-73.934,-74.21,-74.462,-74.727,-75.007,-75.278,-75.524,-75.74,-75.961,-76.189,-76.411,-76.65,-76.882,-77.111,-77.32,-77.544,-77.76,-77.97,-78.199,-78.414,-78.612,-78.825,-79.026,-79.21,-79.385,-79.581,-79.745,-79.902,-80.066,-80.222,-80.371,-80.514,-80.638,-80.807,-80.975,-81.121,-81.262,-81.447,-81.593,-81.72,-81.837,-81.946,-82.045,-82.157,-82.278,-82.408,-82.535,-82.651,-82.76,-82.857,-82.945,-83.033,-83.103,-83.211,-83.318,-83.437,-83.547,-83.588,-83.69
-22.416,-23.532,-24.753,-21.986,-21.383,-21.687,-20.19,-21.094,-22.05,-20.257,-21.742,-19.74,-20.879,-21.234,-22.87,-21.473,-20.028,-20.878,-20.446,-18.697,-19.527,-19.518,-19.843,-19.601,-20.299,-19.544,-18.944,-19.386,-19.872,-19.868,-19.415,-19.482,-18.611,-19.917,-19.281,-19.14,-19.262,-19.559,-19.346,-19.961,-19.891,-19.544,-19.164,-19.11,-19.306,-19.003,-19.364,-18.469,-19.669,-18.509,-18.815,-18.575,-18.461,-18.116,-18.351,-18.336,-17.929,-18.129,-18.258,-18.628,-18.712,-18.601,-18.414,-18.092,-18.119,-18.213,-18.135,-18.132,-18.243,-18.474,-18.663,-18.457,-18.351,-17.995,-18.166,-18.002,-18.047,-17.93,-18.053,-17.837,-17.731,-17.755,-17.523,-17.574,-17.511,-17.526,-17.56,-17.613,-17.707,-17.832,-17.895,-17.643,-17.822,-17.742,-17.691,-17.689,-17.657,-17.645,-17.754,-17.754,-17.804,-17.773,-17.784,-17.808,-17.864,-17.84,-17.839,-17.929,-17.863,-17.77,-17.772,-17.845,-17.802,-17.767,-17.863,-17.859,-17.865,-17.869,-17.874,-17.807,-17.922,-17.888,-17.848,-17.903,-17.996,-17.903,-17.873,-17.899,-17.889,-18.018,-18.025,-18.051,-18.045,-18.036,-18.074,-18.191,-18.1,-18.216,-18.214,-18.334,-18.269,-18.261,-18.3,-18.353,-18.422,-18.426,-18.394,-18.483,-18.515,-18.565,-18.648,-18.686,-18.77,-18.881,-18.824,-18.968,-18.923,-18.993,-19.012,-19.051,-19.07,-19.128,-19.098,-19.13,-19.16,-19.232,-19.26,-19.269,-19.308,-19.389,-19.406,-19.474,-19.596,-19.666,-19.715,-19.662,-19.74,-19.819,-19.938,-19.951,-19.99,-20.118,-20.204,-20.266,-20.334,-20.406,-20.477,-20.564,-20.572,-20.698,-20.82,-20.895,-20.984,-21.018,-21.102,-21.188,-21.322,-21.404,-21.463,-21.603,-21.602,-21.749,-21.87,-21.986,-22.114,-22.188,-22.318,-22.39,-22.521,-22.577,-22.755,-22.877,-22.928,-23.169,-23.189,-23.341,-23.497,-23.551,-23.751,-23.961,-24.067,-24.23,-24.45,-24.566,-24.734,-24.866,-25.043,-25.233,-25.536,-25.615,-25.83,-26.009,-26.206,-26.359,-26.597,-26.866,-26.987,-27.177,-27.411,-27.685,-27.951,-28.178,-28.497,-28.658,-28.961,-29.274,-29.53,-29.783,-30.086,-30.381,-30.663,-30.961,-31.246,-31.517,-31.86,-32.179,-32.511,-32.81,-33.099,-33.447,-33.86,-34.081,-34.489,-34.813,-35.184,-35.524,-35.879,-36.298,-36.663,-37.025,-37.437,-37.79,-38.224,-38.642,-39.117,-39.499,-39.895,-40.324,-40.801,-41.246,-41.682,-42.128,-42.563,-43.041,-43.453,-43.943,-44.426,-44.851,-45.349,-45.793,-46.317,-46.777,-47.28,-47.729,-48.255,-48.746,-49.263,-49.725,-50.233,-50.74,-51.23,-51.757,-52.221,-52.737,-53.204,-53.719,-54.257,-54.722,-55.198,-55.698,-56.188,-56.717,-57.179,-57.68,-58.161,-58.632,-59.112,-59.575,-60.045,-60.509,-60.978,-61.443,-61.911,-62.351,-62.802,-63.26,-63.707,-64.146,-64.554,-65.016,-65.45,-65.855,-66.281,-66.674,-67.085,-67.491,-67.909,-68.301,-68.695,-69.097,-69.474,-69.845,-70.22,-70.552,-70.925,-71.269,-71.611,-71.965,-72.308,-72.608,-72.901,-73.201,-73.504,-73.805,-74.121,-74.414,-74.697,-74.978,-75.278,-75.551,-75.841,-76.121,-76.379,-76.636,-76.889,-77.135,-77.382,-77.624,-77.839,-78.041,-78.251,-78.458,-78.65,-78.835,-79.017,-79.221,-79.423,-79.608,-79.804,-80.023,-80.21,-80.36,-80.518,-80.665,-80.79,-80.937,-81.097,-81.255,-81.419,-81.557,-81.703,-81.822,-81.934,-82.051,-82.135,-82.269,-82.405,-82.543,-82.682,-82.736,-82.853
7.0002,-25.613,-22.695,-23.211,-22.665,-26.621,-23.26,-19.871,-24.873,-23.858,-24.585,-23.461,-23.866,-23.254,-24.132,-22.638,-21.954,-20.378,-21.297,-22.464,-20.984,-21.567,-20.541,-20.097,-20.029,-21.035,-21.521,-19.929,-20.961,-20.158,-20.457,-20.429,-20.973,-20.412,-19.869,-20.427,-19.583,-19.941,-20.215,-19.945,-20.696,-20.308,-20.47,-20.287,-20.071,-19.649,-19.962,-19.663,-19.872,-20.127,-19.492,-19.381,-19.206,-18.981,-18.9,-18.828,-18.785,-18.775,-18.929,-19.224,-19.514,-19.236,-19.218,-19.011,-18.766,-18.756,-18.653,-18.655,-18.922,-18.745,-18.899,-18.934,-18.69,-18.679,-18.597,-18.37,-18.413,-18.294,-18.411,-18.276,-18.172,-17.981,-17.861,-17.9,-17.818,-17.785,-17.889,-17.924,-17.961,-17.891,-18.01,-17.992,-17.994,-17.858,-17.773,-17.755,-17.763,-17.726,-17.888,-17.88,-17.867,-17.845,-17.839,-17.879,-17.701,-17.8,-17.816,-17.861,-17.814,-17.727,-17.75,-17.685,-17.723,-17.747,-17.724,-17.703,-17.683,-17.833,-17.776,-17.725,-17.742,-17.622,-17.578,-17.711,-17.669,-17.713,-17.631,-17.622,-17.667,-17.698,-17.701,-17.763,-17.744,-17.776,-17.738,-17.735,-17.748,-17.765,-17.779,-17.84,-17.839,-17.836,-17.854,-17.967,-17.979,-17.91,-18.01,-18.075,-18.012,-18.041,-18.166,-18.13,-18.273,-18.3,-18.387,-18.395,-18.379,-18.502,-18.455,-18.487,-18.486,-18.547,-18.497,-18.561,-18.509,-18.64,-18.609,-18.655,-18.643,-18.775,-18.778,-18.897,-18.948,-18.948,-19.063,-19.099,-19.106,-19.25,-19.29,-19.382,-19.33,-19.472,-19.503,-19.616,-19.704,-19.754,-19.846,-19.878,-20.047,-20.041,-20.078,-20.146,-20.302,-20.435,-20.435,-20.58,-20.545,-20.714,-20.839,-20.861,-20.905,-21.038,-21.161,-21.285,-21.396,-21.551,-21.58,-21.7,-21.832,-21.942,-22.053,-22.157,-22.373,-22.473,-22.547,-22.659,-22.837,-22.956,-23.154,-23.299,-23.394,-23.572,-23.738,-23.945,-24.057,-24.254,-24.486,-24.562,-24.813,-24.956,-25.226,-25.425,-25.541,-25.802,-25.991,-26.15,-26.339,-26.588,-26.761,-27.051,-27.298,-27.492,-27.813,-28.071,-28.362,-28.62,-28.922,-29.196,-29.505,-29.767,-30.039,-30.38,-30.7,-30.998,-31.25,-31.637,-31.926,-32.263,-32.59,-32.913,-33.253,-33.641,-33.984,-34.31,-34.672,-35.039,-35.448,-35.833,-36.227,-36.644,-37.01,-37.423,-37.835,-38.308,-38.697,-39.105,-39.526,-40.002,-40.453,-40.915,-41.334,-41.821,-42.3,-42.716,-43.231,-43.72,-44.206,-44.672,-45.139,-45.645,-46.117,-46.612,-47.114,-47.605,-48.07,-48.639,-49.12,-49.641,-50.153,-50.631,-51.154,-51.676,-52.193,-52.675,-53.206,-53.682,-54.209,-54.749,-55.227,-55.75,-56.225,-56.746,-57.242,-57.687,-58.23,-58.719,-59.182,-59.682,-60.136,-60.612,-61.107,-61.558,-62.009,-62.478,-62.935,-63.399,-63.83,-64.285,-64.72,-65.15,-65.594,-66.037,-66.43,-66.845,-67.256,-67.663,-68.062,-68.483,-68.877,-69.279,-69.663,-70.021,-70.381,-70.75,-71.1,-71.45,-71.799,-72.152,-72.506,-72.802,-73.079,-73.384,-73.682,-73.983,-74.286,-74.589,-74.879,-75.166,-75.439,-75.721,-76.01,-76.287,-76.548,-76.803,-77.052,-77.285,-77.536,-77.775,-78.005,-78.225,-78.404,-78.618,-78.805,-78.994,-79.175,-79.374,-79.582,-79.766,-79.948,-80.167,-80.339,-80.502,-80.651,-80.802,-80.944,-81.08,-81.235,-81.389,-81.545,-81.687,-81.819,-81.95,-82.057,-82.165,-82.261,-82.391,-82.516,-82.657,-82.799,-82.85,-82.975
-26.017,-26.918,-23.591,-25.188,-24.278,-23.936,-24.423,-22.575,-24.258,-23.664,-22.386,-23.702,-23.483,-24.874,-21.304,-21.896,-22.344,-22.56,-20.742,-20.716,-21.158,-21.203,-20.416,-20.86,-20.204,-19.531,-19.755,-19.785,-20.456,-19.593,-19.933,-21.295,-19.471,-20.003,-19.744,-19.977,-19.217,-19.544,-19.275,-19.84,-19.966,-19.712,-19.742,-19.401,-18.933,-18.96,-19.554,-19.669,-19.682,-19.477,-19.158,-18.693,-18.387,-18.026,-18.395,-18.025,-18.136,-18.141,-18.511,-18.527,-18.63,-18.848,-18.707,-18.506,-18.083,-18.064,-18.223,-18.278,-18.485,-18.307,-18.664,-18.215,-18.127,-17.95,-17.844,-17.851,-17.855,-17.995,-17.942,-17.697,-17.52,-17.339,-17.541,-17.317,-17.233,-17.431,-17.372,-17.504,-17.425,-17.455,-17.613,-17.544,-17.626,-17.453,-17.405,-17.431,-17.452,-17.529,-17.491,-17.619,-17.626,-17.544,-17.535,-17.501,-17.632,-17.49,-17.585,-17.508,-17.583,-17.501,-17.597,-17.538,-17.591,-17.607,-17.624,-17.618,-17.604,-17.618,-17.716,-17.675,-17.632,-17.609,-17.698,-17.665,-17.648,-17.731,-17.679,-17.735,-17.695,-17.715,-17.807,-17.852,-17.831,-17.859,-17.905,-17.98,-17.986,-17.929,-17.982,-18.096,-18.08,-18.062,-18.089,-18.211,-18.231,-18.242,-18.307,-18.285,-18.46,-18.452,-18.52,-18.526,-18.661,-18.72,-18.753,-18.847,-18.795,-18.884,-18.874,-18.934,-19.036,-19.043,-19.049,-19.063,-19.045,-19.172,-19.118,-19.282,-19.238,-19.258,-19.356,-19.404,-19.504,-19.57,-19.587,-19.609,-19.676,-19.743,-19.811,-19.913,-20.009,-20.039,-20.145,-20.206,-20.27,-20.36,-20.449,-20.503,-20.573,-20.644,-20.709,-20.883,-20.949,-20.942,-21.153,-21.15,-21.226,-21.322,-21.458,-21.538,-21.573,-21.656,-21.786,-21.983,-21.982,-22.143,-22.204,-22.358,-22.459,-22.604,-22.669,-22.851,-22.952,-23.033,-23.206,-23.328,-23.489,-23.591,-23.745,-23.892,-24.056,-24.201,-24.327,-24.491,-24.708,-24.839,-25.051,-25.237,-25.436,-25.639,-25.804,-25.948,-26.158,-26.317,-26.556,-26.79,-26.964,-27.2,-27.373,-27.606,-27.88,-28.131,-28.364,-28.671,-28.975,-29.254,-29.502,-29.815,-30.09,-30.413,-30.688,-30.995,-31.258,-31.559,-31.918,-32.257,-32.559,-32.931,-33.175,-33.541,-33.874,-34.246,-34.593,-34.999,-35.371,-35.754,-36.143,-36.496,-36.904,-37.297,-37.698,-38.157,-38.568,-38.994,-39.403,-39.834,-40.283,-40.752,-41.219,-41.67,-42.114,-42.577,-43.079,-43.544,-44.014,-44.493,-44.954,-45.458,-45.931,-46.421,-46.93,-47.427,-47.932,-48.428,-48.925,-49.447,-49.917,-50.454,-50.929,-51.487,-51.995,-52.493,-53.035,-53.524,-54.014,-54.528,-55.036,-55.516,-56.055,-56.584,-57.074,-57.569,-58.038,-58.532,-59.047,-59.532,-60.003,-60.479,-60.953,-61.429,-61.888,-62.341,-62.789,-63.269,-63.705,-64.156,-64.585,-65.04,-65.462,-65.885,-66.332,-66.754,-67.145,-67.548,-67.948,-68.363,-68.75,-69.132,-69.531,-69.932,-70.317,-70.665,-71.019,-71.365,-71.728,-72.071,-72.4,-72.736,-73.064,-73.354,-73.646,-73.934,-74.245,-74.525,-74.817,-75.123,-75.399,-75.669,-75.94,-76.216,-76.488,-76.762,-77.02,-77.267,-77.506,-77.735,-77.969,-78.207,-78.421,-78.618,-78.807,-79.008,-79.205,-79.371,-79.535,-79.736,-79.928,-80.119,-80.289,-80.496,-80.674,-80.822,-80.974,-81.12,-81.235,-81.38,-81.526,-81.672,-81.828,-81.964,-82.095,-82.209,-82.318,-82.428,-82.507,-82.638,-82.764,-82.89,-83.019,-83.076,-83.19
-4.7781,-25.858,-26.334,-23.213,-22.128,-23.264,-24.962,-24.833,-23.003,-23.176,-25.387,-23.969,-23.351,-22.726,-22.278,-21.575,-22.183,-21.2,-21.826,-21.137,-20.667,-20.937,-21.856,-20.342,-20.703,-20.518,-18.968,-20.686,-19.271,-19.898,-21.314,-19.596,-19.702,-20.344,-20.229,-20.173,-20.374,-19.869,-20.631,-20.372,-20.124,-20.543,-20.274,-19.321,-19.446,-19.582,-19.794,-19.217,-19.9,-19.338,-19.214,-18.681,-18.853,-18.813,-18.579,-18.346,-18.246,-18.386,-18.919,-19.099,-19.057,-19.101,-18.583,-18.64,-18.528,-18.685,-18.613,-18.349,-18.558,-18.769,-18.865,-18.73,-18.344,-18.353,-18.249,-18.221,-18.204,-18.264,-18.222,-18.008,-17.872,-17.784,-17.625,-17.676,-17.702,-17.757,-17.842,-17.761,-17.887,-17.881,-17.872,-18.035,-17.919,-17.91,-17.855,-17.88,-17.91,-17.9,-17.842,-17.936,-18.023,-18.028,-17.996,-17.968,-18.007,-17.89,-17.942,-18.058,-18.034,-17.993,-18,-18.016,-18.052,-18.069,-18,-18.037,-18.083,-18.174,-18.217,-18.066,-18.122,-18.19,-18.235,-18.253,-18.132,-18.244,-18.24,-18.296,-18.288,-18.279,-18.396,-18.5,-18.39,-18.444,-18.488,-18.515,-18.499,-18.491,-18.665,-18.629,-18.788,-18.682,-18.755,-18.735,-18.829,-18.895,-18.909,-18.928,-18.965,-19.024,-19.1,-19.173,-19.24,-19.228,-19.385,-19.406,-19.429,-19.566,-19.514,-19.506,-19.541,-19.552,-19.745,-19.708,-19.785,-19.829,-19.82,-19.804,-19.881,-19.896,-19.919,-20.076,-20.097,-20.115,-20.251,-20.312,-20.296,-20.437,-20.492,-20.575,-20.611,-20.746,-20.772,-20.816,-20.946,-20.985,-21.081,-21.16,-21.149,-21.271,-21.365,-21.477,-21.551,-21.591,-21.677,-21.775,-21.859,-21.901,-22,-22.036,-22.188,-22.233,-22.325,-22.461,-22.578,-22.714,-22.661,-22.815,-22.956,-23.132,-23.136,-23.309,-23.403,-23.535,-23.71,-23.758,-23.947,-24.049,-24.127,-24.3,-24.472,-24.595,-24.689,-24.9,-25.05,-25.216,-25.357,-25.585,-25.73,-25.876,-26.146,-26.241,-26.434,-26.551,-26.769,-26.984,-27.219,-27.393,-27.568,-27.817,-28.006,-28.216,-28.531,-28.765,-29.002,-29.28,-29.563,-29.853,-30.142,-30.321,-30.668,-30.914,-31.231,-31.533,-31.833,-32.113,-32.437,-32.697,-33.088,-33.394,-33.702,-34.029,-34.335,-34.744,-35.062,-35.432,-35.815,-36.19,-36.536,-36.924,-37.315,-37.72,-38.102,-38.476,-38.948,-39.368,-39.74,-40.189,-40.625,-41.053,-41.479,-41.895,-42.381,-42.864,-43.325,-43.74,-44.235,-44.702,-45.185,-45.629,-46.125,-46.592,-47.099,-47.572,-48.068,-48.584,-49.075,-49.605,-50.048,-50.563,-51.072,-51.559,-52.055,-52.547,-53.059,-53.559,-54.104,-54.56,-55.05,-55.575,-56.054,-56.57,-57.042,-57.553,-58.031,-58.514,-58.999,-59.47,-59.932,-60.415,-60.891,-61.338,-61.814,-62.251,-62.714,-63.175,-63.599,-64.065,-64.49,-64.952,-65.347,-65.777,-66.213,-66.603,-67.03,-67.449,-67.836,-68.243,-68.645,-69.049,-69.451,-69.793,-70.173,-70.527,-70.884,-71.239,-71.569,-71.942,-72.271,-72.565,-72.886,-73.177,-73.475,-73.783,-74.094,-74.384,-74.687,-74.96,-75.262,-75.541,-75.825,-76.093,-76.375,-76.627,-76.873,-77.125,-77.365,-77.609,-77.832,-78.049,-78.243,-78.454,-78.638,-78.824,-79.004,-79.215,-79.43,-79.603,-79.783,-80.013,-80.198,-80.343,-80.504,-80.662,-80.786,-80.936,-81.104,-81.247,-81.401,-81.555,-81.692,-81.808,-81.924,-82.043,-82.12,-82.267,-82.404,-82.532,-82.674,-82.736,-82.854
