1,,(1.67080827602e-10+0.000517826654295j),(-0.000140946796993+2.05146821772e-05j) (0.000140946985018+2.05148404942e-05j),(-6.48071073585e-05+4.56051708222e-06j) (6.48071888114e-05+4.56066099207e-06j),(-4.49565912464e-05+5.05378690927e-06j) (4.49566298944e-05+5.05389868496e-06j),(-3.46797251846e-05+3.28396699698e-06j) (3.46797465706e-05+3.28405504017e-06j),(-2.82410636787e-05+2.31451871511e-06j) (2.82410767867e-05+2.31459101411e-06j),(-2.39742380871e-05+1.71216736764e-06j) (2.39742466575e-05+1.71222871152e-06j),(-2.07899679026e-05+1.22793985484e-06j) (2.07899736641e-05+1.22799339025e-06j),(-1.82807359038e-05+8.42116343664e-07j) (1.828073959e-05+8.42164109652e-07j),(-1.62729469031e-05+5.96293346585e-07j) (1.627294891e-05+5.96336442121e-07j),(-1.47407181437e-05+4.09573644617e-07j) (1.47407189905e-05+4.09613020352e-07j),
1,,(1.54184942004e-10+0.000480547237884j),(-0.000132342838395+2.22279507799e-05j) (0.00013234301194+2.22280947305e-05j),(-6.15902341604e-05+4.45853025836e-06j) (6.15903114671e-05+4.45866233585e-06j),(-4.28082017433e-05+4.62371474613e-06j) (4.280823905e-05+4.62381851094e-06j),(-3.31451628202e-05+3.00705237945e-06j) (3.3145183574e-05+3.0071345198e-06j),(-2.69488888804e-05+2.06315864392e-06j) (2.6948901614e-05+2.06322630441e-06j),(-2.29481096999e-05+1.47559473921e-06j) (2.29481179404e-05+1.47565223993e-06j),(-1.98853788939e-05+1.01909646421e-06j) (1.98853843508e-05+1.01914667133e-06j),(-1.74664978083e-05+6.44036897929e-07j) (1.74665011433e-05+6.44081722299e-07j),(-1.55588622712e-05+3.98510729844e-07j) (1.55588638191e-05+3.98551048554e-07j),(-1.40633365639e-05+2.18161245944e-07j) (1.40633369716e-05+2.18197817939e-07j),
1,,(1.46582277336e-10+0.00045749479519j),(-0.000125902899577+2.29309689894e-05j) (0.000125903063836+2.29311052409e-05j),(-5.8870463586e-05+4.13257588457e-06j) (5.88705368035e-05+4.13270107845e-06j),(-4.09807486023e-05+4.44666804246e-06j) (4.09807836152e-05+4.44676628274e-06j),(-3.17281943096e-05+2.86389700533e-06j) (3.17282136561e-05+2.86397443097e-06j),(-2.58612518804e-05+1.89121596805e-06j) (2.58612638338e-05+1.89127949876e-06j),(-2.2050787314e-05+1.35313277897e-06j) (2.20507952009e-05+1.35318668797e-06j),(-1.91361334018e-05+9.20459498724e-07j) (1.91361386749e-05+9.2050654881e-07j),(-1.68378200445e-05+5.61710617548e-07j) (1.68378232961e-05+5.61752473589e-07j),(-1.5016819008e-05+3.13850482352e-07j) (1.50168206547e-05+3.13887936628e-07j),(-1.36136384255e-05+1.4092017176e-07j) (1.36136391576e-05+1.40953977644e-07j),
1,,(1.36908313883e-10+0.000427873862493j),(-0.00012113671517+2.36411731919e-05j) (0.000121136867416+2.36412988781e-05j),(-5.67157347738e-05+4.84805027159e-06j) (5.67158037496e-05+4.84816465279e-06j),(-3.9409415602e-05+4.70653335893e-06j) (3.94094502301e-05+4.70662311873e-06j),(-3.04838583424e-05+3.11760733754e-06j) (3.0483878798e-05+3.11767838521e-06j),(-2.48698321606e-05+2.18888828113e-06j) (2.48698458658e-05+2.18894680334e-06j),(-2.118036404e-05+1.67418420791e-06j) (2.11803741173e-05+1.67423409712e-06j),(-1.83634845348e-05+1.2114252064e-06j) (1.83634923334e-05+1.21146909056e-06j),(-1.61468116701e-05+8.74036949068e-07j) (1.61468176312e-05+8.74076493807e-07j),(-1.43998273072e-05+6.2682426853e-07j) (1.43998316195e-05+6.26860199291e-07j),(-1.3021479457e-05+4.514119353e-07j) (1.302148259e-05+4.51444854882e-07j),
1,,(1.29470744243e-10+0.000416489175594j),(-0.000121726532353+2.3666623121e-05j) (0.000121726670814+2.36667453364e-05j),(-5.66995091531e-05+4.91538515561e-06j) (5.66995670584e-05+4.91549413355e-06j),(-3.93391374142e-05+4.6073011942e-06j) (3.93391634062e-05+4.60738568525e-06j),(-3.04944972186e-05+2.97069206243e-06j) (3.04945102311e-05+2.97075862404e-06j),(-2.48788229741e-05+2.06089072626e-06j) (2.48788297115e-05+2.06094536504e-06j),(-2.11804541384e-05+1.52624388339e-06j) (2.11804574114e-05+1.52629023894e-06j),(-1.83426299858e-05+1.04090375979e-06j) (1.83426310242e-05+1.04094423669e-06j),(-1.61078037742e-05+7.0489711742e-07j) (1.61078030234e-05+7.04933206409e-07j),(-1.4353028236e-05+4.42453767613e-07j) (1.43530259532e-05+4.42486126575e-07j),(-1.29959399938e-05+2.5439554066e-07j) (1.29959367103e-05+2.54424777068e-07j),
1,,(1.29108128891e-10+0.00039824995329j),(-0.000116317330369+2.21398068813e-05j) (0.000116317471093+2.21399260033e-05j),(-5.44211832589e-05+4.82202666293e-06j) (5.4421245399e-05+4.82213309631e-06j),(-3.76563191332e-05+4.62105216837e-06j) (3.7656350273e-05+4.62113485754e-06j),(-2.92079849183e-05+3.01773479636e-06j) (2.92080034984e-05+3.01780024019e-06j),(-2.38568998606e-05+2.1256303731e-06j) (2.38569123605e-05+2.12568451305e-06j),(-2.02900155566e-05+1.63087019379e-06j) (2.02900245963e-05+1.63091660077e-06j),(-1.76103601244e-05+1.14034836841e-06j) (1.76103667972e-05+1.14038934829e-06j),(-1.54670316991e-05+7.65057472841e-07j) (1.54670363581e-05+7.65094398758e-07j),(-1.37893211388e-05+5.55052154708e-07j) (1.37893239915e-05+5.55085542037e-07j),(-1.24664701605e-05+3.74341426466e-07j) (1.24664717548e-05+3.74371722296e-07j),
1,,(1.20037189668e-10+0.000382931748223j),(-0.000112540631091+2.17695048743e-05j) (0.000112540757536+2.17696188643e-05j),(-5.27664095654e-05+4.98194562004e-06j) (5.27664606426e-05+4.98204694542e-06j),(-3.66760238044e-05+4.46969292828e-06j) (3.66760452334e-05+4.4697710644e-06j),(-2.85080399802e-05+2.88189546199e-06j) (2.8508049501e-05+2.88195659865e-06j),(-2.32794169288e-05+1.98331300706e-06j) (2.32794208657e-05+1.98336286972e-06j),(-1.98292293557e-05+1.49478204149e-06j) (1.98292303039e-05+1.49482410461e-06j),(-1.71784127529e-05+1.04559635622e-06j) (1.71784118725e-05+1.04563290439e-06j),(-1.51236078162e-05+7.15559696109e-07j) (1.51236055232e-05+7.15592212226e-07j),(-1.35013567712e-05+5.12862228074e-07j) (1.3501353268e-05+5.12891425805e-07j),(-1.22380643899e-05+3.30846157082e-07j) (1.22380600364e-05+3.30872692878e-07j),
1,,(1.18246289745e-10+0.000375058010677j),(-0.000110118632301+2.15382444974e-05j) (0.000110118757431+2.15383559634e-05j),(-5.19242878194e-05+5.05365313467e-06j) (5.19243392965e-05+5.05375243602e-06j),(-3.61147202526e-05+4.39467139988e-06j) (3.61147427128e-05+4.39474827422e-06j),(-2.80680596019e-05+2.85069569094e-06j) (2.80680702192e-05+2.85075614828e-06j),(-2.29119129432e-05+2.01418940624e-06j) (2.29119178814e-05+2.01423889129e-06j),(-1.9508368973e-05+1.51149831016e-06j) (1.95083708399e-05+1.51154017929e-06j),(-1.68879896254e-05+1.05696241521e-06j) (1.68879895101e-05+1.05699890739e-06j),(-1.48354276559e-05+7.10304815788e-07j) (1.48354259374e-05+7.10337262912e-07j),(-1.32162063722e-05+4.99808501945e-07j) (1.3216203315e-05+4.99837474486e-07j),(-1.19319806499e-05+2.52908819036e-07j) (1.19319767517e-05+2.52934870064e-07j),
1,,(1.1377588635e-10+0.000363187654372j),(-0.000108204029397+2.20050646847e-05j) (0.000108204148525+2.20051714615e-05j),(-5.10993865341e-05+5.20921204964e-06j) (5.10994353012e-05+5.20930619482e-06j),(-3.55295302224e-05+4.45443016372e-06j) (3.55295516922e-05+4.45450239266e-06j),(-2.76268548057e-05+2.89780875475e-06j) (2.76268654659e-05+2.89786505033e-06j),(-2.25513428604e-05+2.00603892614e-06j) (2.25513485744e-05+2.00608476078e-06j),(-1.9201324848e-05+1.50593416456e-06j) (1.92013279089e-05+1.50597286394e-06j),(-1.66452961851e-05+1.06167558869e-06j) (1.66452975389e-05+1.0617092415e-06j),(-1.46706542951e-05+7.1616344205e-07j) (1.46706542817e-05+7.16193313473e-07j),(-1.30673359676e-05+4.82764143685e-07j) (1.30673348138e-05+4.8279074847e-07j),(-1.18259769748e-05+3.17089794783e-07j) (1.18259752186e-05+3.17113658704e-07j),
1,,(1.11901357394e-10+0.000357450454564j),(-0.000106935602418+2.22277074361e-05j) (0.000106935719397+2.22278124616e-05j),(-5.04251748998e-05+5.37859176377e-06j) (5.04252230658e-05+5.37868483629e-06j),(-3.50958331859e-05+4.55567981614e-06j) (3.50958543786e-05+4.55575207657e-06j),(-2.72851209652e-05+3.03092022288e-06j) (2.72851310888e-05+3.03097734541e-06j),(-2.22596000301e-05+2.12680110527e-06j) (2.22596047372e-05+2.12684824412e-06j),(-1.89690100693e-05+1.61450188388e-06j) (1.89690116168e-05+1.61454210266e-06j),(-1.64368804464e-05+1.16029794251e-06j) (1.64368798255e-05+1.16033316302e-06j),(-1.44856777579e-05+8.44653676473e-07j) (1.44856753697e-05+8.44685047907e-07j),(-1.28685519395e-05+5.90606475475e-07j) (1.28685480673e-05+5.90634451759e-07j),(-1.16687933932e-05+4.41221176887e-07j) (1.16687886245e-05+4.4124620731e-07j),
1,,(1.12916766045e-10+0.000348750069496j),(-0.000105176618719+2.22095193452e-05j) (0.000105176739763+2.22096213057e-05j),(-4.96368795445e-05+5.31931662306e-06j) (4.96369342862e-05+5.31940647147e-06j),(-3.45609049894e-05+4.39612227363e-06j) (3.45609341447e-05+4.39619224816e-06j),(-2.68961508213e-05+2.85811134785e-06j) (2.68961694356e-05+2.85816709174e-06j),(-2.19778296796e-05+1.95400705015e-06j) (2.19778431281e-05+1.95405347464e-06j),(-1.87141313943e-05+1.49361015e-06j) (1.87141418801e-05+1.49365022878e-06j),(-1.62279224088e-05+9.89255672722e-07j) (1.62279308661e-05+9.89291333291e-07j),(-1.43007020036e-05+6.94683235838e-07j) (1.43007087445e-05+6.94715660951e-07j),(-1.27220043757e-05+4.38413523846e-07j) (1.27220095685e-05+4.38443173899e-07j),(-1.15251787754e-05+2.57787766981e-07j) (1.15251828727e-05+2.57815074973e-07j),
1,,(1.1041021259e-10+0.000346934062218j),(-0.000105581943758+2.27330605232e-05j) (0.00010558206085+2.27331607387e-05j),(-4.96813675482e-05+5.54427943757e-06j) (4.96814195085e-05+5.54436730454e-06j),(-3.4607606111e-05+4.4907795242e-06j) (3.46076331323e-05+4.49084767758e-06j),(-2.69115403971e-05+2.87122643424e-06j) (2.69115571998e-05+2.87128050472e-06j),(-2.20029353104e-05+1.96912405691e-06j) (2.20029471541e-05+1.96916890658e-06j),(-1.87490848212e-05+1.436451771e-06j) (1.87490938729e-05+1.43649034847e-06j),(-1.62861259525e-05+1.02314795995e-06j) (1.62861330849e-05+1.02318223563e-06j),(-1.43297089718e-05+6.99571250874e-07j) (1.43297143834e-05+6.99602393795e-07j),(-1.2765881125e-05+4.32727978797e-07j) (1.27658848997e-05+4.3275636273e-07j),(-1.15993012281e-05+2.93652540047e-07j) (1.15993038064e-05+2.93678488422e-07j),
1,,(1.06851970329e-10+0.000344368425821j),(-0.000104257915253+2.24182054286e-05j) (0.000104258025589+2.24183053861e-05j),(-4.92919650102e-05+5.60411546804e-06j) (4.92920102643e-05+5.60420328582e-06j),(-3.43688191383e-05+4.49684589266e-06j) (3.436883928e-05+4.49691400141e-06j),(-2.67846693566e-05+2.90416694366e-06j) (2.67846791708e-05+2.90422083548e-06j),(-2.18853124676e-05+2.00486954187e-06j) (2.18853172983e-05+2.00491407005e-06j),(-1.8653740991e-05+1.50512246645e-06j) (1.86537430348e-05+1.50516061501e-06j),(-1.61845818237e-05+1.05327245378e-06j) (1.61845819345e-05+1.05330624453e-06j),(-1.42507447782e-05+7.49722790214e-07j) (1.42507430826e-05+7.49753361643e-07j),(-1.2679745773e-05+5.24998356504e-07j) (1.26797423763e-05+5.25026018162e-07j),(-1.14865421494e-05+3.74665014377e-07j) (1.14865375114e-05+3.74690078385e-07j),
1,,(1.05511483593e-10+0.000340099170242j),(-0.000102786053197+2.2260836914e-05j) (0.000102786161869+2.2260935787e-05j),(-4.8779934348e-05+5.58931386401e-06j) (4.87799785614e-05+5.58940089598e-06j),(-3.40332478523e-05+4.41365243509e-06j) (3.40332670557e-05+4.41371996453e-06j),(-2.65197813473e-05+2.88928269464e-06j) (2.65197901935e-05+2.88933608726e-06j),(-2.1666402465e-05+2.00131451473e-06j) (2.16664062606e-05+2.00135851206e-06j),(-1.84526672829e-05+1.51173855054e-06j) (1.84526682154e-05+1.51177603752e-06j),(-1.59852409207e-05+1.07924571368e-06j) (1.5985239952e-05+1.07927858055e-06j),(-1.4070837847e-05+7.43739713562e-07j) (1.40708353031e-05+7.43769125259e-07j),(-1.25146323955e-05+5.09532115153e-07j) (1.25146284876e-05+5.0955854626e-07j),(-1.13539881291e-05+3.15635649112e-07j) (1.13539833003e-05+3.15659602121e-07j),
1,,(1.04281720067e-10+0.000334096862733j),(-0.000101051165477+2.27741789438e-05j) (0.000101051273675+2.27742750191e-05j),(-4.8206962745e-05+5.88292498097e-06j) (4.82070082792e-05+5.88300914486e-06j),(-3.3598849218e-05+4.65147272286e-06j) (3.3598870651e-05+4.65153758325e-06j),(-2.61873119755e-05+3.12091680129e-06j) (2.61873236775e-05+3.12096771467e-06j),(-2.13796582919e-05+2.223651744e-06j) (2.13796654785e-05+2.22369346884e-06j),(-1.82214607975e-05+1.73674911321e-06j) (1.82214655756e-05+1.73678464753e-06j),(-1.57948170678e-05+1.29821145255e-06j) (1.57948201995e-05+1.29824276599e-06j),(-1.3867202146e-05+9.67205739076e-07j) (1.38672037654e-05+9.67233934635e-07j),(-1.23191457625e-05+7.19845051882e-07j) (1.23191459578e-05+7.19870439311e-07j),(-1.1166352427e-05+5.73725722449e-07j) (1.11663516953e-05+5.73748612303e-07j),
1,,(1.03344715709e-10+0.000328713062594j),(-9.97501605094e-05+2.27496256698e-05j) (9.97502682784e-05+2.27497201216e-05j),(-4.77046041281e-05+5.71637651084e-06j) (4.77046504351e-05+5.7164595077e-06j),(-3.32537232559e-05+4.39373639247e-06j) (3.32537457985e-05+4.3938007209e-06j),(-2.5946362129e-05+2.85602376028e-06j) (2.5946374891e-05+2.8560746066e-06j),(-2.11975364327e-05+1.93181800089e-06j) (2.11975444816e-05+1.93185992491e-06j),(-1.80819282805e-05+1.42698741133e-06j) (1.80819336699e-05+1.42702319752e-06j),(-1.57138328522e-05+9.94735076342e-07j) (1.57138364734e-05+9.94766502859e-07j),(-1.38315582763e-05+6.84415865262e-07j) (1.38315604727e-05+6.84444040174e-07j),(-1.23329435553e-05+4.62241421044e-07j) (1.23329445238e-05+4.62266816422e-07j),(-1.11696017243e-05+3.30767944444e-07j) (1.11696018895e-05+3.3079103474e-07j),
1,,(1.01721378421e-10+0.000326447350141j),(-9.91727823594e-05+2.3043162735e-05j) (9.9172887769e-05+2.30432561991e-05j),(-4.76433442967e-05+5.72293817815e-06j) (4.76433889647e-05+5.72302053921e-06j),(-3.32077854926e-05+4.40590947278e-06j) (3.32078065767e-05+4.4059734996e-06j),(-2.59017529395e-05+2.85925121643e-06j) (2.59017643344e-05+2.85930207499e-06j),(-2.11761527954e-05+1.94018757811e-06j) (2.11761594015e-05+1.94022983451e-06j),(-1.80777552301e-05+1.43375611356e-06j) (1.8077759009e-05+1.43379246057e-06j),(-1.56868140887e-05+9.95569659907e-07j) (1.5686815877e-05+9.95601829956e-07j),(-1.38145248158e-05+6.86971374108e-07j) (1.38145248641e-05+6.87000399317e-07j),(-1.23156738757e-05+4.59749034952e-07j) (1.23156723428e-05+4.59775203103e-07j),(-1.11686167549e-05+2.9954400245e-07j) (1.11686142096e-05+2.99567629707e-07j),
1,,(9.96641215298e-11+0.000322552922786j),(-9.85908257117e-05+2.36203735579e-05j) (9.85909280004e-05+2.36204653417e-05j),(-4.73398143345e-05+5.98123522597e-06j) (4.73398569148e-05+5.98131567808e-06j),(-3.30133865859e-05+4.62093520637e-06j) (3.30134060815e-05+4.62099723679e-06j),(-2.57172313386e-05+3.06650529419e-06j) (2.57172415691e-05+3.06655403749e-06j),(-2.10040031114e-05+2.14066024158e-06j) (2.10040089556e-05+2.14070028685e-06j),(-1.7914732444e-05+1.62591287014e-06j) (1.7914735869e-05+1.62594695111e-06j),(-1.55565058827e-05+1.16302260236e-06j) (1.5556507736e-05+1.16305250582e-06j),(-1.36895850126e-05+8.26631374596e-07j) (1.36895855539e-05+8.26658224932e-07j),(-1.22130061027e-05+5.83250038493e-07j) (1.22130054382e-05+5.83274238074e-07j),(-1.10970790836e-05+4.47106465325e-07j) (1.10970776665e-05+4.47128397385e-07j),
1,,(1.00905200626e-10+0.000319046414993j),(-9.78185270476e-05+2.39101954515e-05j) (9.78186329571e-05+2.39102860458e-05j),(-4.70474482921e-05+6.02631081885e-06j) (4.7047495565e-05+6.02639069451e-06j),(-3.28109250719e-05+4.61530612136e-06j) (3.28109493648e-05+4.61536838298e-06j),(-2.5588936419e-05+3.05220955526e-06j) (2.55889512076e-05+3.05225897339e-06j),(-2.09245221956e-05+2.12122193209e-06j) (2.09245324029e-05+2.12126286863e-06j),(-1.78594505633e-05+1.65691282848e-06j) (1.78594582067e-05+1.65694798958e-06j),(-1.55109521907e-05+1.20042639376e-06j) (1.55109580974e-05+1.20045756069e-06j),(-1.36661936799e-05+8.96394899768e-07j) (1.36661980625e-05+8.96423146653e-07j),(-1.21494975879e-05+6.77098176702e-07j) (1.21495005382e-05+6.77123813625e-07j),(-1.10024334919e-05+5.13324880692e-07j) (1.10024355475e-05+5.13348192744e-07j),
1,,(9.87718538319e-11+0.000311805324201j),(-9.74167951672e-05+2.47374693414e-05j) (9.7416897108e-05+2.47375587611e-05j),(-4.67459416285e-05+6.24408794613e-06j) (4.67459858684e-05+6.24416592785e-06j),(-3.26154885481e-05+4.56988912261e-06j) (3.2615510689e-05+4.56994958675e-06j),(-2.55025921097e-05+3.0348268368e-06j) (2.55026050085e-05+3.03487476512e-06j),(-2.08288278036e-05+2.15442194556e-06j) (2.08288361761e-05+2.15446141528e-06j),(-1.77535104206e-05+1.64154040995e-06j) (1.7753516377e-05+1.64157406102e-06j),(-1.54181780159e-05+1.16512726216e-06j) (1.54181823326e-05+1.1651569054e-06j),(-1.36023962117e-05+8.56670943875e-07j) (1.36023991084e-05+8.56697582457e-07j),(-1.20907417925e-05+6.44502845767e-07j) (1.2090743407e-05+6.44526838701e-07j),(-1.09609855756e-05+4.84213155453e-07j) (1.09609863574e-05+4.84234828073e-07j),
2,,(1.17201522426e-10+0.000336790895383j),(-8.64945043687e-05+1.22246346456e-05j) (8.64946361938e-05+1.22247420725e-05j),(-4.33472221103e-05+6.67043217027e-06j) (4.33472797698e-05+6.670530851e-06j),(-3.08359841368e-05+4.37987206928e-06j) (3.08360128751e-05+4.37994870156e-06j),(-2.40784749176e-05+2.76226653991e-06j) (2.40784916435e-05+2.76232727379e-06j),(-1.97568870076e-05+1.88411068506e-06j) (1.9756897871e-05+1.88416067336e-06j),(-1.69306245744e-05+1.42474076859e-06j) (1.69306322539e-05+1.42478330498e-06j),(-1.46666150821e-05+9.76751832938e-07j) (1.4666620671e-05+9.76789127261e-07j),(-1.29210364703e-05+6.51390117735e-07j) (1.29210403781e-05+6.51423449675e-07j),(-1.15182514004e-05+4.54228457976e-07j) (1.15182539202e-05+4.54258418083e-07j),(-1.04713128739e-05+2.8445528034e-07j) (1.04713145024e-05+2.84482410828e-07j),
2,,(1.19764424796e-10+0.000352858187155j),(-8.70780640586e-05+1.25782522137e-05j) (8.70781981392e-05+1.25783648049e-05j),(-4.37433842631e-05+6.74980126669e-06j) (4.37434400516e-05+6.74990617101e-06j),(-3.10898016952e-05+4.69245522719e-06j) (3.10898259461e-05+4.69253692427e-06j),(-2.42650717309e-05+2.99470163959e-06j) (2.42650829494e-05+2.99476614136e-06j),(-1.97997341027e-05+2.10626141206e-06j) (1.97997390175e-05+2.10631427915e-06j),(-1.6922660833e-05+1.60165100262e-06j) (1.69226623283e-05+1.60169575065e-06j),(-1.46697406445e-05+1.15473960587e-06j) (1.46697399711e-05+1.15477859973e-06j),(-1.29528154578e-05+8.6218484801e-07j) (1.29528130754e-05+8.62219573477e-07j),(-1.15005340046e-05+6.1021435467e-07j) (1.15005301493e-05+6.10245499303e-07j),(-1.04412860235e-05+4.48279746935e-07j) (1.04412811369e-05+4.48307922325e-07j),
2,,(1.24642365414e-10+0.000357950993896j),(-8.79639429753e-05+1.27556150816e-05j) (8.79640862475e-05+1.27557288628e-05j),(-4.43944108361e-05+6.40084138894e-06j) (4.43944750288e-05+6.40094792143e-06j),(-3.14955826623e-05+4.44482185463e-06j) (3.14956148719e-05+4.44490509007e-06j),(-2.45807050919e-05+2.77798791181e-06j) (2.45807242676e-05+2.77805395156e-06j),(-2.01018388662e-05+1.8375443478e-06j) (2.01018518341e-05+1.83759903244e-06j),(-1.71464339198e-05+1.34078091249e-06j) (1.71464434047e-05+1.34082793179e-06j),(-1.48954995522e-05+9.147949007e-07j) (1.48955066346e-05+9.14836611657e-07j),(-1.31390401936e-05+5.56799872056e-07j) (1.3139045181e-05+5.56837668325e-07j),(-1.1711817302e-05+3.39638541191e-07j) (1.17118203778e-05+3.39672916298e-07j),(-1.06523824699e-05+1.33825186079e-07j) (1.06523841623e-05+1.33856581431e-07j),
2,,(1.25849569097e-10+0.000362157071069j),(-8.7998129485e-05+1.32198633663e-05j) (8.79982749484e-05+1.3219978382e-05j),(-4.45894582856e-05+6.46261342146e-06j) (4.45895237617e-05+6.46272233051e-06j),(-3.17070629317e-05+4.60777971243e-06j) (3.17070951388e-05+4.60786563659e-06j),(-2.4768470715e-05+2.96043481145e-06j) (2.47684888399e-05+2.96050332252e-06j),(-2.02466925393e-05+2.09136906778e-06j) (2.02467036604e-05+2.09142569657e-06j),(-1.72708601046e-05+1.59690783053e-06j) (1.72708672878e-05+1.59695608203e-06j),(-1.4996317026e-05+1.16630801237e-06j) (1.49963216715e-05+1.16635025069e-06j),(-1.31964566887e-05+8.28490442171e-07j) (1.31964593303e-05+8.28528159838e-07j),(-1.17789366021e-05+5.97530994869e-07j) (1.17789375842e-05+5.97564812411e-07j),(-1.06626299095e-05+4.2578976389e-07j) (1.0662629873e-05+4.25820306581e-07j),
2,,(1.27309407589e-10+0.000366843385586j),(-8.83105419533e-05+1.33612453571e-05j) (8.83106902732e-05+1.33613607658e-05j),(-4.47949538792e-05+6.24088751954e-06j) (4.47950219131e-05+6.24099729829e-06j),(-3.18312323852e-05+4.44043128402e-06j) (3.1831266597e-05+4.44051811486e-06j),(-2.4821824361e-05+2.75167410867e-06j) (2.48218442086e-05+2.75174328947e-06j),(-2.03209493891e-05+1.85927488164e-06j) (2.03209621625e-05+1.85933195356e-06j),(-1.73454906381e-05+1.36363719874e-06j) (1.73454995056e-05+1.36368572309e-06j),(-1.50623326223e-05+9.37435101503e-07j) (1.50623390569e-05+9.37477509632e-07j),(-1.32797862972e-05+5.98962581874e-07j) (1.32797908587e-05+5.9900045408e-07j),(-1.18462273208e-05+3.75822939956e-07j) (1.18462303192e-05+3.75856970969e-07j),(-1.07364771546e-05+2.15978149449e-07j) (1.07364791752e-05+2.16008983511e-07j),
2,,(1.29062766323e-10+0.000369064190206j),(-8.80048799064e-05+1.37836544623e-05j) (8.80050320896e-05+1.37837698818e-05j),(-4.47281684165e-05+6.30232208247e-06j) (4.4728240465e-05+6.30243248685e-06j),(-3.18139185317e-05+4.51671964624e-06j) (3.1813956571e-05+4.51680752425e-06j),(-2.48393664742e-05+2.8786159244e-06j) (2.48393900245e-05+2.87868644111e-06j),(-2.03138337646e-05+1.9904376597e-06j) (2.03138501726e-05+1.99049639422e-06j),(-1.73676516319e-05+1.50335750524e-06j) (1.73676640367e-05+1.50340811334e-06j),(-1.50720349267e-05+1.06939816434e-06j) (1.50720446484e-05+1.06944313632e-06j),(-1.32943277499e-05+7.37944476024e-07j) (1.32943352141e-05+7.37985303982e-07j),(-1.18623187195e-05+4.95149317635e-07j) (1.18623241782e-05+4.95186629446e-07j),(-1.07682945926e-05+3.25184727073e-07j) (1.07682985558e-05+3.25219075827e-07j),
2,,(1.26329135219e-10+0.000370589630902j),(-8.78210551948e-05+1.41417727229e-05j) (8.78212022958e-05+1.41418877914e-05j),(-4.47043778154e-05+6.37020194514e-06j) (4.4704444948e-05+6.37031232454e-06j),(-3.18252192599e-05+4.61983288628e-06j) (3.18252520901e-05+4.61992087313e-06j),(-2.48495561835e-05+2.94073473561e-06j) (2.48495742168e-05+2.94080521166e-06j),(-2.0311331839e-05+2.06320494418e-06j) (2.03113425325e-05+2.0632633581e-06j),(-1.7351552813e-05+1.59021120325e-06j) (1.73515593916e-05+1.59026115231e-06j),(-1.50650039204e-05+1.16145455595e-06j) (1.50650078124e-05+1.16149849917e-06j),(-1.32674538224e-05+8.35829140989e-07j) (1.32674555423e-05+8.35868585809e-07j),(-1.1822676232e-05+6.04087389389e-07j) (1.18226761042e-05+6.04122990081e-07j),(-1.06964156348e-05+4.49535801188e-07j) (1.06964142481e-05+4.49568152709e-07j),
2,,(1.28119237522e-10+0.000371491867908j),(-8.77210102619e-05+1.42796770052e-05j) (8.77211611405e-05+1.42797919877e-05j),(-4.46807701715e-05+6.24385980693e-06j) (4.46808411378e-05+6.24397036255e-06j),(-3.18055622177e-05+4.47790798615e-06j) (3.18055987311e-05+4.47799624262e-06j),(-2.48074211136e-05+2.78681848515e-06j) (2.48074427455e-05+2.78688926009e-06j),(-2.03016450909e-05+1.90942334454e-06j) (2.03016592644e-05+1.90948207197e-06j),(-1.73633847991e-05+1.40911057791e-06j) (1.73633947227e-05+1.40916077946e-06j),(-1.50799341245e-05+9.76292916474e-07j) (1.5079941274e-05+9.76336935881e-07j),(-1.32679314289e-05+6.71982191667e-07j) (1.32679364602e-05+6.7202150672e-07j),(-1.1833645471e-05+4.42600972365e-07j) (1.18336488007e-05+4.42636292737e-07j),(-1.07042747438e-05+2.87029800519e-07j) (1.07042769922e-05+2.87061756862e-07j),
2,,(1.27485976239e-10+0.000372764078681j),(-8.77562333471e-05+1.44694712418e-05j) (8.77563832042e-05+1.44695858252e-05j),(-4.47661550332e-05+6.21248883944e-06j) (4.47662252924e-05+6.21259902698e-06j),(-3.18407960707e-05+4.46373382404e-06j) (3.18408319624e-05+4.46382177566e-06j),(-2.48554384328e-05+2.78220649307e-06j) (2.48554595382e-05+2.78227691973e-06j),(-2.035894534e-05+1.8920416736e-06j) (2.03589592073e-05+1.89210002303e-06j),(-1.73817859013e-05+1.39873502088e-06j) (1.73817958397e-05+1.39878495536e-06j),(-1.50812746744e-05+9.61698659686e-07j) (1.50812821347e-05+9.61742755854e-07j),(-1.3270315101e-05+6.16591322073e-07j) (1.32703205322e-05+6.1663124995e-07j),(-1.18482234026e-05+3.82876274521e-07j) (1.18482269306e-05+3.82912731698e-07j),(-1.07331534049e-05+2.03412611288e-07j) (1.07331554892e-05+2.03446113794e-07j),
2,,(1.26880066248e-10+0.000374035510716j),(-8.7767742426e-05+1.49112324337e-05j) (8.77678912351e-05+1.49113468659e-05j),(-4.47475344648e-05+6.448819161e-06j) (4.47476037819e-05+6.44892936373e-06j),(-3.18473491135e-05+4.69779828589e-06j) (3.18473839524e-05+4.69788631611e-06j),(-2.48584054775e-05+3.01208820051e-06j) (2.48584254793e-05+3.01215866812e-06j),(-2.03278924765e-05+2.07848564571e-06j) (2.03279052393e-05+2.07854402838e-06j),(-1.73584518053e-05+1.60033257411e-06j) (1.73584605944e-05+1.60038255699e-06j),(-1.50882458414e-05+1.19005702462e-06j) (1.50882520982e-05+1.19010115168e-06j),(-1.32741278674e-05+8.50069233536e-07j) (1.3274132024e-05+8.50109146431e-07j),(-1.18413707418e-05+6.17282166355e-07j) (1.18413729736e-05+6.17318505704e-07j),(-1.07036582137e-05+4.53647245183e-07j) (1.07036590351e-05+4.53680567486e-07j),
2,,(1.25367952048e-10+0.000374725742169j),(-8.78466271668e-05+1.48001077959e-05j) (8.78467730743e-05+1.48002218914e-05j),(-4.48644784804e-05+6.19670481012e-06j) (4.48645450669e-05+6.19681456526e-06j),(-3.19344382353e-05+4.47704938268e-06j) (3.19344703875e-05+4.47713689753e-06j),(-2.49280522324e-05+2.77400171272e-06j) (2.49280695354e-05+2.77407153629e-06j),(-2.0371044714e-05+1.88130630276e-06j) (2.03710548023e-05+1.88136385803e-06j),(-1.74016791322e-05+1.38548486868e-06j) (1.74016853045e-05+1.38553384809e-06j),(-1.51078526189e-05+9.41743850894e-07j) (1.51078563122e-05+9.4178678641e-07j),(-1.33222828104e-05+5.82732979633e-07j) (1.3322284498e-05+5.82771461656e-07j),(-1.18684149199e-05+3.62424274365e-07j) (1.18684148601e-05+3.6245895998e-07j),(-1.07607809668e-05+2.1424087468e-07j) (1.07607797155e-05+2.14272344737e-07j),
2,,(1.26736558772e-10+0.000375064672764j),(-8.77630347409e-05+1.48128057628e-05j) (8.77631834718e-05+1.48129204007e-05j),(-4.48125729926e-05+6.00827423364e-06j) (4.48126421454e-05+6.00838534061e-06j),(-3.19463165771e-05+4.30745981903e-06j) (3.19463506551e-05+4.30754916677e-06j),(-2.49820004915e-05+2.60953494067e-06j) (2.49820191011e-05+2.60960678057e-06j),(-2.04730587276e-05+1.7094828031e-06j) (2.04730695287e-05+1.70954237835e-06j),(-1.74823377394e-05+1.22381097089e-06j) (1.74823441075e-05+1.22386180399e-06j),(-1.52178528445e-05+8.17220716057e-07j) (1.52178563253e-05+8.17265207302e-07j),(-1.34229707845e-05+4.82062587997e-07j) (1.34229720187e-05+4.82102241692e-07j),(-1.19830248482e-05+2.49689504767e-07j) (1.19830242604e-05+2.4972498481e-07j),(-1.08927438319e-05+1.11709248031e-07j) (1.08927420897e-05+1.11741210119e-07j),
2,,(1.25682278892e-10+0.000376018797588j),(-8.7648185699e-05+1.53564620766e-05j) (8.76483327642e-05+1.53565755881e-05j),(-4.47624165921e-05+6.4555792937e-06j) (4.47624848879e-05+6.45568877808e-06j),(-3.18964834797e-05+4.6973569521e-06j) (3.18965174179e-05+4.69744457254e-06j),(-2.49216992585e-05+3.01574256929e-06j) (2.49217183199e-05+3.01581278436e-06j),(-2.03869990283e-05+2.11102845642e-06j) (2.03870107648e-05+2.11108664236e-06j),(-1.74051546907e-05+1.64663413995e-06j) (1.74051623784e-05+1.64668392081e-06j),(-1.50940323118e-05+1.20925776741e-06j) (1.50940373685e-05+1.20930165351e-06j),(-1.32813043606e-05+8.68958628907e-07j) (1.32813072515e-05+8.68998173627e-07j),(-1.18264416591e-05+6.2431795509e-07j) (1.18264426154e-05+6.2435380378e-07j),(-1.07096992448e-05+4.71176641168e-07j) (1.07096988076e-05+4.71209309149e-07j),
2,,(1.23483282253e-10+0.000376195423168j),(-8.75801258389e-05+1.53412754481e-05j) (8.75802685882e-05+1.5341389042e-05j),(-4.48040964545e-05+6.31589541895e-06j) (4.48041602899e-05+6.31600527192e-06j),(-3.19549555078e-05+4.58726234737e-06j) (3.19549845517e-05+4.58735043895e-06j),(-2.49705013462e-05+2.93765371753e-06j) (2.49705150204e-05+2.9377242157e-06j),(-2.04245825948e-05+2.05895151384e-06j) (2.04245885522e-05+2.05900956607e-06j),(-1.74358532579e-05+1.57272870652e-06j) (1.74358549071e-05+1.57277780928e-06j),(-1.51302979157e-05+1.13557572564e-06j) (1.5130296835e-05+1.1356182529e-06j),(-1.33321430177e-05+7.98702115804e-07j) (1.33321399195e-05+7.98739573163e-07j),(-1.18646521277e-05+5.57417950078e-07j) (1.18646475197e-05+5.57451046799e-07j),(-1.07515564099e-05+3.92704385055e-07j) (1.07515510139e-05+3.92733881781e-07j),
2,,(1.26770530485e-10+0.000376570436802j),(-8.75457258592e-05+1.53752962406e-05j) (8.75458754126e-05+1.5375409445e-05j),(-4.47637084523e-05+6.21853245671e-06j) (4.47637794421e-05+6.21864186466e-06j),(-3.19160297837e-05+4.45715548468e-06j) (3.19160662662e-05+4.45724316686e-06j),(-2.49221516069e-05+2.75910017707e-06j) (2.49221730439e-05+2.75917036878e-06j),(-2.03710155971e-05+1.8849328119e-06j) (2.03710296506e-05+1.88499079769e-06j),(-1.74034646712e-05+1.38220177728e-06j) (1.74034746884e-05+1.38225116509e-06j),(-1.50776050948e-05+9.18056593936e-07j) (1.50776125675e-05+9.18099859658e-07j),(-1.32958027666e-05+5.85720470506e-07j) (1.32958082793e-05+5.85759185164e-07j),(-1.18327732443e-05+3.43911264086e-07j) (1.18327771119e-05+3.43946144237e-07j),(-1.07188190886e-05+1.8201545525e-07j) (1.07188218926e-05+1.82047132467e-07j),
2,,(1.26983488988e-10+0.000377174057606j),(-8.75404476061e-05+1.56800658525e-05j) (8.75405975791e-05+1.56801794796e-05j),(-4.47690424365e-05+6.39810510432e-06j) (4.47691136067e-05+6.39821543645e-06j),(-3.19146037696e-05+4.62810332881e-06j) (3.19146399714e-05+4.62819221981e-06j),(-2.49206705422e-05+2.90685731844e-06j) (2.49206912198e-05+2.90692876777e-06j),(-2.03788172915e-05+2.03647983785e-06j) (2.03788301811e-05+2.03653893444e-06j),(-1.74059282647e-05+1.50940436447e-06j) (1.7405936878e-05+1.50945460045e-06j),(-1.51272742687e-05+1.06970760902e-06j) (1.51272802752e-05+1.06975146657e-06j),(-1.33413264216e-05+7.58848183315e-07j) (1.33413304982e-05+7.58887342825e-07j),(-1.19025152345e-05+5.43402734963e-07j) (1.1902517693e-05+5.43437981938e-07j),(-1.07737989768e-05+3.95418362152e-07j) (1.07738003997e-05+3.95450381228e-07j),
2,,(1.23207917662e-10+0.000377472961925j),(-8.75094630237e-05+1.56247561775e-05j) (8.7509605725e-05+1.56248690788e-05j),(-4.47994222049e-05+6.27750100519e-06j) (4.47994865853e-05+6.27761027812e-06j),(-3.19418080588e-05+4.53717102197e-06j) (3.19418379028e-05+4.53725873037e-06j),(-2.4944534282e-05+2.83428676362e-06j) (2.49445490174e-05+2.83435705651e-06j),(-2.04139919686e-05+1.96095846076e-06j) (2.04139992729e-05+1.96101661403e-06j),(-1.74365198717e-05+1.4571394096e-06j) (1.74365230541e-05+1.45718908438e-06j),(-1.51295167655e-05+1.01003276525e-06j) (1.51295172243e-05+1.0100764302e-06j),(-1.33389538937e-05+6.94946864264e-07j) (1.33389521436e-05+6.94986027716e-07j),(-1.19119524124e-05+4.46118207231e-07j) (1.19119487494e-05+4.46153508518e-07j),(-1.0791915529e-05+2.77447005093e-07j) (1.07919105401e-05+2.7747902913e-07j),
2,,(1.25174684705e-10+0.000378120984465j),(-8.74909759022e-05+1.59115179647e-05j) (8.74911225775e-05+1.59116307485e-05j),(-4.47417090614e-05+6.46666335447e-06j) (4.47417774219e-05+6.46677247514e-06j),(-3.18615798728e-05+4.69077225939e-06j) (3.18616136373e-05+4.69085968951e-06j),(-2.48680699021e-05+2.95286126356e-06j) (2.48680885632e-05+2.95293106738e-06j),(-2.03395565816e-05+2.0377335965e-06j) (2.03395679201e-05+2.0377910003e-06j),(-1.73985222946e-05+1.5214932854e-06j) (1.73985297836e-05+1.52154199562e-06j),(-1.50970098172e-05+1.08338764675e-06j) (1.50970149221e-05+1.08343029616e-06j),(-1.3317194746e-05+7.65357661685e-07j) (1.33171978837e-05+7.65395878625e-07j),(-1.18799444146e-05+5.17108333468e-07j) (1.18799458133e-05+5.17142717049e-07j),(-1.07621351134e-05+3.63261944854e-07j) (1.07621353974e-05+3.63293034112e-07j),
2,,(1.25662068276e-10+0.000378262522907j),(-8.75165896885e-05+1.57329512582e-05j) (8.75167373636e-05+1.57330642179e-05j),(-4.48083179864e-05+6.21937325992e-06j) (4.48083873456e-05+6.21948277979e-06j),(-3.19422480842e-05+4.42967778433e-06j) (3.19422828297e-05+4.42976582017e-06j),(-2.49496607014e-05+2.72268335903e-06j) (2.49496803615e-05+2.72275402107e-06j),(-2.03966748588e-05+1.83363415272e-06j) (2.03966871095e-05+1.8336927839e-06j),(-1.74230067904e-05+1.35214858822e-06j) (1.74230149491e-05+1.35219882299e-06j),(-1.5110325495e-05+8.57076406098e-07j) (1.51103310039e-05+8.5712076692e-07j),(-1.33121192434e-05+5.22789845911e-07j) (1.33121225761e-05+5.22829938619e-07j),(-1.18641933803e-05+2.80351701444e-07j) (1.18641946846e-05+2.80388181119e-07j),(-1.078838165e-05+9.62216975742e-08j) (1.07883814398e-05+9.62550133054e-08j),
2,,(1.26430293185e-10+0.000378895673837j),(-8.75703231455e-05+1.59885065394e-05j) (8.75704724607e-05+1.59886194456e-05j),(-4.48595310756e-05+6.40702677014e-06j) (4.4859602194e-05+6.40713638528e-06j),(-3.20026431092e-05+4.6544953392e-06j) (3.20026795942e-05+4.65458366126e-06j),(-2.50186067755e-05+2.98992932098e-06j) (2.50186280557e-05+2.99000042037e-06j),(-2.04825276524e-05+2.10464480289e-06j) (2.04825413935e-05+2.1047039317e-06j),(-1.74791460761e-05+1.61943465133e-06j) (1.74791555753e-05+1.61948541971e-06j),(-1.51648618961e-05+1.18886023978e-06j) (1.51648686104e-05+1.18890506701e-06j),(-1.33528869055e-05+8.43233793574e-07j) (1.3352891399e-05+8.43274241592e-07j),(-1.18930893266e-05+6.12763482249e-07j) (1.18930918697e-05+6.12800258837e-07j),(-1.07751761178e-05+4.45409934199e-07j) (1.07751771867e-05+4.45443629631e-07j),
3,,(1.43653243952e-10+0.000458434524318j),(-0.000140097559363+2.75523925847e-05j) (0.000140097714343+2.75525286748e-05j),(-6.69410297282e-05+5.17774224742e-06j) (6.69410945079e-05+5.17786339543e-06j),(-4.56636603152e-05+5.25066644984e-06j) (4.56636902279e-05+5.25075937592e-06j),(-3.52606536141e-05+3.18393278476e-06j) (3.52606700687e-05+3.1840061593e-06j),(-2.88119492314e-05+2.20427166738e-06j) (2.88119589296e-05+2.20433246648e-06j),(-2.44831715498e-05+1.58605041834e-06j) (2.44831773214e-05+1.58610253751e-06j),(-2.11997102142e-05+1.12269175265e-06j) (2.11997132545e-05+1.1227377425e-06j),(-1.86491697779e-05+7.41071007714e-07j) (1.86491704879e-05+7.41112356123e-07j),(-1.66229586008e-05+4.97042098595e-07j) (1.66229572605e-05+4.97079377573e-07j),(-1.50785939145e-05+2.64421771461e-07j) (1.50785911646e-05+2.64455516659e-07j),
3,,(1.54434202055e-10+0.000480839287286j),(-0.000141057944355+2.75808402375e-05j) (0.000141058115458+2.75809855786e-05j),(-6.73271163852e-05+4.91874696342e-06j) (6.73271901465e-05+4.91887864903e-06j),(-4.58954032771e-05+5.29792583246e-06j) (4.58954379839e-05+5.29802751344e-06j),(-3.55183717367e-05+3.24348715434e-06j) (3.55183909633e-05+3.24356716489e-06j),(-2.89300454152e-05+2.29711564334e-06j) (2.89300570282e-05+2.29718126135e-06j),(-2.46050710395e-05+1.71309313004e-06j) (2.46050784639e-05+1.71314865631e-06j),(-2.12843801931e-05+1.18345910541e-06j) (2.12843849452e-05+1.18350739599e-06j),(-1.8759755054e-05+8.39641580418e-07j) (1.87597577617e-05+8.39684397807e-07j),(-1.67038907853e-05+5.72914110581e-07j) (1.67038918125e-05+5.7295230822e-07j),(-1.5126571668e-05+3.77794759939e-07j) (1.51265716465e-05+3.77829011156e-07j),
3,,(1.59967619038e-10+0.000491674436667j),(-0.000142351521623+2.66673937186e-05j) (0.000142351700697+2.6667543746e-05j),(-6.79460411112e-05+4.65871346173e-06j) (6.79461193206e-05+4.65884983882e-06j),(-4.63430941794e-05+5.07449902929e-06j) (4.63431318931e-05+5.07460428265e-06j),(-3.58252820999e-05+3.17701181646e-06j) (3.58253038932e-05+3.17709463787e-06j),(-2.9215678431e-05+2.19323965702e-06j) (2.92156924286e-05+2.19330765433e-06j),(-2.48264829535e-05+1.56898244331e-06j) (2.48264926862e-05+1.56904006222e-06j),(-2.15177812363e-05+1.05757641909e-06j) (2.15177883223e-05+1.05762666011e-06j),(-1.89481330936e-05+7.27846334605e-07j) (1.89481381159e-05+7.27891090501e-07j),(-1.69268013586e-05+4.64172125772e-07j) (1.69268046631e-05+4.64212249171e-07j),(-1.53398584457e-05+2.93281010346e-07j) (1.53398607034e-05+2.93317236327e-07j),
3,,(1.60693545643e-10+0.000496141644305j),(-0.000142816528124+2.64923890219e-05j) (0.000142816707476+2.64925412949e-05j),(-6.81406247172e-05+4.60663808944e-06j) (6.81407015744e-05+4.60677725813e-06j),(-4.65215165475e-05+5.09742652822e-06j) (4.65215518275e-05+5.0975343858e-06j),(-3.59425749346e-05+3.19314058726e-06j) (3.59425937212e-05+3.19322565332e-06j),(-2.93112844997e-05+2.21082271636e-06j) (2.93112952355e-05+2.21089269308e-06j),(-2.48948011611e-05+1.60801767115e-06j) (2.4894807494e-05+1.6080771708e-06j),(-2.1568885188e-05+1.11943855696e-06j) (2.15688887219e-05+1.11949069201e-06j),(-1.89865515906e-05+7.5557958964e-07j) (1.89865528678e-05+7.55626325375e-07j),(-1.69134829625e-05+5.04715152737e-07j) (1.69134822265e-05+5.04757393683e-07j),(-1.5314938407e-05+3.09389103489e-07j) (1.53149361577e-05+3.09427543337e-07j),
3,,(1.59001305257e-10+0.000499224648345j),(-0.000142964331178+2.66457727282e-05j) (0.000142964506621+2.6645925435e-05j),(-6.81858704204e-05+4.78865800337e-06j) (6.81859428557e-05+4.78879723256e-06j),(-4.64903287014e-05+5.23478889155e-06j) (4.64903594279e-05+5.2348963114e-06j),(-3.59158328171e-05+3.29808288447e-06j) (3.59158470874e-05+3.29816709548e-06j),(-2.9300042751e-05+2.30112271285e-06j) (2.93000490493e-05+2.30119148451e-06j),(-2.48900469965e-05+1.72818668737e-06j) (2.48900489657e-05+1.72824465627e-06j),(-2.15404355912e-05+1.22270637852e-06j) (2.15404348311e-05+1.2227565911e-06j),(-1.89432862678e-05+8.70516917938e-07j) (1.89432834447e-05+8.70561251523e-07j),(-1.68754639497e-05+6.12816565507e-07j) (1.68754594968e-05+6.1285593633e-07j),(-1.53077482123e-05+4.00140741092e-07j) (1.53077428333e-05+4.00175991909e-07j),
3,,(1.60544272286e-10+0.000500943025651j),(-0.000143124847558+2.64765892415e-05j) (0.000143125025855+2.6476742577e-05j),(-6.83033092717e-05+4.58296715103e-06j) (6.83033841556e-05+4.58310732972e-06j),(-4.66235854635e-05+5.09799736966e-06j) (4.66236182874e-05+5.09810582753e-06j),(-3.60269362819e-05+3.17035662526e-06j) (3.60269524158e-05+3.17044186668e-06j),(-2.93917387719e-05+2.21296386723e-06j) (2.93917467944e-05+2.21303366891e-06j),(-2.49753475928e-05+1.609636492e-06j) (2.49753511801e-05+1.60969550373e-06j),(-2.16198611311e-05+1.10459632018e-06j) (2.1619861917e-05+1.10464762865e-06j),(-1.9048025882e-05+7.57009567773e-07j) (1.90480244962e-05+7.57055103594e-07j),(-1.6965920521e-05+5.04950508146e-07j) (1.69659173278e-05+5.04991190991e-07j),(-1.53486833098e-05+3.18267987202e-07j) (1.53486789338e-05+3.18304604786e-07j),
3,,(1.61530524048e-10+0.00050239500142j),(-0.000143169978999+2.67039884946e-05j) (0.000143170159226+2.67041419886e-05j),(-6.83503773705e-05+4.7670168163e-06j) (6.83504541978e-05+4.7671572685e-06j),(-4.66382401038e-05+5.28414445636e-06j) (4.66382749305e-05+5.28425336337e-06j),(-3.60315440627e-05+3.34586790901e-06j) (3.60315622037e-05+3.345953888e-06j),(-2.93932690866e-05+2.37981666423e-06j) (2.93932789796e-05+2.37988750322e-06j),(-2.49766081863e-05+1.79385204418e-06j) (2.49766134091e-05+1.79391232554e-06j),(-2.16184179646e-05+1.28671816445e-06j) (2.1618420099e-05+1.28677087319e-06j),(-1.90019788017e-05+9.42056986964e-07j) (1.90019784778e-05+9.42103951513e-07j),(-1.69577175825e-05+6.96389167131e-07j) (1.69577151964e-05+6.96431218427e-07j),(-1.53571176931e-05+4.89546628758e-07j) (1.53571139528e-05+4.89584471033e-07j),
3,,(1.62411160582e-10+0.000503510597611j),(-0.000143246763984+2.68274550304e-05j) (0.000143246945824+2.68276090609e-05j),(-6.84233303626e-05+4.78304429106e-06j) (6.84234083823e-05+4.78318568424e-06j),(-4.67194661485e-05+5.36817916754e-06j) (4.67195016081e-05+5.36828908474e-06j),(-3.60918680266e-05+3.45584258313e-06j) (3.60918863617e-05+3.45592938524e-06j),(-2.94408315506e-05+2.48630845727e-06j) (2.94408413634e-05+2.48637981722e-06j),(-2.49987774834e-05+1.90902635933e-06j) (2.49987825107e-05+1.90908685973e-06j),(-2.16403087127e-05+1.39784749678e-06j) (2.16403105756e-05+1.39790018032e-06j),(-1.90411324667e-05+1.05912175857e-06j) (1.90411318032e-05+1.05916841651e-06j),(-1.69418903998e-05+7.91740649669e-07j) (1.69418876884e-05+7.91782056573e-07j),(-1.53152049775e-05+5.75921010341e-07j) (1.53152010431e-05+5.75957902036e-07j),
3,,(1.6145489206e-10+0.000504099851195j),(-0.000143193191605+2.67540417163e-05j) (0.000143193371555+2.67541957121e-05j),(-6.84103322067e-05+4.61062114637e-06j) (6.84104082737e-05+4.61076247103e-06j),(-4.66614058993e-05+5.14845712387e-06j) (4.66614393858e-05+5.14856679356e-06j),(-3.60690972442e-05+3.20249574824e-06j) (3.6069113761e-05+3.20258206214e-06j),(-2.94362444598e-05+2.23783946423e-06j) (2.94362528208e-05+2.23791023611e-06j),(-2.501234447e-05+1.66805993134e-06j) (2.50123484097e-05+1.66811997192e-06j),(-2.16493107862e-05+1.13260763109e-06j) (2.16493118633e-05+1.13266010462e-06j),(-1.9078939821e-05+8.02040346324e-07j) (1.90789385882e-05+8.02087180144e-07j),(-1.70109489833e-05+5.45487148369e-07j) (1.7010945732e-05+5.45529188909e-07j),(-1.53966828e-05+3.5241406736e-07j) (1.53966782062e-05+3.52451971827e-07j),
3,,(1.61676543245e-10+0.000504815279033j),(-0.000143183438165+2.68286053042e-05j) (0.000143183618646+2.68287594482e-05j),(-6.8438570235e-05+4.58419981521e-06j) (6.84386467697e-05+4.58434166675e-06j),(-4.67304463696e-05+5.13387104113e-06j) (4.67304800023e-05+5.1339814975e-06j),(-3.61064777606e-05+3.21787058941e-06j) (3.61064939947e-05+3.21795779293e-06j),(-2.94477588573e-05+2.27937731936e-06j) (2.94477664297e-05+2.27944882845e-06j),(-2.50062659678e-05+1.67402766944e-06j) (2.50062687935e-05+1.67408800244e-06j),(-2.16416112138e-05+1.14963533494e-06j) (2.16416111496e-05+1.14968759965e-06j),(-1.90549973475e-05+7.7941436819e-07j) (1.90549951842e-05+7.79460620923e-07j),(-1.7011905888e-05+5.32336604379e-07j) (1.70119019902e-05+5.32377912029e-07j),(-1.5431965087e-05+3.25987516977e-07j) (1.54319600331e-05+3.26024722921e-07j),
3,,(1.63859110156e-10+0.000505072963872j),(-0.000143152043438+2.69189459322e-05j) (0.00014315222843+2.69190999918e-05j),(-6.83664571074e-05+4.47200731158e-06j) (6.83665382749e-05+4.47214928392e-06j),(-4.66668846243e-05+5.05184151076e-06j) (4.66669228137e-05+5.05195221456e-06j),(-3.60718505529e-05+3.09912228707e-06j) (3.60718713251e-05+3.09920978759e-06j),(-2.94214861407e-05+2.14718857606e-06j) (2.94214982617e-05+2.14726045601e-06j),(-2.49953254003e-05+1.55328794788e-06j) (2.49953327494e-05+1.5533487454e-06j),(-2.16527595595e-05+1.03633363198e-06j) (2.1652763964e-05+1.03638641814e-06j),(-1.90524489636e-05+6.91292605521e-07j) (1.90524512206e-05+6.91339346666e-07j),(-1.69960044871e-05+4.11172000934e-07j) (1.69960050855e-05+4.11213725904e-07j),(-1.53673347751e-05+2.1371994433e-07j) (1.53673343857e-05+2.1375755532e-07j),
3,,(1.6316915306e-10+0.000505504698015j),(-0.00014314236167+2.69860466676e-05j) (0.000143142545307+2.69862008882e-05j),(-6.84166799628e-05+4.44925663726e-06j) (6.84167596857e-05+4.44939898916e-06j),(-4.67072473538e-05+5.02477274087e-06j) (4.67072839303e-05+5.02488394244e-06j),(-3.6109575441e-05+3.08667275965e-06j) (3.61095944506e-05+3.08676076324e-06j),(-2.94474090264e-05+2.14848123535e-06j) (2.94474193419e-05+2.1485535942e-06j),(-2.50436289081e-05+1.5387258602e-06j) (2.50436344544e-05+1.5387871962e-06j),(-2.16969408675e-05+1.03457984351e-06j) (2.16969434149e-05+1.03463327364e-06j),(-1.91052857643e-05+6.885301718e-07j) (1.91052860751e-05+6.88577639554e-07j),(-1.7023272631e-05+4.35195949884e-07j) (1.70232712017e-05+4.35238476289e-07j),(-1.54240705688e-05+2.38725211188e-07j) (1.54240680818e-05+2.38763745546e-07j),
3,,(1.6638147199e-10+0.000505893226909j),(-0.000143110515885+2.72348109315e-05j) (0.000143110706141+2.723496506e-05j),(-6.83877588085e-05+4.56034023529e-06j) (6.83878453924e-05+4.56048275899e-06j),(-4.67092514746e-05+5.18447430106e-06j) (4.67092949354e-05+5.18458601555e-06j),(-3.61157408911e-05+3.24444675634e-06j) (3.61157667121e-05+3.24453556323e-06j),(-2.94649338797e-05+2.31795681825e-06j) (2.94649508859e-05+2.31803023921e-06j),(-2.50376096157e-05+1.70079187107e-06j) (2.50376216754e-05+1.70085446885e-06j),(-2.16782060755e-05+1.19647611904e-06j) (2.16782149605e-05+1.19653094004e-06j),(-1.91095321087e-05+8.48740752509e-07j) (1.91095385899e-05+8.48789718093e-07j),(-1.70300790816e-05+6.07433702825e-07j) (1.70300836322e-05+6.07477786345e-07j),(-1.54142551534e-05+4.50604681374e-07j) (1.54142584515e-05+4.50644739631e-07j),
3,,(1.64043376398e-10+0.000505913684191j),(-0.000143092699658+2.71227354343e-05j) (0.000143092885549+2.71228887653e-05j),(-6.84445701242e-05+4.37356889809e-06j) (6.84446528037e-05+4.37371025483e-06j),(-4.67450366692e-05+5.01167892008e-06j) (4.67450766645e-05+5.01178921081e-06j),(-3.61364664103e-05+3.08812958475e-06j) (3.6136489275e-05+3.0882169376e-06j),(-2.95118474488e-05+2.14196828618e-06j) (2.95118618473e-05+2.14204043345e-06j),(-2.50683108909e-05+1.52988313111e-06j) (2.50683205113e-05+1.52994467007e-06j),(-2.17198770284e-05+1.0296128137e-06j) (2.17198835421e-05+1.02966676778e-06j),(-1.91140454441e-05+6.95475373853e-07j) (1.91140495459e-05+6.95523646523e-07j),(-1.70595957204e-05+4.53362197545e-07j) (1.70595978043e-05+4.53405751276e-07j),(-1.5454370554e-05+2.44690165617e-07j) (1.54543712013e-05+2.44729797186e-07j),
3,,(1.6278731271e-10+0.000506017971792j),(-0.000142999227465+2.729559536e-05j) (0.000142999410896+2.72957487127e-05j),(-6.84368608472e-05+4.41087610868e-06j) (6.84369409354e-05+4.41101763987e-06j),(-4.67221859396e-05+5.05312382816e-06j) (4.67222230271e-05+5.05323423328e-06j),(-3.6141537519e-05+3.14625840755e-06j) (3.61415572234e-05+3.14634557434e-06j),(-2.94592670805e-05+2.18848168994e-06j) (2.94592782584e-05+2.18855323372e-06j),(-2.50226328395e-05+1.57248370683e-06j) (2.50226393823e-05+1.57254426404e-06j),(-2.1655787862e-05+1.07497766467e-06j) (2.16557915419e-05+1.07503038058e-06j),(-1.90820718952e-05+7.03943876237e-07j) (1.9082073416e-05+7.03990787086e-07j),(-1.69960455344e-05+4.43160534345e-07j) (1.699604524e-05+4.43202664338e-07j),(-1.54088372922e-05+2.45160008524e-07j) (1.54088357358e-05+2.45198180547e-07j),
3,,(1.59628030819e-10+0.000506169880744j),(-0.00014295072155+2.74369415677e-05j) (0.00014295089881+2.74370947317e-05j),(-6.83812340846e-05+4.44361331262e-06j) (6.83813081151e-05+4.44375473434e-06j),(-4.67047147672e-05+5.08742221596e-06j) (4.67047457238e-05+5.08753261068e-06j),(-3.60882856086e-05+3.17437812844e-06j) (3.60882990069e-05+3.1744653068e-06j),(-2.94450640577e-05+2.23071475126e-06j) (2.94450687206e-05+2.23078623777e-06j),(-2.50257545513e-05+1.63123494813e-06j) (2.50257543742e-05+1.63129531084e-06j),(-2.16692199903e-05+1.09467590091e-06j) (2.16692167304e-05+1.09472822857e-06j),(-1.90868586054e-05+7.306498753e-07j) (1.90868529822e-05+7.30696102441e-07j),(-1.70151900672e-05+4.80143297255e-07j) (1.70151825153e-05+4.80184344703e-07j),(-1.54143520428e-05+2.78832977154e-07j) (1.5414343264e-05+2.78869681696e-07j),
3,,(1.62028322062e-10+0.000506328899497j),(-0.000142898838536+2.76184546179e-05j) (0.000142899020709+2.76186080495e-05j),(-6.8373145622e-05+4.55483173465e-06j) (6.83732245141e-05+4.55497391577e-06j),(-4.66837763809e-05+5.206380038e-06j) (4.66838119333e-05+5.20649153835e-06j),(-3.61079343853e-05+3.29541392342e-06j) (3.61079521183e-05+3.29550237185e-06j),(-2.94482362786e-05+2.35661556669e-06j) (2.94482451151e-05+2.35668839659e-06j),(-2.50181391551e-05+1.77186409705e-06j) (2.50181430851e-05+1.77192588451e-06j),(-2.1644443562e-05+1.25948086608e-06j) (2.1644444393e-05+1.25953476762e-06j),(-1.90386534868e-05+8.92861050871e-07j) (1.90386518935e-05+8.9290905652e-07j),(-1.69618791302e-05+6.53720229257e-07j) (1.69618754909e-05+6.53763260844e-07j),(-1.53423075008e-05+4.32303126974e-07j) (1.5342302475e-05+4.32341935249e-07j),
3,,(1.64281851389e-10+0.000506374108527j),(-0.00014277777624+2.78809346718e-05j) (0.000142777963243+2.78810873368e-05j),(-6.82860522873e-05+4.67264184589e-06j) (6.82861365616e-05+4.67278293475e-06j),(-4.66246582677e-05+5.28545630054e-06j) (4.66246997265e-05+5.28556659782e-06j),(-3.60401330931e-05+3.36832835705e-06j) (3.60401572571e-05+3.36841566823e-06j),(-2.93731413882e-05+2.41356765838e-06j) (2.93731571154e-05+2.41363960791e-06j),(-2.49400471988e-05+1.79595895022e-06j) (2.49400583132e-05+1.79602022165e-06j),(-2.15885405385e-05+1.25849003343e-06j) (2.15885487294e-05+1.25854378421e-06j),(-1.89981353237e-05+9.14188528263e-07j) (1.89981411798e-05+9.14236733975e-07j),(-1.69478782458e-05+6.42603516368e-07j) (1.69478821044e-05+6.42647077254e-07j),(-1.53458963356e-05+4.25684060928e-07j) (1.53458988124e-05+4.25723741897e-07j),
3,,(1.62492312838e-10+0.00050631097915j),(-0.000142723592507+2.79901759851e-05j) (0.00014272377601+2.79903289221e-05j),(-6.82656507668e-05+4.65443557904e-06j) (6.82657314564e-05+4.65457744749e-06j),(-4.66312439326e-05+5.33339504116e-06j) (4.66312813887e-05+5.33350649017e-06j),(-3.60449856075e-05+3.38336375295e-06j) (3.60450053092e-05+3.38345232743e-06j),(-2.93992160051e-05+2.4403523637e-06j) (2.93992268712e-05+2.44042554646e-06j),(-2.49632041211e-05+1.84584371473e-06j) (2.49632100415e-05+1.84590612111e-06j),(-2.1592918391e-05+1.33140024007e-06j) (2.15929210861e-05+1.33145497682e-06j),(-1.89872247792e-05+9.85126542672e-07j) (1.89872248968e-05+9.85175541345e-07j),(-1.69169529335e-05+7.13429203743e-07j) (1.69169508544e-05+7.13473349291e-07j),(-1.5283387405e-05+5.12564140238e-07j) (1.52833837695e-05+5.12604201278e-07j),
3,,(1.63853372567e-10+0.000505852394274j),(-0.000142655470525+2.7712597427e-05j) (0.000142655656915+2.77127501971e-05j),(-6.82767428597e-05+4.29352298419e-06j) (6.8276826479e-05+4.29366479491e-06j),(-4.66635753016e-05+4.97409436249e-06j) (4.66636155356e-05+4.97420572773e-06j),(-3.60860184461e-05+3.05382757422e-06j) (3.60860408242e-05+3.05391588045e-06j),(-2.94709403791e-05+2.10071865704e-06j) (2.94709539119e-05+2.10079132658e-06j),(-2.50667985786e-05+1.53743245366e-06j) (2.5066807271e-05+1.53749407518e-06j),(-2.16823905651e-05+1.04064030898e-06j) (2.16823962344e-05+1.04069401725e-06j),(-1.90881983359e-05+6.98990184875e-07j) (1.90882017458e-05+6.99037973129e-07j),(-1.70017962995e-05+4.66055046673e-07j) (1.70017978576e-05+4.66097927525e-07j),(-1.53947930188e-05+2.41445971817e-07j) (1.53947933747e-05+2.41484756908e-07j),
4,,(1.6103222921e-10+0.000513168396426j),(-0.00015021492013+3.25165276034e-05j) (0.000150215097894+3.25166817692e-05j),(-7.39767156233e-05+6.03725009253e-06j) (7.39767896919e-05+6.03739068064e-06j),(-5.00111271956e-05+5.53950952814e-06j) (5.00111595222e-05+5.5396184731e-06j),(-3.86059579243e-05+3.46551057899e-06j) (3.86059732952e-05+3.46559658328e-06j),(-3.13406450794e-05+2.48517759732e-06j) (3.13406520785e-05+2.48524817512e-06j),(-2.67093306511e-05+1.84304235473e-06j) (2.67093330475e-05+1.84310204552e-06j),(-2.29872943811e-05+1.30851545164e-06j) (2.29872938686e-05+1.30856739994e-06j),(-2.0382974319e-05+9.53339396604e-07j) (2.03829715798e-05+9.53385475531e-07j),(-1.80775525849e-05+6.97476579344e-07j) (1.80775480096e-05+6.97517856392e-07j),(-1.64385657437e-05+5.23074235268e-07j) (1.64385598376e-05+5.23111474465e-07j),
4,,(1.66745589823e-10+0.000526433883151j),(-0.000152006586996+3.12790539875e-05j) (0.000152006771912+3.12792140321e-05j),(-7.49296656594e-05+6.09863527899e-06j) (7.49297424323e-05+6.09878127771e-06j),(-5.06100779134e-05+5.36938638883e-06j) (5.06101112201e-05+5.3694990163e-06j),(-3.89859633898e-05+3.44435003657e-06j) (3.898597937e-05+3.44443849707e-06j),(-3.17209824601e-05+2.40126681576e-06j) (3.17209899725e-05+2.40133908553e-06j),(-2.69430769392e-05+1.78448735692e-06j) (2.69430799179e-05+1.78454814624e-06j),(-2.33135429605e-05+1.24674386717e-06j) (2.33135432922e-05+1.24679644597e-06j),(-2.05120941249e-05+9.04811135419e-07j) (2.05120925625e-05+9.04857667639e-07j),(-1.82826514781e-05+6.08399251302e-07j) (1.82826483856e-05+6.08440870848e-07j),(-1.65481125055e-05+3.84731226763e-07j) (1.65481084574e-05+3.84768869036e-07j),
4,,(1.71009840433e-10+0.000532476910037j),(-0.00015273760676+3.10005024105e-05j) (0.000152737798248+3.1000665898e-05j),(-7.52284276074e-05+6.10125388174e-06j) (7.52285085018e-05+6.10140380498e-06j),(-5.07614664037e-05+5.41984789141e-06j) (5.07615026352e-05+5.41996411291e-06j),(-3.90859376919e-05+3.52489599054e-06j) (3.90859559681e-05+3.52498784004e-06j),(-3.17746480537e-05+2.4791278654e-06j) (3.17746574227e-05+2.47920350785e-06j),(-2.69606482571e-05+1.8712044532e-06j) (2.69606525598e-05+1.87126873844e-06j),(-2.33342833502e-05+1.33579760948e-06j) (2.33342843123e-05+1.33585369018e-06j),(-2.0536178088e-05+9.82616612294e-07j) (2.05361764451e-05+9.8266640075e-07j),(-1.82898002146e-05+7.00320546092e-07j) (1.82897965064e-05+7.00364958238e-07j),(-1.65523874709e-05+4.84729853242e-07j) (1.65523824885e-05+4.84769765318e-07j),
4,,(1.72090543954e-10+0.000535796915129j),(-0.000153164481831+3.07744814345e-05j) (0.000153164674486+3.07746464515e-05j),(-7.54998269124e-05+6.00000924122e-06j) (7.54999077514e-05+6.00016066766e-06j),(-5.0882254196e-05+5.31344190768e-06j) (5.08822898827e-05+5.31355916357e-06j),(-3.92105359911e-05+3.38520504412e-06j) (3.92105536458e-05+3.38529757104e-06j),(-3.18738735336e-05+2.35294880833e-06j) (3.18738823449e-05+2.35302498349e-06j),(-2.7082128085e-05+1.73691369525e-06j) (2.7082131856e-05+1.73697851545e-06j),(-2.34522523474e-05+1.20416152573e-06j) (2.34522527092e-05+1.20421815433e-06j),(-2.06336508684e-05+8.32452734771e-07j) (2.06336485786e-05+8.32503054659e-07j),(-1.84080899765e-05+5.88626687386e-07j) (1.84080855321e-05+5.88671656986e-07j),(-1.66682469941e-05+3.80078849623e-07j) (1.66682411301e-05+3.8011929852e-07j),
4,,(1.77651102817e-10+0.000537848778991j),(-0.000153245590629+3.0615509553e-05j) (0.000153245793903+3.06156758763e-05j),(-7.56088689958e-05+5.96031966336e-06j) (7.56089596604e-05+5.96047299935e-06j),(-5.09781829234e-05+5.29145798248e-06j) (5.09782278017e-05+5.29157738426e-06j),(-3.92401712467e-05+3.38961674452e-06j) (3.92401975886e-05+3.38971148185e-06j),(-3.19255949356e-05+2.35719324673e-06j) (3.19256121061e-05+2.35727155247e-06j),(-2.7108108826e-05+1.76053335127e-06j) (2.71081208439e-05+1.76060022488e-06j),(-2.34594610519e-05+1.22494374871e-06j) (2.34594696975e-05+1.22500247823e-06j),(-2.06562200397e-05+8.4864147595e-07j) (2.06562260527e-05+8.48694118735e-07j),(-1.84120248544e-05+5.71193144078e-07j) (1.84120286309e-05+5.71240710144e-07j),(-1.6673728199e-05+3.53172132648e-07j) (1.66737304007e-05+3.53215448484e-07j),
4,,(1.73945505886e-10+0.000538977234103j),(-0.000153229156602+3.06592499497e-05j) (0.000153229352354+3.06594161095e-05j),(-7.56604856732e-05+6.0223836369e-06j) (7.56605686097e-05+6.02253637495e-06j),(-5.10042725543e-05+5.3659591211e-06j) (5.1004309752e-05+5.36607735061e-06j),(-3.92959451629e-05+3.48965396297e-06j) (3.92959640351e-05+3.48974702198e-06j),(-3.19668128083e-05+2.51160133643e-06j) (3.19668228198e-05+2.51167755075e-06j),(-2.71043980323e-05+1.89130648313e-06j) (2.71044032456e-05+1.8913709738e-06j),(-2.34842600015e-05+1.35962214223e-06j) (2.34842621578e-05+1.35967828298e-06j),(-2.06526502629e-05+9.85919314942e-07j) (2.06526500747e-05+9.85969147124e-07j),(-1.83906685221e-05+7.39862259668e-07j) (1.83906664776e-05+7.3990680527e-07j),(-1.6638318043e-05+5.32776840521e-07j) (1.66383148538e-05+5.3281702906e-07j),
4,,(1.74350794288e-10+0.000539953833727j),(-0.000153223960546+3.05993890785e-05j) (0.000153224156925+3.05995558918e-05j),(-7.56705634258e-05+5.95390018287e-06j) (7.56706465997e-05+5.95405401679e-06j),(-5.10052731003e-05+5.28651322054e-06j) (5.1005310112e-05+5.28663275775e-06j),(-3.92582865757e-05+3.42748394127e-06j) (3.92583049037e-05+3.4275784243e-06j),(-3.19362507331e-05+2.43276944848e-06j) (3.1936259831e-05+2.43284715185e-06j),(-2.70868569056e-05+1.80703019162e-06j) (2.70868608335e-05+1.80709613208e-06j),(-2.34444433091e-05+1.26211397558e-06j) (2.34444438886e-05+1.26217145027e-06j),(-2.05985190406e-05+8.83366065388e-07j) (2.05985170332e-05+8.83417130559e-07j),(-1.83582949514e-05+6.13153445645e-07j) (1.83582908126e-05+6.13199119124e-07j),(-1.66083909161e-05+3.80248762463e-07j) (1.66083853406e-05+3.80289889401e-07j),
4,,(1.7741780205e-10+0.000540443808991j),(-0.000153083701656+3.08116266581e-05j) (0.000153083904216+3.08117936024e-05j),(-7.55973779005e-05+6.04546986125e-06j) (7.55974671659e-05+6.04562402448e-06j),(-5.09277822524e-05+5.36394711338e-06j) (5.09278252153e-05+5.3640670415e-06j),(-3.92061697969e-05+3.49181549047e-06j) (3.92061939746e-05+3.49191033942e-06j),(-3.19097730165e-05+2.48225674038e-06j) (3.19097879271e-05+2.48233472346e-06j),(-2.70776733538e-05+1.88589792439e-06j) (2.70776831797e-05+1.88596401421e-06j),(-2.3441540785e-05+1.36293110381e-06j) (2.34415474641e-05+1.362988673e-06j),(-2.06226072253e-05+9.89415725522e-07j) (2.06226115599e-05+9.89466923166e-07j),(-1.83728296395e-05+7.20107583339e-07j) (1.83728320876e-05+7.2015347323e-07j),(-1.66115058555e-05+5.21565330093e-07j) (1.6611507198e-05+5.21606841527e-07j),
4,,(1.77588993207e-10+0.000540261226131j),(-0.00015297160195+3.05542683394e-05j) (0.000152971805068+3.05544349737e-05j),(-7.56132460411e-05+5.78570993389e-06j) (7.56133360808e-05+5.78586377761e-06j),(-5.09440939591e-05+5.14520487051e-06j) (5.09441378413e-05+5.14532450147e-06j),(-3.92438995875e-05+3.29206482337e-06j) (3.92439248153e-05+3.29215944439e-06j),(-3.19538425978e-05+2.30949187216e-06j) (3.19538586664e-05+2.3095697351e-06j),(-2.71228426564e-05+1.70530129061e-06j) (2.71228537018e-05+1.70536742436e-06j),(-2.34567762369e-05+1.19207163938e-06j) (2.34567841203e-05+1.19212943054e-06j),(-2.06376848611e-05+8.05678594113e-07j) (2.06376903122e-05+8.0573015582e-07j),(-1.83801389723e-05+5.44241639476e-07j) (1.83801424557e-05+5.44287999537e-07j),(-1.66402196529e-05+3.04468913754e-07j) (1.66402219125e-05+3.04511008079e-07j),
4,,(1.74247647445e-10+0.000540152903755j),(-0.000152798455947+3.05690883009e-05j) (0.000152798652545+3.05692548132e-05j),(-7.55747036697e-05+5.70390465781e-06j) (7.55747872264e-05+5.70405856433e-06j),(-5.09303247906e-05+5.06593092077e-06j) (5.09303619454e-05+5.06605073317e-06j),(-3.92353512545e-05+3.2181075516e-06j) (3.92353694371e-05+3.21820227662e-06j),(-3.19282651099e-05+2.21533610359e-06j) (3.19282738236e-05+2.21541385143e-06j),(-2.71093719317e-05+1.64712100763e-06j) (2.71093753755e-05+1.6471866811e-06j),(-2.34747947911e-05+1.10352596402e-06j) (2.3474794923e-05+1.10358285804e-06j),(-2.06449908884e-05+7.48313911597e-07j) (2.06449885767e-05+7.48364108212e-07j),(-1.84079562826e-05+4.68617478112e-07j) (1.84079520846e-05+4.68662053581e-07j),(-1.66321854622e-05+2.78182267365e-07j) (1.66321801425e-05+2.78222187268e-07j),
4,,(1.74729722341e-10+0.000540275560761j),(-0.00015255863966+3.08286366062e-05j) (0.000152558837429+3.08288029683e-05j),(-7.55158143668e-05+5.87513648774e-06j) (7.55158991853e-05+5.87529035033e-06j),(-5.08328754609e-05+5.24153878578e-06j) (5.08329139672e-05+5.24165857863e-06j),(-3.91918520829e-05+3.40378668546e-06j) (3.91918717342e-05+3.40388150309e-06j),(-3.1880063264e-05+2.45563349847e-06j) (3.18800735214e-05+2.45571150058e-06j),(-2.70671457559e-05+1.84390135814e-06j) (2.70671507634e-05+1.84396745231e-06j),(-2.34024954784e-05+1.2988346684e-06j) (2.34024971941e-05+1.2988921481e-06j),(-2.05803339085e-05+9.48733671559e-07j) (2.05803331663e-05+9.48784652183e-07j),(-1.8362431878e-05+6.47326411808e-07j) (1.83624291901e-05+6.47371979429e-07j),(-1.6616544193e-05+4.14253995481e-07j) (1.66165402618e-05+4.14295096466e-07j),
4,,(1.73846207048e-10+0.000539940502091j),(-0.000152344657148+3.0861943703e-05j) (0.000152344853514+3.08621095264e-05j),(-7.54150695212e-05+5.78852034735e-06j) (7.54151532733e-05+5.7886736743e-06j),(-5.07846624395e-05+5.12593330613e-06j) (5.07846999877e-05+5.12605255966e-06j),(-3.91048182778e-05+3.30154127943e-06j) (3.91048371342e-05+3.30163547928e-06j),(-3.1845222334e-05+2.31732618183e-06j) (3.18452320225e-05+2.31740361354e-06j),(-2.70218771649e-05+1.71441963907e-06j) (2.7021881743e-05+1.71448531598e-06j),(-2.33637123089e-05+1.17302704967e-06j) (2.33637136169e-05+1.17308427053e-06j),(-2.05536476788e-05+7.79927933354e-07j) (2.05536464961e-05+7.79978767676e-07j),(-1.83176224046e-05+4.89463074368e-07j) (1.83176192197e-05+4.89508544707e-07j),(-1.66115650808e-05+2.70811395594e-07j) (1.66115606436e-05+2.70852426679e-07j),
4,,(1.76875913858e-10+0.000539725270161j),(-0.000152150987949+3.08772414499e-05j) (0.000152151190587+3.08774074418e-05j),(-7.53451637813e-05+5.7113423722e-06j) (7.53452538198e-05+5.7114963998e-06j),(-5.07093549224e-05+5.09208781979e-06j) (5.07093985084e-05+5.09220815811e-06j),(-3.90713124797e-05+3.23374125398e-06j) (3.90713371095e-05+3.23383676725e-06j),(-3.17845532576e-05+2.22990530219e-06j) (3.17845685054e-05+2.22998417879e-06j),(-2.6982601501e-05+1.61804643051e-06j) (2.69826114894e-05+1.61811366727e-06j),(-2.33682501108e-05+1.08386219156e-06j) (2.33682567147e-05+1.08392113873e-06j),(-2.05684294596e-05+7.04341728713e-07j) (2.05684333884e-05+7.04394499757e-07j),(-1.83328612781e-05+4.43671548337e-07j) (1.83328629281e-05+4.43719126058e-07j),(-1.65797740797e-05+2.43061144814e-07j) (1.65797741462e-05+2.43104368365e-07j),
4,,(1.72477317611e-10+0.000539151987591j),(-0.000151847388946+3.08600046293e-05j) (0.000151847583167+3.08601697782e-05j),(-7.52697731099e-05+5.67559222715e-06j) (7.52698551206e-05+5.67574511193e-06j),(-5.07048505336e-05+5.05595621176e-06j) (5.0704886296e-05+5.05607518333e-06j),(-3.9051588124e-05+3.26714526309e-06j) (3.90516050329e-05+3.26723919488e-06j),(-3.18041726529e-05+2.26762073967e-06j) (3.18041802307e-05+2.26769772681e-06j),(-2.69741476607e-05+1.68418632149e-06j) (2.69741500914e-05+1.6842513139e-06j),(-2.33454182777e-05+1.15625560551e-06j) (2.33454174363e-05+1.15631193123e-06j),(-2.05491617688e-05+7.72876661602e-07j) (2.05491584611e-05+7.72926325081e-07j),(-1.83204730185e-05+4.91522630405e-07j) (1.83204678279e-05+4.91566666083e-07j),(-1.65666403252e-05+2.88015446434e-07j) (1.6566634019e-05+2.88054785934e-07j),
4,,(1.74708452985e-10+0.000538813155215j),(-0.000151621402897+3.10713595255e-05j) (0.000151621601991+3.10715241455e-05j),(-7.51949240522e-05+5.73996311286e-06j) (7.5195011355e-05+5.74011555251e-06j),(-5.06021309622e-05+5.09825015544e-06j) (5.06021721825e-05+5.0983688121e-06j),(-3.89706805824e-05+3.27862179322e-06j) (3.89707031076e-05+3.2787154595e-06j),(-3.17272460466e-05+2.27897114322e-06j) (3.17272594856e-05+2.27904796551e-06j),(-2.68989310732e-05+1.6762124242e-06j) (2.68989396145e-05+1.67627747405e-06j),(-2.32784481913e-05+1.15024057472e-06j) (2.32784536418e-05+1.15029727865e-06j),(-2.04602293869e-05+7.47102244102e-07j) (2.04602324645e-05+7.47152686731e-07j),(-1.82101313963e-05+4.51289749827e-07j) (1.82101325228e-05+4.51334993437e-07j),(-1.65220240355e-05+2.50944753624e-07j) (1.65220238251e-05+2.50985646688e-07j),
4,,(1.72713891798e-10+0.000538563115504j),(-0.000151376986004+3.13557694754e-05j) (0.00015137718128+3.13559341233e-05j),(-7.50614856962e-05+5.93045202654e-06j) (7.50615691424e-05+5.93060483608e-06j),(-5.05025382982e-05+5.29466181335e-06j) (5.05025753305e-05+5.29478103049e-06j),(-3.8901808533e-05+3.45672627096e-06j) (3.89018264977e-05+3.4568204361e-06j),(-3.16512390612e-05+2.46006421919e-06j) (3.16512476509e-05+2.46014131917e-06j),(-2.68346613704e-05+1.85302762426e-06j) (2.68346648964e-05+1.85309261282e-06j),(-2.3214899357e-05+1.31330173569e-06j) (2.32148998393e-05+1.31335801438e-06j),(-2.04295028212e-05+9.50929309399e-07j) (2.04295011093e-05+9.50979113539e-07j),(-1.81998008439e-05+6.49434254718e-07j) (1.81997973492e-05+6.494787725e-07j),(-1.64453082722e-05+4.59265412422e-07j) (1.64453035836e-05+4.59305582028e-07j),
4,,(1.75705408628e-10+0.000537887545691j),(-0.000151167774212+3.13337492648e-05j) (0.000151167975904+3.13339134126e-05j),(-7.50093836293e-05+5.76316316048e-06j) (7.5009473987e-05+5.76331563613e-06j),(-5.04607637743e-05+5.12329466223e-06j) (5.04608079431e-05+5.12341384772e-06j),(-3.88279615132e-05+3.26854186952e-06j) (3.88279867236e-05+3.26863634926e-06j),(-3.16210736628e-05+2.27259533101e-06j) (3.16210894636e-05+2.27267309333e-06j),(-2.68348934903e-05+1.63974894737e-06j) (2.68349040585e-05+1.63981487039e-06j),(-2.3229141513e-05+1.10567991342e-06j) (2.32291488231e-05+1.10573724428e-06j),(-2.04664047434e-05+7.41754590977e-07j) (2.04664097037e-05+7.41805413886e-07j),(-1.82378160518e-05+4.6788431427e-07j) (1.82378192294e-05+4.67929749903e-07j),(-1.64913691635e-05+2.6726661464e-07j) (1.64913713173e-05+2.67307637122e-07j),
4,,(1.73806047524e-10+0.000537524626896j),(-0.000150958849263+3.15663851198e-05j) (0.000150959047363+3.15665491427e-05j),(-7.49220621261e-05+5.90093741684e-06j) (7.49221489475e-05+5.90108996808e-06j),(-5.04249243611e-05+5.25365138339e-06j) (5.04249648553e-05+5.25377072364e-06j),(-3.88335601905e-05+3.44540444433e-06j) (3.88335816333e-05+3.44549900394e-06j),(-3.16295505255e-05+2.44134536434e-06j) (3.16295625968e-05+2.44142315159e-06j),(-2.68400436257e-05+1.85096383617e-06j) (2.68400505407e-05+1.85102983924e-06j),(-2.32180006846e-05+1.32133212736e-06j) (2.3218004354e-05+1.3213897121e-06j),(-2.04363424836e-05+9.37302358315e-07j) (2.04363436643e-05+9.37353682975e-07j),(-1.81997300876e-05+6.63696371706e-07j) (1.81997291474e-05+6.63742497069e-07j),(-1.64892937446e-05+4.45343222984e-07j) (1.64892912941e-05+4.4538495863e-07j),
4,,(1.72675914751e-10+0.000536949853778j),(-0.000150791857546+3.15348835481e-05j) (0.00015079205363+3.15350473563e-05j),(-7.49204079596e-05+5.78804131718e-06j) (7.49204929327e-05+5.78819384912e-06j),(-5.04071406688e-05+5.15498957633e-06j) (5.04071792481e-05+5.15510905518e-06j),(-3.88399231853e-05+3.35833340842e-06j) (3.88399425914e-05+3.35842821357e-06j),(-3.16414905354e-05+2.3676102436e-06j) (3.1641500358e-05+2.3676883081e-06j),(-2.68670877529e-05+1.78241942632e-06j) (2.68670922057e-05+1.78248559698e-06j),(-2.3267928246e-05+1.26934779629e-06j) (2.32679293212e-05+1.26940534865e-06j),(-2.04811828618e-05+9.17853149585e-07j) (2.04811814042e-05+9.17904193173e-07j),(-1.82565395975e-05+6.42317631682e-07j) (1.82565361092e-05+6.42363212223e-07j),(-1.65137004366e-05+4.42410587764e-07j) (1.65136956898e-05+4.42451620032e-07j),
4,,(1.75892269349e-10+0.000536483878222j),(-0.000150616789758+3.16056037266e-05j) (0.000150616992478+3.160576751e-05j),(-7.48361831389e-05+5.75010468715e-06j) (7.48362748003e-05+5.75025750665e-06j),(-5.03666987892e-05+5.14974601785e-06j) (5.03667438797e-05+5.1498659859e-06j),(-3.88152817688e-05+3.3506944383e-06j) (3.88153074784e-05+3.35078977894e-06j),(-3.15992514805e-05+2.36858873576e-06j) (3.15992674724e-05+2.36866726407e-06j),(-2.68218403796e-05+1.79168124645e-06j) (2.6821850934e-05+1.7917478063e-06j),(-2.32302698862e-05+1.27584525023e-06j) (2.3230277009e-05+1.27590305642e-06j),(-2.0433187981e-05+9.2108205078e-07j) (2.04331926383e-05+9.21133141862e-07j),(-1.819082621e-05+6.6296619218e-07j) (1.81908290664e-05+6.63011661811e-07j),(-1.64591288181e-05+4.56127919661e-07j) (1.64591306993e-05+4.56168824141e-07j),
5,,(1.52720005705e-10+0.000455400944898j),(-0.000117319807146+1.04322471322e-05j) (0.000117319980269+1.04323910798e-05j),(-5.31142251146e-05+4.67583380933e-06j) (5.31143007071e-05+4.67596564653e-06j),(-3.80459234595e-05+3.98095195272e-06j) (3.80459597644e-05+3.98105579688e-06j),(-2.94686279008e-05+2.51858786273e-06j) (2.94686472509e-05+2.51867047486e-06j),(-2.41460081949e-05+1.7353968828e-06j) (2.41460191881e-05+1.73546489351e-06j),(-2.06053812237e-05+1.28928569801e-06j) (2.06053876328e-05+1.28934344998e-06j),(-1.79185630935e-05+8.41412137223e-07j) (1.79185665296e-05+8.41462580169e-07j),(-1.57930860642e-05+5.82476309858e-07j) (1.57930871292e-05+5.82521206704e-07j),(-1.40521669301e-05+3.60968005908e-07j) (1.40521660367e-05+3.61008137664e-07j),(-1.27189631184e-05+1.87764080831e-07j) (1.27189609738e-05+1.8780013969e-07j),
5,,(1.55538252988e-10+0.000465108091117j),(-0.00011814851131+1.0741490013e-05j) (0.000118148688239+1.07416373557e-05j),(-5.36760552063e-05+4.85718171418e-06j) (5.3676131915e-05+4.85731769262e-06j),(-3.83872454593e-05+4.23813836056e-06j) (3.83872810961e-05+4.23824573423e-06j),(-2.97586931143e-05+2.79532805569e-06j) (2.97587108922e-05+2.79541331389e-06j),(-2.43173623826e-05+2.03359914192e-06j) (2.43173714157e-05+2.03366899226e-06j),(-2.07500315946e-05+1.53542851335e-06j) (2.07500359527e-05+1.53548745707e-06j),(-1.80025347869e-05+1.12724387353e-06j) (1.80025362594e-05+1.12729501129e-06j),(-1.58487969026e-05+8.05623566575e-07j) (1.58487962e-05+8.05668853807e-07j),(-1.41527453363e-05+5.69174857736e-07j) (1.41527428458e-05+5.69215243262e-07j),(-1.28319950458e-05+4.08718432382e-07j) (1.28319914083e-05+4.0875470355e-07j),
5,,(1.56178122455e-10+0.000468773316221j),(-0.00011825827914+1.05661071187e-05j) (0.000118258456615+1.05662558185e-05j),(-5.36869733428e-05+4.6662087316e-06j) (5.36870496071e-05+4.66634635633e-06j),(-3.83858762706e-05+4.11367870618e-06j) (3.83859108927e-05+4.11378755244e-06j),(-2.97178248609e-05+2.67671467007e-06j) (2.97178414088e-05+2.67680125352e-06j),(-2.42902186528e-05+1.85734726295e-06j) (2.42902263122e-05+1.85741844231e-06j),(-2.06947961166e-05+1.39772236867e-06j) (2.06947989327e-05+1.3977826512e-06j),(-1.79862605652e-05+9.3484044661e-07j) (1.79862603582e-05+9.34892961307e-07j),(-1.58393335631e-05+6.18201401952e-07j) (1.58393310218e-05+6.18248148011e-07j),(-1.41201389885e-05+4.16343564386e-07j) (1.41201344371e-05+4.16385512426e-07j),(-1.28030121591e-05+2.4607081941e-07j) (1.28030061597e-05+2.46108718205e-07j),
5,,(1.57400057365e-10+0.000470271281062j),(-0.000118320740107+1.06255796501e-05j) (0.000118320919926+1.06257286909e-05j),(-5.3727299915e-05+4.6705203395e-06j) (5.37273783713e-05+4.67065855231e-06j),(-3.84569012952e-05+4.15248171597e-06j) (3.84569379398e-05+4.15259128462e-06j),(-2.9767186519e-05+2.71343965584e-06j) (2.97672049906e-05+2.71352708189e-06j),(-2.43328695317e-05+1.95470200276e-06j) (2.43328790166e-05+1.95477417298e-06j),(-2.0748118508e-05+1.48621714418e-06j) (2.07481229819e-05+1.48627860159e-06j),(-1.80073041192e-05+1.0162310507e-06j) (1.8007305304e-05+1.01628483069e-06j),(-1.58538324468e-05+7.25182636078e-07j) (1.5853831049e-05+7.25230595181e-07j),(-1.41426887329e-05+4.98875709451e-07j) (1.41426851811e-05+4.9891872813e-07j),(-1.28109251567e-05+3.04918300602e-07j) (1.28109201447e-05+3.04957132067e-07j),
5,,(1.58692996234e-10+0.000471281582919j),(-0.00011843024724+1.08466694797e-05j) (0.000118430429626+1.08468186996e-05j),(-5.37491336055e-05+4.72534498016e-06j) (5.3749214511e-05+4.72548359974e-06j),(-3.84817645685e-05+4.2132889336e-06j) (3.84818033886e-05+4.21339898473e-06j),(-2.9805289356e-05+2.78782469873e-06j) (2.98053097641e-05+2.78791246713e-06j),(-2.43942965974e-05+2.0229005065e-06j) (2.43943079654e-05+2.02297273923e-06j),(-2.07615063004e-05+1.57301795041e-06j) (2.0761512862e-05+1.57307921869e-06j),(-1.7992067971e-05+1.12648675334e-06j) (1.79920715869e-05+1.12654032858e-06j),(-1.58533586661e-05+7.99840709355e-07j) (1.58533599751e-05+7.99888649271e-07j),(-1.41444970501e-05+5.76503753537e-07j) (1.41444963661e-05+5.76547037685e-07j),(-1.28049245257e-05+4.13419143311e-07j) (1.28049224167e-05+4.1345857326e-07j),
5,,(1.57390580022e-10+0.000471841162201j),(-0.000118520722633+1.08360376857e-05j) (0.000118520902496+1.08361868727e-05j),(-5.37637010272e-05+4.60864632456e-06j) (5.37637795593e-05+4.60878508923e-06j),(-3.84669436041e-05+4.09285746568e-06j) (3.84669800092e-05+4.09296796758e-06j),(-2.97644328943e-05+2.64439839154e-06j) (2.97644506644e-05+2.64448689315e-06j),(-2.43570658435e-05+1.85100296311e-06j) (2.43570741845e-05+1.85107612284e-06j),(-2.07634011e-05+1.36351393105e-06j) (2.0763404096e-05+1.3635761354e-06j),(-1.80089876608e-05+9.27383526002e-07j) (1.80089871675e-05+9.27437736212e-07j),(-1.58701016301e-05+5.81408214307e-07j) (1.58700984856e-05+5.814562521e-07j),(-1.41653516687e-05+3.71245595612e-07j) (1.41653464519e-05+3.71288367027e-07j),(-1.28477929482e-05+1.87329587364e-07j) (1.28477864734e-05+1.87367947264e-07j),
5,,(1.57227347744e-10+0.000472287749432j),(-0.00011862966217+1.08958584484e-05j) (0.000118629841785+1.08960072561e-05j),(-5.38077949745e-05+4.51350446331e-06j) (5.38078734655e-05+4.5136426217e-06j),(-3.85358018799e-05+4.03283682371e-06j) (3.85358383724e-05+4.03294652511e-06j),(-2.98355749548e-05+2.60190633795e-06j) (2.9835593041e-05+2.60199378559e-06j),(-2.4390811179e-05+1.80275494844e-06j) (2.4390820211e-05+1.80282692489e-06j),(-2.08011291345e-05+1.33826256476e-06j) (2.08011331841e-05+1.3383236273e-06j),(-1.80548036864e-05+8.91083820457e-07j) (1.80548045504e-05+8.91137052884e-07j),(-1.594488225e-05+5.83329174978e-07j) (1.59448806309e-05+5.83376487943e-07j),(-1.42256647281e-05+3.38643893537e-07j) (1.42256610431e-05+3.38686164218e-07j),(-1.28931659625e-05+2.07763887611e-07j) (1.28931609409e-05+2.07801816663e-07j),
5,,(1.6013865339e-10+0.000472856736523j),(-0.000118703426138+1.12616649807e-05j) (0.000118703611548+1.12618143565e-05j),(-5.38382661433e-05+4.75251961613e-06j) (5.3838350298e-05+4.75265899971e-06j),(-3.85321891025e-05+4.25666887348e-06j) (3.8532230875e-05+4.25678039988e-06j),(-2.98292237072e-05+2.8238642797e-06j) (2.98292465394e-05+2.82395395958e-06j),(-2.43827501318e-05+2.05845283986e-06j) (2.43827633548e-05+2.05852722762e-06j),(-2.07842750247e-05+1.57895865342e-06j) (2.07842827978e-05+1.57902214784e-06j),(-1.80084815468e-05+1.12557314814e-06j) (1.80084857576e-05+1.12562873483e-06j),(-1.58627102985e-05+8.03900236319e-07j) (1.58627118051e-05+8.03949777201e-07j),(-1.41081468061e-05+5.87985712025e-07j) (1.41081461453e-05+5.88030177803e-07j),(-1.28029372492e-05+4.16611983474e-07j) (1.2802935127e-05+4.16652231289e-07j),
5,,(1.60550820981e-10+0.000472821364121j),(-0.000118831986971+1.10978116761e-05j) (0.00011883217337+1.10979605195e-05j),(-5.39120957683e-05+4.47877911913e-06j) (5.39121812465e-05+4.4789176608e-06j),(-3.85967059466e-05+4.01289333106e-06j) (3.85967494114e-05+4.01300379983e-06j),(-2.98626810248e-05+2.57152005787e-06j) (2.98627060308e-05+2.57160863951e-06j),(-2.44233694816e-05+1.79255465696e-06j) (2.44233852887e-05+1.79262814252e-06j),(-2.08245477632e-05+1.30976925025e-06j) (2.08245583699e-05+1.30983213562e-06j),(-1.80579730416e-05+8.69520304081e-07j) (1.80579802233e-05+8.69575612766e-07j),(-1.5907188733e-05+5.32437990683e-07j) (1.59071931746e-05+5.32487604969e-07j),(-1.41881067799e-05+3.29788908686e-07j) (1.41881088689e-05+3.29833660581e-07j),(-1.28797258262e-05+1.44457685819e-07j) (1.28797262796e-05+1.44498246527e-07j),
5,,(1.57898776686e-10+0.000473148741541j),(-0.000118930751249+1.12017989503e-05j) (0.000118930932404+1.1201947535e-05j),(-5.39761111296e-05+4.45289743729e-06j) (5.39761914115e-05+4.45303562051e-06j),(-3.86406059086e-05+4.00960934638e-06j) (3.86406440453e-05+4.00971929982e-06j),(-2.993519687e-05+2.58749841825e-06j) (2.99352164105e-05+2.58758612506e-06j),(-2.44596014216e-05+1.82119887859e-06j) (2.44596117972e-05+1.82127101162e-06j),(-2.08429365666e-05+1.34721005657e-06j) (2.08429419481e-05+1.3472711376e-06j),(-1.80725756215e-05+9.02565908898e-07j) (1.80725778818e-05+9.02619024043e-07j),(-1.58945041087e-05+5.81255881444e-07j) (1.58945040438e-05+5.81302958321e-07j),(-1.41636017258e-05+3.31461946468e-07j) (1.41635998822e-05+3.31503947817e-07j),(-1.28142626883e-05+1.43491740731e-07j) (1.28142598292e-05+1.43529605409e-07j),
5,,(1.6085854969e-10+0.00047337853686j),(-0.000118985641856+1.13369163951e-05j) (0.000118985828996+1.13370651711e-05j),(-5.39744533724e-05+4.44998606179e-06j) (5.39745397575e-05+4.45012480451e-06j),(-3.86032376183e-05+3.94650226625e-06j) (3.86032818106e-05+3.94661323985e-06j),(-2.99079844943e-05+2.50313868376e-06j) (2.99080099038e-05+2.50322783089e-06j),(-2.44498845436e-05+1.71260634347e-06j) (2.44499005468e-05+1.71268023477e-06j),(-2.08620436305e-05+1.23165212428e-06j) (2.08620543964e-05+1.23171525828e-06j),(-1.81216374144e-05+7.71592416224e-07j) (1.81216447772e-05+7.71647871696e-07j),(-1.59717872469e-05+4.70850343475e-07j) (1.59717918879e-05+4.70900058745e-07j),(-1.42584286546e-05+2.36361981112e-07j) (1.42584309457e-05+2.36406758176e-07j),(-1.29352765672e-05+6.87892603612e-08j) (1.29352772686e-05+6.88297608395e-08j),
5,,(1.55768268615e-10+0.000473813395414j),(-0.000119133125547+1.16847581493e-05j) (0.000119133302776+1.16849055734e-05j),(-5.40212134084e-05+4.686263272e-06j) (5.40212905372e-05+4.68639966569e-06j),(-3.86613981642e-05+4.21047818203e-06j) (3.86614338159e-05+4.21058608142e-06j),(-2.9941779859e-05+2.78415656294e-06j) (2.99417975203e-05+2.78424212963e-06j),(-2.44603030063e-05+1.98694649709e-06j) (2.44603120374e-05+1.98701653386e-06j),(-2.08323755372e-05+1.49564275151e-06j) (2.08323800594e-05+1.49570191477e-06j),(-1.8096294993e-05+1.03844186929e-06j) (1.80962967719e-05+1.03849339192e-06j),(-1.5951036372e-05+6.98931794982e-07j) (1.59510360158e-05+6.98977717872e-07j),(-1.4251006405e-05+4.79741440902e-07j) (1.42510042058e-05+4.79782723192e-07j),(-1.29100358282e-05+3.24978839733e-07j) (1.29100323427e-05+3.25016261305e-07j),
5,,(1.56962700254e-10+0.000473816961555j),(-0.000119243033657+1.16747251933e-05j) (0.000119243213167+1.16748732355e-05j),(-5.40446163792e-05+4.56074619242e-06j) (5.404469548e-05+4.56088376749e-06j),(-3.86378043933e-05+4.05898951891e-06j) (3.86378415282e-05+4.05909897075e-06j),(-2.98975522342e-05+2.60669097485e-06j) (2.98975708653e-05+2.60677823442e-06j),(-2.44472905529e-05+1.81708312592e-06j) (2.4447300121e-05+1.81715486239e-06j),(-2.08384813982e-05+1.35490980891e-06j) (2.08384860611e-05+1.3549706068e-06j),(-1.80788901595e-05+8.89353555632e-07j) (1.80788917151e-05+8.89406558247e-07j),(-1.5925609527e-05+5.63631118831e-07j) (1.59256086557e-05+5.63678271016e-07j),(-1.42235041787e-05+3.07166994555e-07j) (1.42235012867e-05+3.07209195493e-07j),(-1.28874518135e-05+1.15064197734e-07j) (1.28874475788e-05+1.15102238733e-07j),
5,,(1.57716713904e-10+0.000473805084177j),(-0.000119385620225+1.16604124132e-05j) (0.00011938580136+1.16605603074e-05j),(-5.41316557336e-05+4.40376945862e-06j) (5.41317367234e-05+4.40390698333e-06j),(-3.875368785e-05+3.94694193586e-06j) (3.87537269835e-05+3.94705159902e-06j),(-3.00271907039e-05+2.4957487204e-06j) (3.00272112996e-05+2.49583646068e-06j),(-2.45498086045e-05+1.73107364258e-06j) (2.45498200056e-05+1.73114605463e-06j),(-2.0941275485e-05+1.28381100127e-06j) (2.09412818231e-05+1.28387258315e-06j),(-1.81604825294e-05+8.29667395318e-07j) (1.81604856261e-05+8.2972119124e-07j),(-1.59875912979e-05+5.17664551144e-07j) (1.59875919452e-05+5.17712462398e-07j),(-1.42792559739e-05+2.88189062257e-07j) (1.42792546613e-05+2.88232069833e-07j),(-1.29312315449e-05+9.11806751613e-08j) (1.29312289309e-05+9.12196490307e-08j),
5,,(1.58221429765e-10+0.000473981875317j),(-0.000119462958097+1.18001326758e-05j) (0.000119463140264+1.18002803822e-05j),(-5.41356766408e-05+4.46119685059e-06j) (5.41357587224e-05+4.46133406914e-06j),(-3.87445577605e-05+3.93771985793e-06j) (3.87445979627e-05+3.93782907607e-06j),(-3.00260445953e-05+2.50594478301e-06j) (3.00260662931e-05+2.50603185078e-06j),(-2.45483657001e-05+1.72344609151e-06j) (2.45483783029e-05+1.72351761221e-06j),(-2.09387485609e-05+1.24024777841e-06j) (2.09387562681e-05+1.2403082285e-06j),(-1.8185106298e-05+8.05427909767e-07j) (1.81851110453e-05+8.05480402567e-07j),(-1.60417054231e-05+4.82916305899e-07j) (1.60417080102e-05+4.82962855206e-07j),(-1.42931924297e-05+2.30109504701e-07j) (1.42931933192e-05+2.30151152283e-07j),(-1.29768849504e-05+7.26760841521e-08j) (1.29768847667e-05+7.27137262028e-08j),
5,,(1.58534337162e-10+0.000474438188036j),(-0.00011957371681+1.22481273905e-05j) (0.000119573899651+1.2248275384e-05j),(-5.41727297465e-05+4.81883418615e-06j) (5.41728125334e-05+4.81897214764e-06j),(-3.87496733345e-05+4.30207539164e-06j) (3.87497140856e-05+4.30218583767e-06j),(-3.0034911024e-05+2.88511221371e-06j) (3.00349329757e-05+2.88520094836e-06j),(-2.45308384923e-05+2.12258142608e-06j) (2.45308509441e-05+2.1226549347e-06j),(-2.0881939838e-05+1.63246607471e-06j) (2.08819469769e-05+1.63252871487e-06j),(-1.80973569038e-05+1.18258508793e-06j) (1.809736066e-05+1.18263992559e-06j),(-1.59430557482e-05+8.68643852081e-07j) (1.59430568519e-05+8.6869284766e-07j),(-1.41989790298e-05+6.20212590693e-07j) (1.41989778853e-05+6.20256609975e-07j),(-1.2844089023e-05+4.27855545665e-07j) (1.28440863623e-05+4.27895322767e-07j),
5,,(1.5768481821e-10+0.000474737595144j),(-0.000119676986323+1.23677266425e-05j) (0.000119677167594+1.2367874129e-05j),(-5.42175667002e-05+4.83194194906e-06j) (5.42176482599e-05+4.83207910386e-06j),(-3.87480851309e-05+4.31473066874e-06j) (3.87481249617e-05+4.31484018082e-06j),(-3.00219149297e-05+2.85782706435e-06j) (3.00219362643e-05+2.85791482978e-06j),(-2.45307929527e-05+2.06601056194e-06j) (2.45308050462e-05+2.06608318502e-06j),(-2.09028105025e-05+1.59235841478e-06j) (2.09028174311e-05+1.59242033589e-06j),(-1.81170362768e-05+1.13282918038e-06j) (1.81170398386e-05+1.13288344498e-06j),(-1.59645445528e-05+8.1938954508e-07j) (1.5964545427e-05+8.1943804957e-07j),(-1.42414137829e-05+5.7669323882e-07j) (1.42414123252e-05+5.76736791705e-07j),(-1.29012830947e-05+4.01244009309e-07j) (1.29012800634e-05+4.01283235271e-07j),
5,,(1.5945537492e-10+0.000474891906586j),(-0.000119746245636+1.24712778325e-05j) (0.00011974643053+1.24714251841e-05j),(-5.42301927463e-05+4.81368199654e-06j) (5.42302781284e-05+4.81381903164e-06j),(-3.87412407856e-05+4.28728663273e-06j) (3.87412845778e-05+4.28739615796e-06j),(-3.00227151227e-05+2.80805544129e-06j) (3.00227404731e-05+2.80814338958e-06j),(-2.453743478e-05+2.01214314496e-06j) (2.45374508859e-05+2.01221606866e-06j),(-2.09281821248e-05+1.54186267096e-06j) (2.09281930727e-05+1.54192495582e-06j),(-1.81691420281e-05+1.08024860972e-06j) (1.81691496832e-05+1.08030324848e-06j),(-1.59971676206e-05+7.67950192617e-07j) (1.59971728061e-05+7.67999115463e-07j),(-1.42661425548e-05+5.47362439362e-07j) (1.42661457181e-05+5.47406658114e-07j),(-1.29301293229e-05+3.8231450278e-07j) (1.29301310821e-05+3.82354867191e-07j),
5,,(1.5912986426e-10+0.000474725919944j),(-0.000119872012481+1.22669625594e-05j) (0.000119872196632+1.22671101102e-05j),(-5.42954101052e-05+4.53817174229e-06j) (5.42954945524e-05+4.53830909699e-06j),(-3.88367391953e-05+4.05529484407e-06j) (3.88367817656e-05+4.05540465335e-06j),(-3.00731847162e-05+2.58415255394e-06j) (3.00732086374e-05+2.58424052304e-06j),(-2.45917234067e-05+1.77812381085e-06j) (2.45917381221e-05+1.77819643685e-06j),(-2.09542290153e-05+1.3009444332e-06j) (2.09542387774e-05+1.30100625356e-06j),(-1.81892439792e-05+8.47370741177e-07j) (1.81892506391e-05+8.47424952038e-07j),(-1.60269451905e-05+5.20184071438e-07j) (1.60269493912e-05+5.20232694234e-07j),(-1.43150641042e-05+2.83146348956e-07j) (1.43150661444e-05+2.83190282439e-07j),(-1.29654789113e-05+9.40530756857e-08j) (1.29654794392e-05+9.40930067292e-08j),
5,,(1.57719623383e-10+0.00047478889448j),(-0.000119982639396+1.23033180955e-05j) (0.000119982820961+1.2303465064e-05j),(-5.4361670474e-05+4.49455821847e-06j) (5.43617528884e-05+4.49469476676e-06j),(-3.88738235218e-05+3.99326279214e-06j) (3.88738645751e-05+3.99337196966e-06j),(-3.01272275192e-05+2.54499061251e-06j) (3.01272501927e-05+2.54507839305e-06j),(-2.46180479838e-05+1.7683784184e-06j) (2.4618061376e-05+1.76845134972e-06j),(-2.10081625228e-05+1.26324073421e-06j) (2.10081706037e-05+1.26330317343e-06j),(-1.82364435869e-05+8.33223854241e-07j) (1.82364481232e-05+8.33278675603e-07j),(-1.60572129919e-05+5.03478739722e-07j) (1.60572148266e-05+5.03527714921e-07j),(-1.43334165517e-05+2.86669017726e-07j) (1.43334162389e-05+2.86713090678e-07j),(-1.29779567091e-05+1.07048129363e-07j) (1.29779549365e-05+1.07088153269e-07j),
