,,(1.67080827602e-10+0.000517826654295j),(-0.000140946796993+2.05146821772e-05j),(-6.48071073585e-05+4.56051708222e-06j),(-4.49565912464e-05+5.05378690927e-06j),(-3.46797251846e-05+3.28396699698e-06j),(-2.82410636787e-05+2.31451871511e-06j),(-2.39742380871e-05+1.71216736764e-06j),(-2.07899679026e-05+1.22793985484e-06j),(-1.82807359038e-05+8.42116343664e-07j),(-1.62729469031e-05+5.96293346585e-07j),(-1.47407181437e-05+4.09573644617e-07j),(-1.35101719978e-05+2.35324485927e-07j),(-1.25072094145e-05+2.54826470581e-07j),(-1.15320203791e-05+2.13817897309e-07j),(-1.05832998322e-05+1.66331131792e-07j),(-9.84738563164e-06+1.0734893942e-07j),(-9.22821558116e-06+9.41735988e-08j),(-8.70964269912e-06+5.95540764803e-08j),(-8.31052210845e-06+1.97670606796e-08j),(-7.9410037504e-06-1.99678218267e-08j),(-7.56420397289e-06-5.30540265388e-08j),
,,(1.54184942004e-10+0.000480547237884j),(-0.000132342838395+2.22279507799e-05j),(-6.15902341604e-05+4.45853025836e-06j),(-4.28082017433e-05+4.62371474613e-06j),(-3.31451628202e-05+3.00705237945e-06j),(-2.69488888804e-05+2.06315864392e-06j),(-2.29481096999e-05+1.47559473921e-06j),(-1.98853788939e-05+1.01909646421e-06j),(-1.74664978083e-05+6.44036897929e-07j),(-1.55588622712e-05+3.98510729844e-07j),(-1.40633365639e-05+2.18161245944e-07j),(-1.28916850432e-05+3.16563892897e-08j),(-1.19510001533e-05+4.03641363711e-08j),(-1.10150728219e-05-1.24674706305e-08j),(-1.01133439804e-05-9.13218207941e-08j),(-9.44344435778e-06-1.63987637677e-07j),(-8.82352885039e-06-1.63929866126e-07j),(-8.39558563433e-06-2.08138474843e-07j),(-8.02123908196e-06-2.39879612871e-07j),(-7.65719319929e-06-2.63199216616e-07j),(-7.32086537873e-06-3.01486563065e-07j),
,,(1.46582277336e-10+0.00045749479519j),(-0.000125902899577+2.29309689894e-05j),(-5.8870463586e-05+4.13257588457e-06j),(-4.09807486023e-05+4.44666804246e-06j),(-3.17281943096e-05+2.86389700533e-06j),(-2.58612518804e-05+1.89121596805e-06j),(-2.2050787314e-05+1.35313277897e-06j),(-1.91361334018e-05+9.20459498724e-07j),(-1.68378200445e-05+5.61710617548e-07j),(-1.5016819008e-05+3.13850482352e-07j),(-1.36136384255e-05+1.4092017176e-07j),(-1.24824934196e-05+1.75739272667e-08j),(-1.15783417107e-05+4.59997805183e-08j),(-1.07001982292e-05+3.10919613093e-08j),(-9.78939745343e-06+1.42447776585e-08j),(-9.11064745658e-06-7.35095907955e-08j),(-8.50999228701e-06-8.48238169808e-08j),(-8.03764134755e-06-1.24182261132e-07j),(-7.70539180579e-06-1.91193251413e-07j),(-7.39609443886e-06-2.40998347266e-07j),(-7.05118705463e-06-2.80059070403e-07j),
,,(1.36908313883e-10+0.000427873862493j),(-0.00012113671517+2.36411731919e-05j),(-5.67157347738e-05+4.84805027159e-06j),(-3.9409415602e-05+4.70653335893e-06j),(-3.04838583424e-05+3.11760733754e-06j),(-2.48698321606e-05+2.18888828113e-06j),(-2.118036404e-05+1.67418420791e-06j),(-1.83634845348e-05+1.2114252064e-06j),(-1.61468116701e-05+8.74036949068e-07j),(-1.43998273072e-05+6.2682426853e-07j),(-1.3021479457e-05+4.514119353e-07j),(-1.19345919742e-05+3.08062141097e-07j),(-1.10459714422e-05+2.88954528119e-07j),(-1.01806430506e-05+2.87583012114e-07j),(-9.28114122677e-06+2.13577658891e-07j),(-8.63392518649e-06+1.6094811559e-07j),(-8.08105711298e-06+1.32274947762e-07j),(-7.60262928691e-06+8.61332075498e-08j),(-7.28602937901e-06+1.7102389388e-08j),(-6.99210427288e-06-3.4853543594e-08j),(-6.65457895795e-06-7.93426554736e-08j),
,,(1.29470744243e-10+0.000416489175594j),(-0.000121726532353+2.3666623121e-05j),(-5.66995091531e-05+4.91538515561e-06j),(-3.93391374142e-05+4.6073011942e-06j),(-3.04944972186e-05+2.97069206243e-06j),(-2.48788229741e-05+2.06089072626e-06j),(-2.11804541384e-05+1.52624388339e-06j),(-1.83426299858e-05+1.04090375979e-06j),(-1.61078037742e-05+7.0489711742e-07j),(-1.4353028236e-05+4.42453767613e-07j),(-1.29959399938e-05+2.5439554066e-07j),(-1.18942452458e-05+9.14422626987e-08j),(-1.10351747952e-05+1.16877042592e-07j),(-1.01688988536e-05+7.87335253163e-08j),(-9.30764891106e-06+1.41455256497e-08j),(-8.6668428505e-06-7.8199959629e-08j),(-8.12084376863e-06-1.04637832255e-07j),(-7.66253117227e-06-1.2957807401e-07j),(-7.36902267316e-06-2.10727241606e-07j),(-7.05977370735e-06-2.46144017662e-07j),(-6.74237406323e-06-2.92923927739e-07j),
,,(1.29108128891e-10+0.00039824995329j),(-0.000116317330369+2.21398068813e-05j),(-5.44211832589e-05+4.82202666293e-06j),(-3.76563191332e-05+4.62105216837e-06j),(-2.92079849183e-05+3.01773479636e-06j),(-2.38568998606e-05+2.1256303731e-06j),(-2.02900155566e-05+1.63087019379e-06j),(-1.76103601244e-05+1.14034836841e-06j),(-1.54670316991e-05+7.65057472841e-07j),(-1.37893211388e-05+5.55052154708e-07j),(-1.24664701605e-05+3.74341426466e-07j),(-1.14442434341e-05+2.15925851653e-07j),(-1.05903622796e-05+2.26916738234e-07j),(-9.75974930406e-06+1.89934877435e-07j),(-8.9440102606e-06+1.58203339172e-07j),(-8.31382497598e-06+7.95481689167e-08j),(-7.78853688032e-06+8.67416902444e-08j),(-7.33109521342e-06+3.70953712518e-08j),(-7.04804376779e-06-1.74130559642e-09j),(-6.74832161383e-06-8.05961701404e-08j),(-6.39442968988e-06-1.15070498827e-07j),
,,(1.20037189668e-10+0.000382931748223j),(-0.000112540631091+2.17695048743e-05j),(-5.27664095654e-05+4.98194562004e-06j),(-3.66760238044e-05+4.46969292828e-06j),(-2.85080399802e-05+2.88189546199e-06j),(-2.32794169288e-05+1.98331300706e-06j),(-1.98292293557e-05+1.49478204149e-06j),(-1.71784127529e-05+1.04559635622e-06j),(-1.51236078162e-05+7.15559696109e-07j),(-1.35013567712e-05+5.12862228074e-07j),(-1.22380643899e-05+3.30846157082e-07j),(-1.12278838201e-05+2.02873239747e-07j),(-1.03948532246e-05+2.30924600186e-07j),(-9.57478205257e-06+2.20038959672e-07j),(-8.75158567933e-06+2.14919300295e-07j),(-8.11568799607e-06+1.17688467541e-07j),(-7.61046553552e-06+1.05052304254e-07j),(-7.1575790022e-06+6.63242120018e-08j),(-6.8950346234e-06-1.4310601577e-08j),(-6.56656225673e-06-3.83962023834e-08j),(-6.24303023364e-06-8.39591104789e-08j),
,,(1.18246289745e-10+0.000375058010677j),(-0.000110118632301+2.15382444974e-05j),(-5.19242878194e-05+5.05365313467e-06j),(-3.61147202526e-05+4.39467139988e-06j),(-2.80680596019e-05+2.85069569094e-06j),(-2.29119129432e-05+2.01418940624e-06j),(-1.9508368973e-05+1.51149831016e-06j),(-1.68879896254e-05+1.05696241521e-06j),(-1.48354276559e-05+7.10304815788e-07j),(-1.32162063722e-05+4.99808501945e-07j),(-1.19319806499e-05+2.52908819036e-07j),(-1.09699978133e-05+1.25863604753e-07j),(-1.01561221885e-05+9.52901059117e-08j),(-9.38631374928e-06+6.74610992091e-08j),(-8.60928257448e-06+1.66888602685e-08j),(-7.98788628469e-06-5.77330397544e-08j),(-7.4797514179e-06-6.28144478765e-08j),(-7.09397725041e-06-9.85941554558e-08j),(-6.82211347944e-06-1.35528421725e-07j),(-6.52411839496e-06-1.53272973165e-07j),(-6.21839175992e-06-1.8077483621e-07j),
,,(1.1377588635e-10+0.000363187654372j),(-0.000108204029397+2.20050646847e-05j),(-5.10993865341e-05+5.20921204964e-06j),(-3.55295302224e-05+4.45443016372e-06j),(-2.76268548057e-05+2.89780875475e-06j),(-2.25513428604e-05+2.00603892614e-06j),(-1.9201324848e-05+1.50593416456e-06j),(-1.66452961851e-05+1.06167558869e-06j),(-1.46706542951e-05+7.1616344205e-07j),(-1.30673359676e-05+4.82764143685e-07j),(-1.18259769748e-05+3.17089794783e-07j),(-1.0869097665e-05+1.91919930831e-07j),(-1.01081952275e-05+2.13654604194e-07j),(-9.29311915982e-06+1.98787838796e-07j),(-8.47259509086e-06+1.88469677443e-07j),(-7.84243508417e-06+1.06210201538e-07j),(-7.32080549737e-06+8.48419010925e-08j),(-6.9185582628e-06+3.87062617139e-08j),(-6.61036215375e-06-2.73649925546e-08j),(-6.32463330605e-06-9.67947715256e-08j),(-6.01341388888e-06-1.24638518972e-07j),
,,(1.11901357394e-10+0.000357450454564j),(-0.000106935602418+2.22277074361e-05j),(-5.04251748998e-05+5.37859176377e-06j),(-3.50958331859e-05+4.55567981614e-06j),(-2.72851209652e-05+3.03092022288e-06j),(-2.22596000301e-05+2.12680110527e-06j),(-1.89690100693e-05+1.61450188388e-06j),(-1.64368804464e-05+1.16029794251e-06j),(-1.44856777579e-05+8.44653676473e-07j),(-1.28685519395e-05+5.90606475475e-07j),(-1.16687933932e-05+4.41221176887e-07j),(-1.06951141244e-05+2.72766550539e-07j),(-9.90119279417e-06+2.90612733584e-07j),(-9.16078296728e-06+2.66135213992e-07j),(-8.36390134287e-06+2.26931569513e-07j),(-7.79565250375e-06+1.74445966172e-07j),(-7.28933756031e-06+1.58086319494e-07j),(-6.90194652801e-06+1.46751912084e-07j),(-6.60567169052e-06+9.43983953218e-08j),(-6.30787127923e-06+7.57137326885e-08j),(-5.98286956921e-06+3.78634003796e-08j),
,,(1.12916766045e-10+0.000348750069496j),(-0.000105176618719+2.22095193452e-05j),(-4.96368795445e-05+5.31931662306e-06j),(-3.45609049894e-05+4.39612227363e-06j),(-2.68961508213e-05+2.85811134785e-06j),(-2.19778296796e-05+1.95400705015e-06j),(-1.87141313943e-05+1.49361015e-06j),(-1.62279224088e-05+9.89255672722e-07j),(-1.43007020036e-05+6.94683235838e-07j),(-1.27220043757e-05+4.38413523846e-07j),(-1.15251787754e-05+2.57787766981e-07j),(-1.05937163726e-05+1.66771037165e-07j),(-9.81545417299e-06+1.52351543186e-07j),(-9.04242837547e-06+1.47692807469e-07j),(-8.27585124756e-06+9.81540126652e-08j),(-7.71366622457e-06+4.58030334149e-08j),(-7.22273881646e-06+3.23334319393e-08j),(-6.79287656457e-06-1.05446772649e-09j),(-6.4984887047e-06-4.68057375624e-08j),(-6.23087317959e-06-8.51420765728e-08j),(-5.91861607095e-06-1.26656334917e-07j),
,,(1.1041021259e-10+0.000346934062218j),(-0.000105581943758+2.27330605232e-05j),(-4.96813675482e-05+5.54427943757e-06j),(-3.4607606111e-05+4.4907795242e-06j),(-2.69115403971e-05+2.87122643424e-06j),(-2.20029353104e-05+1.96912405691e-06j),(-1.87490848212e-05+1.436451771e-06j),(-1.62861259525e-05+1.02314795995e-06j),(-1.43297089718e-05+6.99571250874e-07j),(-1.2765881125e-05+4.32727978797e-07j),(-1.15993012281e-05+2.93652540047e-07j),(-1.06711943926e-05+1.50159107227e-07j),(-9.86494810837e-06+1.4631199589e-07j),(-9.12510896083e-06+1.58880019795e-07j),(-8.34367155771e-06+9.78031700175e-08j),(-7.77683386391e-06+7.42376640389e-08j),(-7.28968818106e-06+5.80932229194e-08j),(-6.89047674919e-06+3.49155311144e-08j),(-6.60383872614e-06+1.31834199106e-08j),(-6.30463361293e-06-3.76737986043e-08j),(-6.01153851192e-06-6.95415654784e-08j),
,,(1.06851970329e-10+0.000344368425821j),(-0.000104257915253+2.24182054286e-05j),(-4.92919650102e-05+5.60411546804e-06j),(-3.43688191383e-05+4.49684589266e-06j),(-2.67846693566e-05+2.90416694366e-06j),(-2.18853124676e-05+2.00486954187e-06j),(-1.8653740991e-05+1.50512246645e-06j),(-1.61845818237e-05+1.05327245378e-06j),(-1.42507447782e-05+7.49722790214e-07j),(-1.2679745773e-05+5.24998356504e-07j),(-1.14865421494e-05+3.74665014377e-07j),(-1.05399245188e-05+2.09187362497e-07j),(-9.77120473284e-06+2.31189755496e-07j),(-9.01425145893e-06+1.87199107896e-07j),(-8.26271615654e-06+1.47628502162e-07j),(-7.6895153567e-06+8.2784696772e-08j),(-7.20709537699e-06+8.88581764883e-08j),(-6.8211919359e-06+6.21747766326e-08j),(-6.51436646408e-06+5.80636281878e-09j),(-6.25288130471e-06-1.44931322363e-08j),(-5.94570638584e-06-5.50861049421e-08j),
,,(1.05511483593e-10+0.000340099170242j),(-0.000102786053197+2.2260836914e-05j),(-4.8779934348e-05+5.58931386401e-06j),(-3.40332478523e-05+4.41365243509e-06j),(-2.65197813473e-05+2.88928269464e-06j),(-2.1666402465e-05+2.00131451473e-06j),(-1.84526672829e-05+1.51173855054e-06j),(-1.59852409207e-05+1.07924571368e-06j),(-1.4070837847e-05+7.43739713562e-07j),(-1.25146323955e-05+5.09532115153e-07j),(-1.13539881291e-05+3.15635649112e-07j),(-1.04153867266e-05+1.66618506913e-07j),(-9.66387632993e-06+1.58927250435e-07j),(-8.90351195883e-06+1.34274851165e-07j),(-8.19419027853e-06+1.02334821988e-07j),(-7.59234683549e-06+7.19812643536e-08j),(-7.11253844022e-06+7.25023842147e-08j),(-6.68967028959e-06+3.15247446866e-08j),(-6.41451649121e-06-1.89862047612e-08j),(-6.12956049389e-06-8.31349654539e-08j),(-5.8255167685e-06-1.54926499244e-07j),
,,(1.04281720067e-10+0.000334096862733j),(-0.000101051165477+2.27741789438e-05j),(-4.8206962745e-05+5.88292498097e-06j),(-3.3598849218e-05+4.65147272286e-06j),(-2.61873119755e-05+3.12091680129e-06j),(-2.13796582919e-05+2.223651744e-06j),(-1.82214607975e-05+1.73674911321e-06j),(-1.57948170678e-05+1.29821145255e-06j),(-1.3867202146e-05+9.67205739076e-07j),(-1.23191457625e-05+7.19845051882e-07j),(-1.1166352427e-05+5.73725722449e-07j),(-1.02333886233e-05+4.11192637445e-07j),(-9.48475967216e-06+4.04088411146e-07j),(-8.7402243799e-06+3.64838622539e-07j),(-7.99273807446e-06+3.43995634744e-07j),(-7.3993206122e-06+2.5650032798e-07j),(-6.9172223783e-06+2.95145225835e-07j),(-6.5212471029e-06+2.49019063069e-07j),(-6.22874771857e-06+1.80810239268e-07j),(-5.94448999635e-06+1.69704934317e-07j),(-5.64552903086e-06+9.75247018767e-08j),
,,(1.03344715709e-10+0.000328713062594j),(-9.97501605094e-05+2.27496256698e-05j),(-4.77046041281e-05+5.71637651084e-06j),(-3.32537232559e-05+4.39373639247e-06j),(-2.5946362129e-05+2.85602376028e-06j),(-2.11975364327e-05+1.93181800089e-06j),(-1.80819282805e-05+1.42698741133e-06j),(-1.57138328522e-05+9.94735076342e-07j),(-1.38315582763e-05+6.84415865262e-07j),(-1.23329435553e-05+4.62241421044e-07j),(-1.11696017243e-05+3.30767944444e-07j),(-1.02447683156e-05+1.78360352724e-07j),(-9.48118249809e-06+1.77063062527e-07j),(-8.75435042234e-06+1.71953795857e-07j),(-7.97528971149e-06+1.24733030181e-07j),(-7.39987455952e-06+2.77312860809e-08j),(-6.9381745466e-06+1.06073387045e-08j),(-6.56254660789e-06-3.89401322529e-08j),(-6.31524267104e-06-7.19433925658e-08j),(-6.06436746508e-06-9.85981426063e-08j),(-5.76694017949e-06-1.26542927794e-07j),
,,(1.01721378421e-10+0.000326447350141j),(-9.91727823594e-05+2.3043162735e-05j),(-4.76433442967e-05+5.72293817815e-06j),(-3.32077854926e-05+4.40590947278e-06j),(-2.59017529395e-05+2.85925121643e-06j),(-2.11761527954e-05+1.94018757811e-06j),(-1.80777552301e-05+1.43375611356e-06j),(-1.56868140887e-05+9.95569659907e-07j),(-1.38145248158e-05+6.86971374108e-07j),(-1.23156738757e-05+4.59749034952e-07j),(-1.11686167549e-05+2.9954400245e-07j),(-1.0261234534e-05+1.50056414741e-07j),(-9.51749084744e-06+1.81069819864e-07j),(-8.77014816364e-06+1.63366903052e-07j),(-8.02740624379e-06+1.27617994117e-07j),(-7.4505546369e-06+5.98954558193e-08j),(-6.95658817522e-06+8.30867906248e-08j),(-6.58945058814e-06+1.50773722258e-08j),(-6.31140956512e-06-1.75874086207e-08j),(-6.0481069654e-06-5.96633882188e-08j),(-5.74179379032e-06-9.59946398632e-08j),
,,(9.96641215298e-11+0.000322552922786j),(-9.85908257117e-05+2.36203735579e-05j),(-4.73398143345e-05+5.98123522597e-06j),(-3.30133865859e-05+4.62093520637e-06j),(-2.57172313386e-05+3.06650529419e-06j),(-2.10040031114e-05+2.14066024158e-06j),(-1.7914732444e-05+1.62591287014e-06j),(-1.55565058827e-05+1.16302260236e-06j),(-1.36895850126e-05+8.26631374596e-07j),(-1.22130061027e-05+5.83250038493e-07j),(-1.10970790836e-05+4.47106465325e-07j),(-1.01946747634e-05+3.09983883907e-07j),(-9.4353882345e-06+3.51273569279e-07j),(-8.69915096254e-06+3.43596091683e-07j),(-7.94762831888e-06+3.28186526284e-07j),(-7.3606880236e-06+2.32851580241e-07j),(-6.88282694121e-06+2.36113824102e-07j),(-6.49668647842e-06+1.92318004967e-07j),(-6.22122990692e-06+1.36411558424e-07j),(-5.96487591004e-06+1.22772132671e-07j),(-5.64076004032e-06+7.35938591938e-08j),
,,(1.00905200626e-10+0.000319046414993j),(-9.78185270476e-05+2.39101954515e-05j),(-4.70474482921e-05+6.02631081885e-06j),(-3.28109250719e-05+4.61530612136e-06j),(-2.5588936419e-05+3.05220955526e-06j),(-2.09245221956e-05+2.12122193209e-06j),(-1.78594505633e-05+1.65691282848e-06j),(-1.55109521907e-05+1.20042639376e-06j),(-1.36661936799e-05+8.96394899768e-07j),(-1.21494975879e-05+6.77098176702e-07j),(-1.10024334919e-05+5.13324880692e-07j),(-1.01087467281e-05+3.47939525875e-07j),(-9.37863572842e-06+3.69695094514e-07j),(-8.65172363475e-06+3.37701354452e-07j),(-7.91144873043e-06+2.94931951421e-07j),(-7.3545905913e-06+2.49561923898e-07j),(-6.88392372269e-06+2.87197465994e-07j),(-6.47738738107e-06+2.75965110526e-07j),(-6.16742926443e-06+2.18843944232e-07j),(-5.90062877106e-06+1.63717453996e-07j),(-5.60924783927e-06+1.17976900906e-07j),
,,(9.87718538319e-11+0.000311805324201j),(-9.74167951672e-05+2.47374693414e-05j),(-4.67459416285e-05+6.24408794613e-06j),(-3.26154885481e-05+4.56988912261e-06j),(-2.55025921097e-05+3.0348268368e-06j),(-2.08288278036e-05+2.15442194556e-06j),(-1.77535104206e-05+1.64154040995e-06j),(-1.54181780159e-05+1.16512726216e-06j),(-1.36023962117e-05+8.56670943875e-07j),(-1.20907417925e-05+6.44502845767e-07j),(-1.09609855756e-05+4.84213155453e-07j),(-1.00646611995e-05+3.77580759091e-07j),(-9.30193219069e-06+3.57376175576e-07j),(-8.58053670268e-06+3.23821071086e-07j),(-7.84988814976e-06+2.97032062489e-07j),(-7.27981449787e-06+2.30422680689e-07j),(-6.7976246393e-06+2.19808736548e-07j),(-6.41938155968e-06+1.82956181229e-07j),(-6.15854780931e-06+1.36359586575e-07j),(-5.91012380997e-06+9.61187364885e-08j),(-5.61276946656e-06+7.82055246222e-08j),
,,(1.17201522426e-10+0.000336790895383j),(-8.64945043687e-05+1.22246346456e-05j),(-4.33472221103e-05+6.67043217027e-06j),(-3.08359841368e-05+4.37987206928e-06j),(-2.40784749176e-05+2.76226653991e-06j),(-1.97568870076e-05+1.88411068506e-06j),(-1.69306245744e-05+1.42474076859e-06j),(-1.46666150821e-05+9.76751832938e-07j),(-1.29210364703e-05+6.51390117735e-07j),(-1.15182514004e-05+4.54228457976e-07j),(-1.04713128739e-05+2.8445528034e-07j),(-9.63771212215e-06+1.54947901568e-07j),(-8.92964420861e-06+1.35677631833e-07j),(-8.22975702681e-06+1.56254370132e-07j),(-7.49181502962e-06+1.26390014583e-07j),(-6.99293325999e-06+4.98354053034e-08j),(-6.51342099171e-06+7.29487323221e-08j),(-6.16945952483e-06+2.05698922301e-08j),(-5.89315182925e-06-2.11248367849e-08j),(-5.63371825361e-06-7.89827884489e-08j),(-5.38674141395e-06-1.31781883708e-07j),
,,(1.19764424796e-10+0.000352858187155j),(-8.70780640586e-05+1.25782522137e-05j),(-4.37433842631e-05+6.74980126669e-06j),(-3.10898016952e-05+4.69245522719e-06j),(-2.42650717309e-05+2.99470163959e-06j),(-1.97997341027e-05+2.10626141206e-06j),(-1.6922660833e-05+1.60165100262e-06j),(-1.46697406445e-05+1.15473960587e-06j),(-1.29528154578e-05+8.6218484801e-07j),(-1.15005340046e-05+6.1021435467e-07j),(-1.04412860235e-05+4.48279746935e-07j),(-9.58559292951e-06+2.86857431554e-07j),(-8.88807020959e-06+2.9818789122e-07j),(-8.17742457285e-06+2.56208826199e-07j),(-7.47721247315e-06+2.04565823245e-07j),(-6.93808174503e-06+1.52942100111e-07j),(-6.50354604097e-06+1.60185202178e-07j),(-6.08994957324e-06+1.50184782469e-07j),(-5.82952627768e-06+7.11146811082e-08j),(-5.58751123216e-06+4.50888477586e-08j),(-5.31056324299e-06-1.6769042221e-08j),
,,(1.24642365414e-10+0.000357950993896j),(-8.79639429753e-05+1.27556150816e-05j),(-4.43944108361e-05+6.40084138894e-06j),(-3.14955826623e-05+4.44482185463e-06j),(-2.45807050919e-05+2.77798791181e-06j),(-2.01018388662e-05+1.8375443478e-06j),(-1.71464339198e-05+1.34078091249e-06j),(-1.48954995522e-05+9.147949007e-07j),(-1.31390401936e-05+5.56799872056e-07j),(-1.1711817302e-05+3.39638541191e-07j),(-1.06523824699e-05+1.33825186079e-07j),(-9.81730236941e-06-1.50322065125e-08j),(-9.12012600359e-06+1.02938578e-08j),(-8.44519286397e-06+8.78262412675e-09j),(-7.69751026534e-06+8.49499846414e-09j),(-7.1641554971e-06-4.31963824118e-08j),(-6.69558916582e-06-5.00971950473e-08j),(-6.36941163623e-06-8.46955289674e-08j),(-6.09585118369e-06-1.31033567705e-07j),(-5.84519063442e-06-1.4751857523e-07j),(-5.54456989394e-06-1.78927157576e-07j),
,,(1.25849569097e-10+0.000362157071069j),(-8.7998129485e-05+1.32198633663e-05j),(-4.45894582856e-05+6.46261342146e-06j),(-3.17070629317e-05+4.60777971243e-06j),(-2.4768470715e-05+2.96043481145e-06j),(-2.02466925393e-05+2.09136906778e-06j),(-1.72708601046e-05+1.59690783053e-06j),(-1.4996317026e-05+1.16630801237e-06j),(-1.31964566887e-05+8.28490442171e-07j),(-1.17789366021e-05+5.97530994869e-07j),(-1.06626299095e-05+4.2578976389e-07j),(-9.80878280001e-06+2.71248063643e-07j),(-9.10201137418e-06+3.05001149955e-07j),(-8.39490829791e-06+2.87923390818e-07j),(-7.65300752544e-06+2.66955540091e-07j),(-7.08794964474e-06+1.79343876649e-07j),(-6.67020998443e-06+1.86859538784e-07j),(-6.28991460608e-06+1.5271747691e-07j),(-6.03638250261e-06+1.18368857884e-07j),(-5.75660539145e-06+6.16534115191e-08j),(-5.4753275367e-06+2.93109076951e-08j),
,,(1.27309407589e-10+0.000366843385586j),(-8.83105419533e-05+1.33612453571e-05j),(-4.47949538792e-05+6.24088751954e-06j),(-3.18312323852e-05+4.44043128402e-06j),(-2.4821824361e-05+2.75167410867e-06j),(-2.03209493891e-05+1.85927488164e-06j),(-1.73454906381e-05+1.36363719874e-06j),(-1.50623326223e-05+9.37435101503e-07j),(-1.32797862972e-05+5.98962581874e-07j),(-1.18462273208e-05+3.75822939956e-07j),(-1.07364771546e-05+2.15978149449e-07j),(-9.87644847584e-06+9.68204554046e-08j),(-9.13186409513e-06+1.10639412402e-07j),(-8.42303474598e-06+8.8971432373e-08j),(-7.66528996707e-06+3.37988033359e-08j),(-7.12017158981e-06-6.48199797591e-08j),(-6.6833012495e-06-4.76867948128e-08j),(-6.29078046162e-06-1.09085765474e-07j),(-6.04692714416e-06-1.84659777704e-07j),(-5.79385585987e-06-2.25355355805e-07j),(-5.54015087988e-06-2.76995300634e-07j),
,,(1.29062766323e-10+0.000369064190206j),(-8.80048799064e-05+1.37836544623e-05j),(-4.47281684165e-05+6.30232208247e-06j),(-3.18139185317e-05+4.51671964624e-06j),(-2.48393664742e-05+2.8786159244e-06j),(-2.03138337646e-05+1.9904376597e-06j),(-1.73676516319e-05+1.50335750524e-06j),(-1.50720349267e-05+1.06939816434e-06j),(-1.32943277499e-05+7.37944476024e-07j),(-1.18623187195e-05+4.95149317635e-07j),(-1.07682945926e-05+3.25184727073e-07j),(-9.91591623385e-06+2.04442685938e-07j),(-9.17126120648e-06+2.31269894419e-07j),(-8.47672088758e-06+2.33031202514e-07j),(-7.71015491555e-06+2.03533350679e-07j),(-7.17990872497e-06+1.35933257081e-07j),(-6.68763177814e-06+1.43451232049e-07j),(-6.33003643023e-06+8.11568555342e-08j),(-6.06202966518e-06+1.61843254396e-08j),(-5.796436017e-06-6.4226643472e-09j),(-5.51835443335e-06-6.32332257929e-08j),
,,(1.26329135219e-10+0.000370589630902j),(-8.78210551948e-05+1.41417727229e-05j),(-4.47043778154e-05+6.37020194514e-06j),(-3.18252192599e-05+4.61983288628e-06j),(-2.48495561835e-05+2.94073473561e-06j),(-2.0311331839e-05+2.06320494418e-06j),(-1.7351552813e-05+1.59021120325e-06j),(-1.50650039204e-05+1.16145455595e-06j),(-1.32674538224e-05+8.35829140989e-07j),(-1.1822676232e-05+6.04087389389e-07j),(-1.06964156348e-05+4.49535801188e-07j),(-9.81521756963e-06+2.95895324274e-07j),(-9.08663863992e-06+2.89124702054e-07j),(-8.38363383504e-06+2.50685240915e-07j),(-7.67597670188e-06+2.04376559129e-07j),(-7.1416027587e-06+1.40971575823e-07j),(-6.69324914771e-06+1.62006808837e-07j),(-6.30446014408e-06+9.04483115914e-08j),(-6.04100263427e-06+6.4355605337e-08j),(-5.78953395854e-06+3.67658933329e-08j),(-5.51914143316e-06-9.81387571711e-10j),
,,(1.28119237522e-10+0.000371491867908j),(-8.77210102619e-05+1.42796770052e-05j),(-4.46807701715e-05+6.24385980693e-06j),(-3.18055622177e-05+4.47790798615e-06j),(-2.48074211136e-05+2.78681848515e-06j),(-2.03016450909e-05+1.90942334454e-06j),(-1.73633847991e-05+1.40911057791e-06j),(-1.50799341245e-05+9.76292916474e-07j),(-1.32679314289e-05+6.71982191667e-07j),(-1.1833645471e-05+4.42600972365e-07j),(-1.07042747438e-05+2.87029800519e-07j),(-9.8309270604e-06+1.21484539944e-07j),(-9.11975191382e-06+1.18008235724e-07j),(-8.40969583303e-06+7.93697000221e-08j),(-7.69515418228e-06+4.53096594416e-08j),(-7.15309136338e-06-2.2819412017e-08j),(-6.6883635585e-06-2.07426825355e-08j),(-6.33785997923e-06-7.37183261683e-08j),(-6.07266384239e-06-1.19642544118e-07j),(-5.81414672272e-06-1.68858785154e-07j),(-5.54413008587e-06-1.82595526696e-07j),
,,(1.27485976239e-10+0.000372764078681j),(-8.77562333471e-05+1.44694712418e-05j),(-4.47661550332e-05+6.21248883944e-06j),(-3.18407960707e-05+4.46373382404e-06j),(-2.48554384328e-05+2.78220649307e-06j),(-2.035894534e-05+1.8920416736e-06j),(-1.73817859013e-05+1.39873502088e-06j),(-1.50812746744e-05+9.61698659686e-07j),(-1.3270315101e-05+6.16591322073e-07j),(-1.18482234026e-05+3.82876274521e-07j),(-1.07331534049e-05+2.03412611288e-07j),(-9.87170500062e-06+8.5380269474e-08j),(-9.15182633043e-06+9.49525773762e-08j),(-8.44595695261e-06+9.18160670121e-08j),(-7.6852725751e-06+4.30196843852e-08j),(-7.1186292654e-06-2.13281637371e-08j),(-6.67250058468e-06-3.70420588837e-08j),(-6.29479535322e-06-7.60918767625e-08j),(-6.04293636355e-06-1.7378444691e-07j),(-5.79673851777e-06-2.18732926649e-07j),(-5.51308414076e-06-2.6631411057e-07j),
,,(1.26880066248e-10+0.000374035510716j),(-8.7767742426e-05+1.49112324337e-05j),(-4.47475344648e-05+6.448819161e-06j),(-3.18473491135e-05+4.69779828589e-06j),(-2.48584054775e-05+3.01208820051e-06j),(-2.03278924765e-05+2.07848564571e-06j),(-1.73584518053e-05+1.60033257411e-06j),(-1.50882458414e-05+1.19005702462e-06j),(-1.32741278674e-05+8.50069233536e-07j),(-1.18413707418e-05+6.17282166355e-07j),(-1.07036582137e-05+4.53647245183e-07j),(-9.830717169e-06+3.23850779327e-07j),(-9.09599236737e-06+3.30535262885e-07j),(-8.38620351349e-06+2.84207643581e-07j),(-7.63355483709e-06+2.36701467504e-07j),(-7.11475491487e-06+1.78158074313e-07j),(-6.64465663276e-06+2.02450394981e-07j),(-6.26706766652e-06+1.46125191576e-07j),(-6.00910846572e-06+1.10113895977e-07j),(-5.75094186815e-06+6.63655910043e-08j),(-5.46798512831e-06+2.74825851324e-08j),
,,(1.25367952048e-10+0.000374725742169j),(-8.78466271668e-05+1.48001077959e-05j),(-4.48644784804e-05+6.19670481012e-06j),(-3.19344382353e-05+4.47704938268e-06j),(-2.49280522324e-05+2.77400171272e-06j),(-2.0371044714e-05+1.88130630276e-06j),(-1.74016791322e-05+1.38548486868e-06j),(-1.51078526189e-05+9.41743850894e-07j),(-1.33222828104e-05+5.82732979633e-07j),(-1.18684149199e-05+3.62424274365e-07j),(-1.07607809668e-05+2.1424087468e-07j),(-9.92118843873e-06+5.12201121937e-08j),(-9.18359040893e-06+7.10765999826e-08j),(-8.46839987946e-06+6.40062949524e-08j),(-7.71378776726e-06+3.58104767744e-08j),(-7.17956443317e-06-8.24805797728e-08j),(-6.71830550303e-06-9.01290950464e-08j),(-6.36213409219e-06-1.21325041572e-07j),(-6.12913607972e-06-1.71719522478e-07j),(-5.87682416124e-06-1.93578297864e-07j),(-5.63346493566e-06-2.19206127202e-07j),
,,(1.26736558772e-10+0.000375064672764j),(-8.77630347409e-05+1.48128057628e-05j),(-4.48125729926e-05+6.00827423364e-06j),(-3.19463165771e-05+4.30745981903e-06j),(-2.49820004915e-05+2.60953494067e-06j),(-2.04730587276e-05+1.7094828031e-06j),(-1.74823377394e-05+1.22381097089e-06j),(-1.52178528445e-05+8.17220716057e-07j),(-1.34229707845e-05+4.82062587997e-07j),(-1.19830248482e-05+2.49689504767e-07j),(-1.08927438319e-05+1.11709248031e-07j),(-1.00464189237e-05-2.54923611718e-08j),(-9.31763898975e-06+1.49378813645e-08j),(-8.60831065162e-06+6.78858484666e-09j),(-7.82367644411e-06-1.66748999741e-09j),(-7.28350860077e-06-7.82244568909e-08j),(-6.82116597122e-06-5.27101368485e-08j),(-6.44898327714e-06-1.03151890694e-07j),(-6.16644052583e-06-1.789308988e-07j),(-5.93704177676e-06-1.93692802735e-07j),(-5.63589314771e-06-2.17266882469e-07j),
,,(1.25682278892e-10+0.000376018797588j),(-8.7648185699e-05+1.53564620766e-05j),(-4.47624165921e-05+6.4555792937e-06j),(-3.18964834797e-05+4.6973569521e-06j),(-2.49216992585e-05+3.01574256929e-06j),(-2.03869990283e-05+2.11102845642e-06j),(-1.74051546907e-05+1.64663413995e-06j),(-1.50940323118e-05+1.20925776741e-06j),(-1.32813043606e-05+8.68958628907e-07j),(-1.18264416591e-05+6.2431795509e-07j),(-1.07096992448e-05+4.71176641168e-07j),(-9.85425544961e-06+3.06208336965e-07j),(-9.12844777906e-06+2.97980386207e-07j),(-8.41911188768e-06+2.85043351375e-07j),(-7.67477108584e-06+2.51071408596e-07j),(-7.1214338422e-06+2.08543096013e-07j),(-6.66481454439e-06+1.86738581815e-07j),(-6.28270583851e-06+1.60880904735e-07j),(-6.0467933239e-06+8.41753944218e-08j),(-5.78880379374e-06+6.66424062843e-08j),(-5.49912636137e-06+3.56414053219e-08j),
,,(1.23483282253e-10+0.000376195423168j),(-8.75801258389e-05+1.53412754481e-05j),(-4.48040964545e-05+6.31589541895e-06j),(-3.19549555078e-05+4.58726234737e-06j),(-2.49705013462e-05+2.93765371753e-06j),(-2.04245825948e-05+2.05895151384e-06j),(-1.74358532579e-05+1.57272870652e-06j),(-1.51302979157e-05+1.13557572564e-06j),(-1.33321430177e-05+7.98702115804e-07j),(-1.18646521277e-05+5.57417950078e-07j),(-1.07515564099e-05+3.92704385055e-07j),(-9.89136783997e-06+2.31114031463e-07j),(-9.15077682135e-06+2.49683875701e-07j),(-8.4556482381e-06+2.31027745498e-07j),(-7.69189517604e-06+2.09674081816e-07j),(-7.16034149155e-06+1.36305107025e-07j),(-6.6803601357e-06+1.44215723246e-07j),(-6.32403056457e-06+1.0906921802e-07j),(-6.05595738506e-06+5.86526657665e-08j),(-5.78581709595e-06+3.44653047272e-08j),(-5.48323243432e-06-2.21123659411e-08j),
,,(1.26770530485e-10+0.000376570436802j),(-8.75457258592e-05+1.53752962406e-05j),(-4.47637084523e-05+6.21853245671e-06j),(-3.19160297837e-05+4.45715548468e-06j),(-2.49221516069e-05+2.75910017707e-06j),(-2.03710155971e-05+1.8849328119e-06j),(-1.74034646712e-05+1.38220177728e-06j),(-1.50776050948e-05+9.18056593936e-07j),(-1.32958027666e-05+5.85720470506e-07j),(-1.18327732443e-05+3.43911264086e-07j),(-1.07188190886e-05+1.8201545525e-07j),(-9.87427378443e-06+2.20761414166e-08j),(-9.17512185716e-06-1.09921147971e-09j),(-8.49053722074e-06-1.17706872545e-08j),(-7.76702956477e-06-4.68058926714e-08j),(-7.20057286279e-06-1.08874682702e-07j),(-6.76127935418e-06-1.06661126418e-07j),(-6.37533490173e-06-1.52087024513e-07j),(-6.12635984171e-06-1.68671915554e-07j),(-5.86277659155e-06-2.26629683677e-07j),(-5.5987445492e-06-2.59628222327e-07j),
,,(1.26983488988e-10+0.000377174057606j),(-8.75404476061e-05+1.56800658525e-05j),(-4.47690424365e-05+6.39810510432e-06j),(-3.19146037696e-05+4.62810332881e-06j),(-2.49206705422e-05+2.90685731844e-06j),(-2.03788172915e-05+2.03647983785e-06j),(-1.74059282647e-05+1.50940436447e-06j),(-1.51272742687e-05+1.06970760902e-06j),(-1.33413264216e-05+7.58848183315e-07j),(-1.19025152345e-05+5.43402734963e-07j),(-1.07737989768e-05+3.95418362152e-07j),(-9.90387593115e-06+2.50594843138e-07j),(-9.17292227304e-06+2.57794610075e-07j),(-8.45879388171e-06+2.28358180292e-07j),(-7.71181208389e-06+1.82289244012e-07j),(-7.17456427344e-06+9.27105967257e-08j),(-6.72529751955e-06+1.21924484805e-07j),(-6.35846329102e-06+8.94903171231e-08j),(-6.11449377585e-06+8.23304931597e-08j),(-5.84860866083e-06+1.76276875185e-08j),(-5.53602255006e-06-1.33633913499e-08j),
,,(1.23207917662e-10+0.000377472961925j),(-8.75094630237e-05+1.56247561775e-05j),(-4.47994222049e-05+6.27750100519e-06j),(-3.19418080588e-05+4.53717102197e-06j),(-2.4944534282e-05+2.83428676362e-06j),(-2.04139919686e-05+1.96095846076e-06j),(-1.74365198717e-05+1.4571394096e-06j),(-1.51295167655e-05+1.01003276525e-06j),(-1.33389538937e-05+6.94946864264e-07j),(-1.19119524124e-05+4.46118207231e-07j),(-1.0791915529e-05+2.77447005093e-07j),(-9.91863969889e-06+1.36819736408e-07j),(-9.18724907793e-06+1.55549655651e-07j),(-8.4809647998e-06+1.62261621166e-07j),(-7.7148105863e-06+9.26906569998e-08j),(-7.16705399942e-06+1.79090336381e-08j),(-6.69466446215e-06+1.78735141291e-08j),(-6.33448359316e-06-1.21561447822e-08j),(-6.10331194921e-06-8.32622395885e-08j),(-5.82588363895e-06-1.0724591421e-07j),(-5.54614392672e-06-1.42181160772e-07j),
,,(1.25174684705e-10+0.000378120984465j),(-8.74909759022e-05+1.59115179647e-05j),(-4.47417090614e-05+6.46666335447e-06j),(-3.18615798728e-05+4.69077225939e-06j),(-2.48680699021e-05+2.95286126356e-06j),(-2.03395565816e-05+2.0377335965e-06j),(-1.73985222946e-05+1.5214932854e-06j),(-1.50970098172e-05+1.08338764675e-06j),(-1.3317194746e-05+7.65357661685e-07j),(-1.18799444146e-05+5.17108333468e-07j),(-1.07621351134e-05+3.63261944854e-07j),(-9.91081256005e-06+2.02360349703e-07j),(-9.20233454836e-06+2.26830152121e-07j),(-8.5058938155e-06+2.13362019768e-07j),(-7.77490257178e-06+1.8687508711e-07j),(-7.20882414554e-06+1.38230170157e-07j),(-6.76578831392e-06+1.50080479267e-07j),(-6.37154644703e-06+1.3850736337e-07j),(-6.09053281853e-06+7.91109879906e-08j),(-5.84791922234e-06+4.65569174263e-08j),(-5.5664892923e-06+4.83011005821e-09j),
,,(1.25662068276e-10+0.000378262522907j),(-8.75165896885e-05+1.57329512582e-05j),(-4.48083179864e-05+6.21937325992e-06j),(-3.19422480842e-05+4.42967778433e-06j),(-2.49496607014e-05+2.72268335903e-06j),(-2.03966748588e-05+1.83363415272e-06j),(-1.74230067904e-05+1.35214858822e-06j),(-1.5110325495e-05+8.57076406098e-07j),(-1.33121192434e-05+5.22789845911e-07j),(-1.18641933803e-05+2.80351701444e-07j),(-1.078838165e-05+9.62216975742e-08j),(-9.9510253693e-06-6.83753271826e-08j),(-9.25199560932e-06-5.24822855065e-08j),(-8.58338290688e-06-3.69732891958e-08j),(-7.8308095215e-06-6.94954178983e-08j),(-7.27443220873e-06-9.40457849541e-08j),(-6.80532689292e-06-1.03241739703e-07j),(-6.44885678424e-06-1.55400493314e-07j),(-6.20030428036e-06-1.62492182726e-07j),(-5.93392765486e-06-2.11040267311e-07j),(-5.65180098886e-06-2.26919910387e-07j),
,,(1.26430293185e-10+0.000378895673837j),(-8.75703231455e-05+1.59885065394e-05j),(-4.48595310756e-05+6.40702677014e-06j),(-3.20026431092e-05+4.6544953392e-06j),(-2.50186067755e-05+2.98992932098e-06j),(-2.04825276524e-05+2.10464480289e-06j),(-1.74791460761e-05+1.61943465133e-06j),(-1.51648618961e-05+1.18886023978e-06j),(-1.33528869055e-05+8.43233793574e-07j),(-1.18930893266e-05+6.12763482249e-07j),(-1.07751761178e-05+4.45409934199e-07j),(-9.91567322874e-06+3.01417225181e-07j),(-9.18538846103e-06+2.99973297176e-07j),(-8.47508049156e-06+2.9430662831e-07j),(-7.71416855372e-06+2.51048146857e-07j),(-7.17428562992e-06+2.25084641577e-07j),(-6.68522733316e-06+2.18045300588e-07j),(-6.28682783458e-06+1.60394951361e-07j),(-6.02651481085e-06+1.09042152511e-07j),(-5.75416262084e-06+7.11268864809e-08j),(-5.47716340165e-06+1.719695696e-08j),
,,(1.43653243952e-10+0.000458434524318j),(-0.000140097559363+2.75523925847e-05j),(-6.69410297282e-05+5.17774224742e-06j),(-4.56636603152e-05+5.25066644984e-06j),(-3.52606536141e-05+3.18393278476e-06j),(-2.88119492314e-05+2.20427166738e-06j),(-2.44831715498e-05+1.58605041834e-06j),(-2.11997102142e-05+1.12269175265e-06j),(-1.86491697779e-05+7.41071007714e-07j),(-1.66229586008e-05+4.97042098595e-07j),(-1.50785939145e-05+2.64421771461e-07j),(-1.38680235276e-05+9.14250100108e-08j),(-1.2815369074e-05+1.22461837897e-07j),(-1.1826676423e-05+9.17293203633e-08j),(-1.08335528457e-05+9.0030508445e-08j),(-1.00820093062e-05+8.10860520388e-10j),(-9.41187419927e-06-8.97539259566e-09j),(-8.90814236494e-06-3.24965413779e-08j),(-8.53005547327e-06-1.15840574411e-07j),(-8.13630120207e-06-1.62872006291e-07j),(-7.74438320132e-06-2.28201825235e-07j),
,,(1.54434202055e-10+0.000480839287286j),(-0.000141057944355+2.75808402375e-05j),(-6.73271163852e-05+4.91874696342e-06j),(-4.58954032771e-05+5.29792583246e-06j),(-3.55183717367e-05+3.24348715434e-06j),(-2.89300454152e-05+2.29711564334e-06j),(-2.46050710395e-05+1.71309313004e-06j),(-2.12843801931e-05+1.18345910541e-06j),(-1.8759755054e-05+8.39641580418e-07j),(-1.67038907853e-05+5.72914110581e-07j),(-1.5126571668e-05+3.77794759939e-07j),(-1.38563168524e-05+2.05659987664e-07j),(-1.28371416578e-05+2.32939849853e-07j),(-1.18349807322e-05+1.72265317995e-07j),(-1.08432962636e-05+1.61228003688e-07j),(-1.00951196735e-05+5.31027425099e-08j),(-9.43370743489e-06+3.52570760349e-08j),(-8.92793868498e-06+2.05877840622e-08j),(-8.54087688171e-06-2.65746978152e-08j),(-8.14130725088e-06-8.16033247299e-08j),(-7.74206179744e-06-1.39245629108e-07j),
,,(1.59967619038e-10+0.000491674436667j),(-0.000142351521623+2.66673937186e-05j),(-6.79460411112e-05+4.65871346173e-06j),(-4.63430941794e-05+5.07449902929e-06j),(-3.58252820999e-05+3.17701181646e-06j),(-2.9215678431e-05+2.19323965702e-06j),(-2.48264829535e-05+1.56898244331e-06j),(-2.15177812363e-05+1.05757641909e-06j),(-1.89481330936e-05+7.27846334605e-07j),(-1.69268013586e-05+4.64172125772e-07j),(-1.53398584457e-05+2.93281010346e-07j),(-1.40631463406e-05+1.44356858613e-07j),(-1.29965156818e-05+1.3713448239e-07j),(-1.20074091829e-05+1.01120721075e-07j),(-1.10366800898e-05+9.26562518535e-08j),(-1.0258241269e-05+4.62304375447e-08j),(-9.58875341104e-06+7.0011463369e-08j),(-9.06343450715e-06+3.22583135698e-08j),(-8.6397649567e-06-2.8431318942e-08j),(-8.24534704652e-06-6.74633663864e-08j),(-7.82051501628e-06-1.60799226835e-07j),
,,(1.60693545643e-10+0.000496141644305j),(-0.000142816528124+2.64923890219e-05j),(-6.81406247172e-05+4.60663808944e-06j),(-4.65215165475e-05+5.09742652822e-06j),(-3.59425749346e-05+3.19314058726e-06j),(-2.93112844997e-05+2.21082271636e-06j),(-2.48948011611e-05+1.60801767115e-06j),(-2.1568885188e-05+1.11943855696e-06j),(-1.89865515906e-05+7.5557958964e-07j),(-1.69134829625e-05+5.04715152737e-07j),(-1.5314938407e-05+3.09389103489e-07j),(-1.40402782162e-05+1.44118838646e-07j),(-1.29945396445e-05+1.27464397598e-07j),(-1.19756756781e-05+9.07072579815e-08j),(-1.10012710772e-05+6.15531110549e-08j),(-1.02511562647e-05-1.76018864066e-08j),(-9.59082134525e-06+3.89614893374e-09j),(-9.07161451968e-06-5.98990282906e-08j),(-8.65275719374e-06-9.24979804855e-08j),(-8.27757109644e-06-1.41058107151e-07j),(-7.87062325933e-06-1.97490564604e-07j),
,,(1.59001305257e-10+0.000499224648345j),(-0.000142964331178+2.66457727282e-05j),(-6.81858704204e-05+4.78865800337e-06j),(-4.64903287014e-05+5.23478889155e-06j),(-3.59158328171e-05+3.29808288447e-06j),(-2.9300042751e-05+2.30112271285e-06j),(-2.48900469965e-05+1.72818668737e-06j),(-2.15404355912e-05+1.22270637852e-06j),(-1.89432862678e-05+8.70516917938e-07j),(-1.68754639497e-05+6.12816565507e-07j),(-1.53077482123e-05+4.00140741092e-07j),(-1.40316462557e-05+2.17019889463e-07j),(-1.29882826332e-05+2.43352373032e-07j),(-1.19450542052e-05+1.66333579905e-07j),(-1.09793669958e-05+1.77861893688e-07j),(-1.02091847524e-05+8.8676604074e-08j),(-9.5363750162e-06+1.07431602999e-07j),(-8.98544755807e-06+3.71606632687e-08j),(-8.57465736749e-06-1.98967298546e-08j),(-8.20291316838e-06-6.07489208339e-08j),(-7.80071607874e-06-1.47532513444e-07j),
,,(1.60544272286e-10+0.000500943025651j),(-0.000143124847558+2.64765892415e-05j),(-6.83033092717e-05+4.58296715103e-06j),(-4.66235854635e-05+5.09799736966e-06j),(-3.60269362819e-05+3.17035662526e-06j),(-2.93917387719e-05+2.21296386723e-06j),(-2.49753475928e-05+1.609636492e-06j),(-2.16198611311e-05+1.10459632018e-06j),(-1.9048025882e-05+7.57009567773e-07j),(-1.6965920521e-05+5.04950508146e-07j),(-1.53486833098e-05+3.18267987202e-07j),(-1.40543259505e-05+1.44027864021e-07j),(-1.30206390105e-05+1.25545708789e-07j),(-1.20027908273e-05+8.55402796107e-08j),(-1.10310426814e-05+7.09336398441e-08j),(-1.02742932055e-05-3.35144391554e-09j),(-9.60637289906e-06+1.30024132519e-08j),(-9.07351426883e-06-4.05692365412e-08j),(-8.68144652618e-06-7.6940552331e-08j),(-8.26925853664e-06-1.33691048941e-07j),(-7.90067699726e-06-2.20239992245e-07j),
,,(1.61530524048e-10+0.00050239500142j),(-0.000143169978999+2.67039884946e-05j),(-6.83503773705e-05+4.7670168163e-06j),(-4.66382401038e-05+5.28414445636e-06j),(-3.60315440627e-05+3.34586790901e-06j),(-2.93932690866e-05+2.37981666423e-06j),(-2.49766081863e-05+1.79385204418e-06j),(-2.16184179646e-05+1.28671816445e-06j),(-1.90019788017e-05+9.42056986964e-07j),(-1.69577175825e-05+6.96389167131e-07j),(-1.53571176931e-05+4.89546628758e-07j),(-1.40607500728e-05+3.27947456999e-07j),(-1.30155101427e-05+3.44249635166e-07j),(-1.19885711335e-05+3.15063879465e-07j),(-1.0993875303e-05+2.93856374575e-07j),(-1.01995488626e-05+2.01447290213e-07j),(-9.53680008171e-06+2.17103361921e-07j),(-8.99350914223e-06+1.51716862993e-07j),(-8.59697189234e-06+1.17194862086e-07j),(-8.1834374267e-06+5.52929258228e-08j),(-7.78098488794e-06+6.75311134807e-10j),
,,(1.62411160582e-10+0.000503510597611j),(-0.000143246763984+2.68274550304e-05j),(-6.84233303626e-05+4.78304429106e-06j),(-4.67194661485e-05+5.36817916754e-06j),(-3.60918680266e-05+3.45584258313e-06j),(-2.94408315506e-05+2.48630845727e-06j),(-2.49987774834e-05+1.90902635933e-06j),(-2.16403087127e-05+1.39784749678e-06j),(-1.90411324667e-05+1.05912175857e-06j),(-1.69418903998e-05+7.91740649669e-07j),(-1.53152049775e-05+5.75921010341e-07j),(-1.40474769998e-05+3.98191702583e-07j),(-1.29797882071e-05+3.96500713269e-07j),(-1.19372947246e-05+3.70134519689e-07j),(-1.0951783263e-05+3.60458848724e-07j),(-1.01885018852e-05+2.55259521969e-07j),(-9.5046892775e-06+2.64601455953e-07j),(-8.95979675633e-06+1.93127305913e-07j),(-8.56625583292e-06+1.41031097693e-07j),(-8.19863315304e-06+9.0073975505e-08j),(-7.77975821395e-06+3.68447367715e-08j),
,,(1.6145489206e-10+0.000504099851195j),(-0.000143193191605+2.67540417163e-05j),(-6.84103322067e-05+4.61062114637e-06j),(-4.66614058993e-05+5.14845712387e-06j),(-3.60690972442e-05+3.20249574824e-06j),(-2.94362444598e-05+2.23783946423e-06j),(-2.501234447e-05+1.66805993134e-06j),(-2.16493107862e-05+1.13260763109e-06j),(-1.9078939821e-05+8.02040346324e-07j),(-1.70109489833e-05+5.45487148369e-07j),(-1.53966828e-05+3.5241406736e-07j),(-1.41367031965e-05+1.94222536939e-07j),(-1.30641374357e-05+1.8738575216e-07j),(-1.20593826602e-05+1.75312815032e-07j),(-1.1045061745e-05+1.44270689591e-07j),(-1.02897456841e-05+7.44906590358e-08j),(-9.61120353963e-06+5.94020274723e-08j),(-9.07897537619e-06+1.37923412581e-08j),(-8.6849875718e-06-3.72850714464e-08j),(-8.29309184348e-06-8.83861668102e-08j),(-7.88194364582e-06-1.30338746686e-07j),
,,(1.61676543245e-10+0.000504815279033j),(-0.000143183438165+2.68286053042e-05j),(-6.8438570235e-05+4.58419981521e-06j),(-4.67304463696e-05+5.13387104113e-06j),(-3.61064777606e-05+3.21787058941e-06j),(-2.94477588573e-05+2.27937731936e-06j),(-2.50062659678e-05+1.67402766944e-06j),(-2.16416112138e-05+1.14963533494e-06j),(-1.90549973475e-05+7.7941436819e-07j),(-1.7011905888e-05+5.32336604379e-07j),(-1.5431965087e-05+3.25987516977e-07j),(-1.41620188463e-05+1.89173456324e-07j),(-1.31095085366e-05+1.91727251115e-07j),(-1.21183229997e-05+1.95588505303e-07j),(-1.11299033279e-05+1.962845112e-07j),(-1.0332676387e-05+1.33415262969e-07j),(-9.65840670104e-06+1.49343226396e-07j),(-9.09272237701e-06+9.13249197541e-08j),(-8.68055150824e-06+5.51131696334e-08j),(-8.28284099096e-06-1.27053723773e-08j),(-7.86925284972e-06-4.82469700993e-08j),
,,(1.63859110156e-10+0.000505072963872j),(-0.000143152043438+2.69189459322e-05j),(-6.83664571074e-05+4.47200731158e-06j),(-4.66668846243e-05+5.05184151076e-06j),(-3.60718505529e-05+3.09912228707e-06j),(-2.94214861407e-05+2.14718857606e-06j),(-2.49953254003e-05+1.55328794788e-06j),(-2.16527595595e-05+1.03633363198e-06j),(-1.90524489636e-05+6.91292605521e-07j),(-1.69960044871e-05+4.11172000934e-07j),(-1.53673347751e-05+2.1371994433e-07j),(-1.409382591e-05+3.75825054476e-08j),(-1.30808677301e-05+2.23422814284e-08j),(-1.20538371013e-05+1.95608223431e-08j),(-1.1091725463e-05+7.43655737435e-09j),(-1.0315311242e-05-9.04918061822e-08j),(-9.6393531007e-06-8.69671868317e-08j),(-9.11955037228e-06-1.44231246487e-07j),(-8.74540482121e-06-1.8930110674e-07j),(-8.34469811148e-06-2.37781338435e-07j),(-7.92867351481e-06-2.90473744162e-07j),
,,(1.6316915306e-10+0.000505504698015j),(-0.00014314236167+2.69860466676e-05j),(-6.84166799628e-05+4.44925663726e-06j),(-4.67072473538e-05+5.02477274087e-06j),(-3.6109575441e-05+3.08667275965e-06j),(-2.94474090264e-05+2.14848123535e-06j),(-2.50436289081e-05+1.5387258602e-06j),(-2.16969408675e-05+1.03457984351e-06j),(-1.91052857643e-05+6.885301718e-07j),(-1.7023272631e-05+4.35195949884e-07j),(-1.54240705688e-05+2.38725211188e-07j),(-1.4153933003e-05+7.71072372677e-08j),(-1.31025272336e-05+8.14792879666e-08j),(-1.20837414331e-05+5.30458708019e-08j),(-1.10786729174e-05+2.34719883359e-08j),(-1.0336788386e-05-4.79923910221e-08j),(-9.66840197568e-06-4.97743875757e-08j),(-9.1470689603e-06-1.32331038069e-07j),(-8.76336378603e-06-1.64771529666e-07j),(-8.38520758053e-06-1.75127210076e-07j),(-7.99341438505e-06-2.29733974381e-07j),
,,(1.6638147199e-10+0.000505893226909j),(-0.000143110515885+2.72348109315e-05j),(-6.83877588085e-05+4.56034023529e-06j),(-4.67092514746e-05+5.18447430106e-06j),(-3.61157408911e-05+3.24444675634e-06j),(-2.94649338797e-05+2.31795681825e-06j),(-2.50376096157e-05+1.70079187107e-06j),(-2.16782060755e-05+1.19647611904e-06j),(-1.91095321087e-05+8.48740752509e-07j),(-1.70300790816e-05+6.07433702825e-07j),(-1.54142551534e-05+4.50604681374e-07j),(-1.41394627617e-05+2.86730786252e-07j),(-1.30504459162e-05+2.80118623522e-07j),(-1.20343071457e-05+2.56881042547e-07j),(-1.10463659268e-05+2.40126321426e-07j),(-1.02603700857e-05+1.52925255438e-07j),(-9.56653428619e-06+1.42666151798e-07j),(-9.04956680278e-06+9.53740956464e-08j),(-8.64914430074e-06+2.71372881252e-08j),(-8.26940338936e-06-2.7755482467e-08j),(-7.84499249061e-06-7.45799204287e-08j),
,,(1.64043376398e-10+0.000505913684191j),(-0.000143092699658+2.71227354343e-05j),(-6.84445701242e-05+4.37356889809e-06j),(-4.67450366692e-05+5.01167892008e-06j),(-3.61364664103e-05+3.08812958475e-06j),(-2.95118474488e-05+2.14196828618e-06j),(-2.50683108909e-05+1.52988313111e-06j),(-2.17198770284e-05+1.0296128137e-06j),(-1.91140454441e-05+6.95475373853e-07j),(-1.70595957204e-05+4.53362197545e-07j),(-1.5454370554e-05+2.44690165617e-07j),(-1.41918476079e-05+8.74439884332e-08j),(-1.31640053576e-05+1.01909691627e-07j),(-1.21451460397e-05+1.07457328163e-07j),(-1.11607547614e-05+1.02635581575e-07j),(-1.03580174008e-05+2.4654290184e-08j),(-9.67977979249e-06+4.02183022483e-08j),(-9.1281015542e-06-3.23442528009e-08j),(-8.73575046266e-06-9.45886934222e-08j),(-8.35810279327e-06-1.52652100616e-07j),(-7.96721977788e-06-1.90568837353e-07j),
,,(1.6278731271e-10+0.000506017971792j),(-0.000142999227465+2.729559536e-05j),(-6.84368608472e-05+4.41087610868e-06j),(-4.67221859396e-05+5.05312382816e-06j),(-3.6141537519e-05+3.14625840755e-06j),(-2.94592670805e-05+2.18848168994e-06j),(-2.50226328395e-05+1.57248370683e-06j),(-2.1655787862e-05+1.07497766467e-06j),(-1.90820718952e-05+7.03943876237e-07j),(-1.69960455344e-05+4.43160534345e-07j),(-1.54088372922e-05+2.45160008524e-07j),(-1.41024285203e-05+8.88494890141e-08j),(-1.30807310148e-05+8.58157753775e-08j),(-1.20657471727e-05+5.21272770343e-08j),(-1.10988389631e-05+5.53580147733e-08j),(-1.03041807833e-05-4.58107481239e-08j),(-9.65524235166e-06-6.13103684421e-09j),(-9.10221745834e-06-6.85861224219e-08j),(-8.69490420018e-06-1.12234028776e-07j),(-8.28815762275e-06-1.82107258313e-07j),(-7.8815482316e-06-2.33484257362e-07j),
,,(1.59628030819e-10+0.000506169880744j),(-0.00014295072155+2.74369415677e-05j),(-6.83812340846e-05+4.44361331262e-06j),(-4.67047147672e-05+5.08742221596e-06j),(-3.60882856086e-05+3.17437812844e-06j),(-2.94450640577e-05+2.23071475126e-06j),(-2.50257545513e-05+1.63123494813e-06j),(-2.16692199903e-05+1.09467590091e-06j),(-1.90868586054e-05+7.306498753e-07j),(-1.70151900672e-05+4.80143297255e-07j),(-1.54143520428e-05+2.78832977154e-07j),(-1.41840292989e-05+1.08369798295e-07j),(-1.31509664121e-05+1.21042632549e-07j),(-1.21034455193e-05+1.31035777511e-07j),(-1.11424053666e-05+1.25062093956e-07j),(-1.0334575568e-05+5.94572039445e-08j),(-9.66935091984e-06+6.36624823632e-08j),(-9.12728397816e-06+3.18958427452e-08j),(-8.71741373782e-06-2.76529692102e-08j),(-8.34101788757e-06-6.1977635988e-08j),(-7.87455278779e-06-9.47189088193e-08j),
,,(1.62028322062e-10+0.000506328899497j),(-0.000142898838536+2.76184546179e-05j),(-6.8373145622e-05+4.55483173465e-06j),(-4.66837763809e-05+5.206380038e-06j),(-3.61079343853e-05+3.29541392342e-06j),(-2.94482362786e-05+2.35661556669e-06j),(-2.50181391551e-05+1.77186409705e-06j),(-2.1644443562e-05+1.25948086608e-06j),(-1.90386534868e-05+8.92861050871e-07j),(-1.69618791302e-05+6.53720229257e-07j),(-1.53423075008e-05+4.32303126974e-07j),(-1.40570537495e-05+2.78148888621e-07j),(-1.30076022537e-05+2.64150528784e-07j),(-1.1968215598e-05+2.48113049999e-07j),(-1.09878589448e-05+1.84863945672e-07j),(-1.02252729281e-05+8.75526152145e-08j),(-9.57513410967e-06+8.08199678698e-08j),(-9.05863030918e-06+4.16005624163e-08j),(-8.67154651742e-06-9.05404749126e-09j),(-8.29709067451e-06-5.0008881286e-08j),(-7.89451739971e-06-8.74890885526e-08j),
,,(1.64281851389e-10+0.000506374108527j),(-0.00014277777624+2.78809346718e-05j),(-6.82860522873e-05+4.67264184589e-06j),(-4.66246582677e-05+5.28545630054e-06j),(-3.60401330931e-05+3.36832835705e-06j),(-2.93731413882e-05+2.41356765838e-06j),(-2.49400471988e-05+1.79595895022e-06j),(-2.15885405385e-05+1.25849003343e-06j),(-1.89981353237e-05+9.14188528263e-07j),(-1.69478782458e-05+6.42603516368e-07j),(-1.53458963356e-05+4.25684060928e-07j),(-1.40743814204e-05+2.91196800916e-07j),(-1.30229080792e-05+2.88753358287e-07j),(-1.19799565826e-05+2.78579748395e-07j),(-1.10034347752e-05+2.33467720976e-07j),(-1.02514541225e-05+1.63183063544e-07j),(-9.60248256799e-06+1.70086817107e-07j),(-9.03697307344e-06+9.48187710727e-08j),(-8.6447962287e-06+6.18819353747e-08j),(-8.25548763846e-06+3.14487703915e-09j),(-7.85651733122e-06-2.71362492156e-08j),
,,(1.62492312838e-10+0.00050631097915j),(-0.000142723592507+2.79901759851e-05j),(-6.82656507668e-05+4.65443557904e-06j),(-4.66312439326e-05+5.33339504116e-06j),(-3.60449856075e-05+3.38336375295e-06j),(-2.93992160051e-05+2.4403523637e-06j),(-2.49632041211e-05+1.84584371473e-06j),(-2.1592918391e-05+1.33140024007e-06j),(-1.89872247792e-05+9.85126542672e-07j),(-1.69169529335e-05+7.13429203743e-07j),(-1.5283387405e-05+5.12564140238e-07j),(-1.40167633437e-05+3.26946032779e-07j),(-1.29657899749e-05+3.32874091255e-07j),(-1.19482142712e-05+3.01420678112e-07j),(-1.09575824001e-05+2.78999237224e-07j),(-1.01726853536e-05+1.83607588011e-07j),(-9.51640426252e-06+1.87124174756e-07j),(-8.95277334537e-06+1.38583113954e-07j),(-8.56036708708e-06+7.78231877887e-08j),(-8.17393386843e-06+1.4172490493e-08j),(-7.78383588955e-06-3.75549964875e-08j),
,,(1.63853372567e-10+0.000505852394274j),(-0.000142655470525+2.7712597427e-05j),(-6.82767428597e-05+4.29352298419e-06j),(-4.66635753016e-05+4.97409436249e-06j),(-3.60860184461e-05+3.05382757422e-06j),(-2.94709403791e-05+2.10071865704e-06j),(-2.50667985786e-05+1.53743245366e-06j),(-2.16823905651e-05+1.04064030898e-06j),(-1.90881983359e-05+6.98990184875e-07j),(-1.70017962995e-05+4.66055046673e-07j),(-1.53947930188e-05+2.41445971817e-07j),(-1.4113249688e-05+6.7946860436e-08j),(-1.30408375278e-05+5.09474575391e-08j),(-1.20142365965e-05+3.33656568575e-08j),(-1.10228798243e-05-1.95181888442e-08j),(-1.02514877896e-05-1.04333048733e-07j),(-9.61662647781e-06-1.42865572248e-07j),(-9.09002249267e-06-1.89575784546e-07j),(-8.72432407032e-06-2.61909418607e-07j),(-8.35946133159e-06-2.88093297948e-07j),(-7.96805906437e-06-3.21481975696e-07j),
,,(1.6103222921e-10+0.000513168396426j),(-0.00015021492013+3.25165276034e-05j),(-7.39767156233e-05+6.03725009253e-06j),(-5.00111271956e-05+5.53950952814e-06j),(-3.86059579243e-05+3.46551057899e-06j),(-3.13406450794e-05+2.48517759732e-06j),(-2.67093306511e-05+1.84304235473e-06j),(-2.29872943811e-05+1.30851545164e-06j),(-2.0382974319e-05+9.53339396604e-07j),(-1.80775525849e-05+6.97476579344e-07j),(-1.64385657437e-05+5.23074235268e-07j),(-1.49950766859e-05+4.00712241759e-07j),(-1.38888376264e-05+4.15576968516e-07j),(-1.27823664286e-05+3.64934192773e-07j),(-1.16795266231e-05+3.73369448175e-07j),(-1.08828729417e-05+2.22803477664e-07j),(-1.01294182072e-05+2.54048250603e-07j),(-9.57386035804e-06+1.5365856738e-07j),(-9.13966629799e-06+1.50639792537e-07j),(-8.70766764325e-06+2.7776516242e-08j),(-8.245462927e-06-2.95949841792e-09j),
,,(1.66745589823e-10+0.000526433883151j),(-0.000152006586996+3.12790539875e-05j),(-7.49296656594e-05+6.09863527899e-06j),(-5.06100779134e-05+5.36938638883e-06j),(-3.89859633898e-05+3.44435003657e-06j),(-3.17209824601e-05+2.40126681576e-06j),(-2.69430769392e-05+1.78448735692e-06j),(-2.33135429605e-05+1.24674386717e-06j),(-2.05120941249e-05+9.04811135419e-07j),(-1.82826514781e-05+6.08399251302e-07j),(-1.65481125055e-05+3.84731226763e-07j),(-1.52147512304e-05+2.37677459698e-07j),(-1.40666805699e-05+2.62222032304e-07j),(-1.29686652453e-05+2.68387713292e-07j),(-1.19102199627e-05+2.09924710442e-07j),(-1.10550421654e-05+1.29955759694e-07j),(-1.03786736159e-05+1.52494104217e-07j),(-9.75051530064e-06+1.24646642291e-07j),(-9.31715307563e-06+4.1951583043e-08j),(-8.8838254693e-06-3.35554619103e-08j),(-8.47538570082e-06-7.21948407908e-08j),
,,(1.71009840433e-10+0.000532476910037j),(-0.00015273760676+3.10005024105e-05j),(-7.52284276074e-05+6.10125388174e-06j),(-5.07614664037e-05+5.41984789141e-06j),(-3.90859376919e-05+3.52489599054e-06j),(-3.17746480537e-05+2.4791278654e-06j),(-2.69606482571e-05+1.8712044532e-06j),(-2.33342833502e-05+1.33579760948e-06j),(-2.0536178088e-05+9.82616612294e-07j),(-1.82898002146e-05+7.00320546092e-07j),(-1.65523874709e-05+4.84729853242e-07j),(-1.5180273994e-05+3.23747953004e-07j),(-1.40183868552e-05+3.18156244552e-07j),(-1.29162823148e-05+3.03442228462e-07j),(-1.18507198039e-05+2.91372267621e-07j),(-1.10274062736e-05+1.66095716882e-07j),(-1.03110112469e-05+1.50145230714e-07j),(-9.76571733476e-06+9.12239762555e-08j),(-9.32030605324e-06+6.11909900999e-08j),(-8.89491906069e-06+3.46105441755e-08j),(-8.41141873406e-06-1.32238226931e-08j),
,,(1.72090543954e-10+0.000535796915129j),(-0.000153164481831+3.07744814345e-05j),(-7.54998269124e-05+6.00000924122e-06j),(-5.0882254196e-05+5.31344190768e-06j),(-3.92105359911e-05+3.38520504412e-06j),(-3.18738735336e-05+2.35294880833e-06j),(-2.7082128085e-05+1.73691369525e-06j),(-2.34522523474e-05+1.20416152573e-06j),(-2.06336508684e-05+8.32452734771e-07j),(-1.84080899765e-05+5.88626687386e-07j),(-1.66682469941e-05+3.80078849623e-07j),(-1.52614334401e-05+2.11536284936e-07j),(-1.41154174613e-05+2.06380658641e-07j),(-1.30463521396e-05+2.02783179806e-07j),(-1.19752267303e-05+1.79988428308e-07j),(-1.11510403324e-05+7.96255942525e-08j),(-1.04191244925e-05+6.88146029215e-08j),(-9.858761193e-06+1.97574333833e-08j),(-9.41875029026e-06-9.766284124e-09j),(-8.97726791233e-06-5.23077221378e-08j),(-8.52329739027e-06-9.94473996339e-08j),
,,(1.77651102817e-10+0.000537848778991j),(-0.000153245590629+3.0615509553e-05j),(-7.56088689958e-05+5.96031966336e-06j),(-5.09781829234e-05+5.29145798248e-06j),(-3.92401712467e-05+3.38961674452e-06j),(-3.19255949356e-05+2.35719324673e-06j),(-2.7108108826e-05+1.76053335127e-06j),(-2.34594610519e-05+1.22494374871e-06j),(-2.06562200397e-05+8.4864147595e-07j),(-1.84120248544e-05+5.71193144078e-07j),(-1.6673728199e-05+3.53172132648e-07j),(-1.52705155789e-05+1.94324391557e-07j),(-1.41329731525e-05+1.87518524875e-07j),(-1.30512121213e-05+1.86893017848e-07j),(-1.20074799776e-05+1.52458093867e-07j),(-1.11794001303e-05+6.4167924697e-08j),(-1.0468867008e-05+8.78627840656e-08j),(-9.86216238925e-06+7.20032269457e-08j),(-9.41307499743e-06+1.9303557739e-08j),(-8.97434707768e-06-3.69522558856e-08j),(-8.53251130409e-06-5.57493056012e-08j),
,,(1.73945505886e-10+0.000538977234103j),(-0.000153229156602+3.06592499497e-05j),(-7.56604856732e-05+6.0223836369e-06j),(-5.10042725543e-05+5.3659591211e-06j),(-3.92959451629e-05+3.48965396297e-06j),(-3.19668128083e-05+2.51160133643e-06j),(-2.71043980323e-05+1.89130648313e-06j),(-2.34842600015e-05+1.35962214223e-06j),(-2.06526502629e-05+9.85919314942e-07j),(-1.83906685221e-05+7.39862259668e-07j),(-1.6638318043e-05+5.32776840521e-07j),(-1.51977752172e-05+3.50473696375e-07j),(-1.40682365005e-05+3.08971817162e-07j),(-1.29651904249e-05+2.79586922089e-07j),(-1.19185591386e-05+2.27783488425e-07j),(-1.10841269356e-05+1.79884257537e-07j),(-1.03896976641e-05+1.69299336218e-07j),(-9.81904114684e-06+1.21739114761e-07j),(-9.36950744859e-06+6.50288174963e-08j),(-8.92754411499e-06+1.89368301128e-08j),(-8.48289087782e-06-2.44901329779e-08j),
,,(1.74350794288e-10+0.000539953833727j),(-0.000153223960546+3.05993890785e-05j),(-7.56705634258e-05+5.95390018287e-06j),(-5.10052731003e-05+5.28651322054e-06j),(-3.92582865757e-05+3.42748394127e-06j),(-3.19362507331e-05+2.43276944848e-06j),(-2.70868569056e-05+1.80703019162e-06j),(-2.34444433091e-05+1.26211397558e-06j),(-2.05985190406e-05+8.83366065388e-07j),(-1.83582949514e-05+6.13153445645e-07j),(-1.66083909161e-05+3.80248762463e-07j),(-1.52179898721e-05+2.38461096559e-07j),(-1.40845222937e-05+2.15091864657e-07j),(-1.29849659215e-05+1.93881206846e-07j),(-1.19191355937e-05+1.78821925531e-07j),(-1.10996458948e-05+9.62560955006e-08j),(-1.03822333962e-05+7.53754882055e-08j),(-9.81869111247e-06+2.70133178071e-08j),(-9.36787523105e-06-3.6837051957e-08j),(-8.93773714385e-06-6.57547099926e-08j),(-8.48294463743e-06-9.57989214493e-08j),
,,(1.7741780205e-10+0.000540443808991j),(-0.000153083701656+3.08116266581e-05j),(-7.55973779005e-05+6.04546986125e-06j),(-5.09277822524e-05+5.36394711338e-06j),(-3.92061697969e-05+3.49181549047e-06j),(-3.19097730165e-05+2.48225674038e-06j),(-2.70776733538e-05+1.88589792439e-06j),(-2.3441540785e-05+1.36293110381e-06j),(-2.06226072253e-05+9.89415725522e-07j),(-1.83728296395e-05+7.20107583339e-07j),(-1.66115058555e-05+5.21565330093e-07j),(-1.52303028174e-05+3.70168019704e-07j),(-1.40711950693e-05+3.64076373228e-07j),(-1.29628026581e-05+3.57658207587e-07j),(-1.18867582782e-05+3.33211165249e-07j),(-1.10260622235e-05+2.5225954719e-07j),(-1.0295293422e-05+2.11634220798e-07j),(-9.73325940472e-06+1.41137735944e-07j),(-9.2909879067e-06+4.55175533708e-08j),(-8.85291614723e-06+1.48219097046e-08j),(-8.42506275947e-06-3.39768882451e-08j),
,,(1.77588993207e-10+0.000540261226131j),(-0.00015297160195+3.05542683394e-05j),(-7.56132460411e-05+5.78570993389e-06j),(-5.09440939591e-05+5.14520487051e-06j),(-3.92438995875e-05+3.29206482337e-06j),(-3.19538425978e-05+2.30949187216e-06j),(-2.71228426564e-05+1.70530129061e-06j),(-2.34567762369e-05+1.19207163938e-06j),(-2.06376848611e-05+8.05678594113e-07j),(-1.83801389723e-05+5.44241639476e-07j),(-1.66402196529e-05+3.04468913754e-07j),(-1.52538345403e-05+1.38189763929e-07j),(-1.41153241096e-05+1.27602753235e-07j),(-1.30328579663e-05+1.14273926485e-07j),(-1.20047659953e-05+9.69177166385e-08j),(-1.1151055297e-05+5.81750477882e-09j),(-1.04502995262e-05+2.47128180644e-08j),(-9.8541125889e-06-1.31135768134e-08j),(-9.42129177315e-06-7.74707835053e-08j),(-8.97650702881e-06-1.0614453433e-07j),(-8.52346523514e-06-1.58106507366e-07j),
,,(1.74247647445e-10+0.000540152903755j),(-0.000152798455947+3.05690883009e-05j),(-7.55747036697e-05+5.70390465781e-06j),(-5.09303247906e-05+5.06593092077e-06j),(-3.92353512545e-05+3.2181075516e-06j),(-3.19282651099e-05+2.21533610359e-06j),(-2.71093719317e-05+1.64712100763e-06j),(-2.34747947911e-05+1.10352596402e-06j),(-2.06449908884e-05+7.48313911597e-07j),(-1.84079562826e-05+4.68617478112e-07j),(-1.66321854622e-05+2.78182267365e-07j),(-1.52455748621e-05+9.1300341451e-08j),(-1.41040404017e-05+8.13958347564e-08j),(-1.30368159546e-05+7.39753576033e-08j),(-1.19649908258e-05+3.64357299115e-08j),(-1.11543120425e-05-4.27479417596e-08j),(-1.04076254617e-05-5.87487454986e-08j),(-9.84475240812e-06-8.97986777332e-08j),(-9.39559814966e-06-1.64555852352e-07j),(-8.96254395406e-06-2.23603647145e-07j),(-8.52330355248e-06-2.59685288452e-07j),
,,(1.74729722341e-10+0.000540275560761j),(-0.00015255863966+3.08286366062e-05j),(-7.55158143668e-05+5.87513648774e-06j),(-5.08328754609e-05+5.24153878578e-06j),(-3.91918520829e-05+3.40378668546e-06j),(-3.1880063264e-05+2.45563349847e-06j),(-2.70671457559e-05+1.84390135814e-06j),(-2.34024954784e-05+1.2988346684e-06j),(-2.05803339085e-05+9.48733671559e-07j),(-1.8362431878e-05+6.47326411808e-07j),(-1.6616544193e-05+4.14253995481e-07j),(-1.52311369981e-05+3.04304178228e-07j),(-1.40820694522e-05+2.9294297458e-07j),(-1.29686649607e-05+2.88820440984e-07j),(-1.19063050934e-05+2.56714484235e-07j),(-1.1057297458e-05+1.65986695697e-07j),(-1.03391581178e-05+1.60127057764e-07j),(-9.76323328083e-06+9.22636556987e-08j),(-9.29869120426e-06+2.99805733929e-08j),(-8.88784085447e-06+8.12245071438e-10j),(-8.4634692308e-06-7.06665246385e-08j),
,,(1.73846207048e-10+0.000539940502091j),(-0.000152344657148+3.0861943703e-05j),(-7.54150695212e-05+5.78852034735e-06j),(-5.07846624395e-05+5.12593330613e-06j),(-3.91048182778e-05+3.30154127943e-06j),(-3.1845222334e-05+2.31732618183e-06j),(-2.70218771649e-05+1.71441963907e-06j),(-2.33637123089e-05+1.17302704967e-06j),(-2.05536476788e-05+7.79927933354e-07j),(-1.83176224046e-05+4.89463074368e-07j),(-1.66115650808e-05+2.70811395594e-07j),(-1.52165466863e-05+9.99789458927e-08j),(-1.41015510613e-05+1.19150942051e-07j),(-1.30111294587e-05+1.07051080169e-07j),(-1.19464723613e-05+8.58338372776e-08j),(-1.11028766983e-05+1.19021750289e-08j),(-1.03917175822e-05-5.1965791606e-09j),(-9.81699459888e-06-4.34905377592e-08j),(-9.38134201196e-06-1.31982266518e-07j),(-8.97014482798e-06-1.56377699785e-07j),(-8.53420623979e-06-1.95988248762e-07j),
,,(1.76875913858e-10+0.000539725270161j),(-0.000152150987949+3.08772414499e-05j),(-7.53451637813e-05+5.7113423722e-06j),(-5.07093549224e-05+5.09208781979e-06j),(-3.90713124797e-05+3.23374125398e-06j),(-3.17845532576e-05+2.22990530219e-06j),(-2.6982601501e-05+1.61804643051e-06j),(-2.33682501108e-05+1.08386219156e-06j),(-2.05684294596e-05+7.04341728713e-07j),(-1.83328612781e-05+4.43671548337e-07j),(-1.65797740797e-05+2.43061144814e-07j),(-1.52006276816e-05+5.39025150196e-08j),(-1.40730410634e-05+4.68809322548e-08j),(-1.29920161053e-05+3.53901740078e-08j),(-1.19382984649e-05+4.36772184575e-08j),(-1.11045796225e-05-5.29291498469e-08j),(-1.0385632412e-05-7.56451795984e-08j),(-9.81816529519e-06-1.08566559108e-07j),(-9.37558997031e-06-1.77698533439e-07j),(-8.95057911836e-06-2.33032004412e-07j),(-8.52156880074e-06-2.74305194964e-07j),
,,(1.72477317611e-10+0.000539151987591j),(-0.000151847388946+3.08600046293e-05j),(-7.52697731099e-05+5.67559222715e-06j),(-5.07048505336e-05+5.05595621176e-06j),(-3.9051588124e-05+3.26714526309e-06j),(-3.18041726529e-05+2.26762073967e-06j),(-2.69741476607e-05+1.68418632149e-06j),(-2.33454182777e-05+1.15625560551e-06j),(-2.05491617688e-05+7.72876661602e-07j),(-1.83204730185e-05+4.91522630405e-07j),(-1.65666403252e-05+2.88015446434e-07j),(-1.51795807428e-05+1.37271790531e-07j),(-1.4024253976e-05+1.23659406423e-07j),(-1.29448919754e-05+1.08001993716e-07j),(-1.18805417073e-05+3.89128916837e-08j),(-1.10662467929e-05-5.57865370987e-08j),(-1.03619082785e-05-8.13573845935e-08j),(-9.79297678405e-06-1.20203928304e-07j),(-9.39448523873e-06-1.71322314083e-07j),(-8.98770740734e-06-2.17744098691e-07j),(-8.55814220019e-06-2.4674348464e-07j),
,,(1.74708452985e-10+0.000538813155215j),(-0.000151621402897+3.10713595255e-05j),(-7.51949240522e-05+5.73996311286e-06j),(-5.06021309622e-05+5.09825015544e-06j),(-3.89706805824e-05+3.27862179322e-06j),(-3.17272460466e-05+2.27897114322e-06j),(-2.68989310732e-05+1.6762124242e-06j),(-2.32784481913e-05+1.15024057472e-06j),(-2.04602293869e-05+7.47102244102e-07j),(-1.82101313963e-05+4.51289749827e-07j),(-1.65220240355e-05+2.50944753624e-07j),(-1.5160333217e-05+7.32728153615e-08j),(-1.40365793222e-05+6.82649119278e-08j),(-1.29541143169e-05+5.53132853886e-08j),(-1.19176008964e-05+1.27947603248e-08j),(-1.10825108658e-05-5.83236744155e-08j),(-1.0368678594e-05-6.46089114318e-08j),(-9.78878656343e-06-1.00008868476e-07j),(-9.33572383057e-06-1.81538645803e-07j),(-8.91319061434e-06-2.36162970137e-07j),(-8.50167166034e-06-2.60822056281e-07j),
,,(1.72713891798e-10+0.000538563115504j),(-0.000151376986004+3.13557694754e-05j),(-7.50614856962e-05+5.93045202654e-06j),(-5.05025382982e-05+5.29466181335e-06j),(-3.8901808533e-05+3.45672627096e-06j),(-3.16512390612e-05+2.46006421919e-06j),(-2.68346613704e-05+1.85302762426e-06j),(-2.3214899357e-05+1.31330173569e-06j),(-2.04295028212e-05+9.50929309399e-07j),(-1.81998008439e-05+6.49434254718e-07j),(-1.64453082722e-05+4.59265412422e-07j),(-1.5071720216e-05+2.96665539863e-07j),(-1.39249625071e-05+2.62119926743e-07j),(-1.28352303858e-05+2.67459631468e-07j),(-1.17957429717e-05+2.10345533994e-07j),(-1.09612440285e-05+1.2035801423e-07j),(-1.02657985791e-05+8.79789798142e-08j),(-9.69965481104e-06+5.57910796986e-08j),(-9.25698448173e-06+9.56472557846e-09j),(-8.81420015749e-06-3.58299912401e-08j),(-8.36163463728e-06-8.91512903631e-08j),
,,(1.75705408628e-10+0.000537887545691j),(-0.000151167774212+3.13337492648e-05j),(-7.50093836293e-05+5.76316316048e-06j),(-5.04607637743e-05+5.12329466223e-06j),(-3.88279615132e-05+3.26854186952e-06j),(-3.16210736628e-05+2.27259533101e-06j),(-2.68348934903e-05+1.63974894737e-06j),(-2.3229141513e-05+1.10567991342e-06j),(-2.04664047434e-05+7.41754590977e-07j),(-1.82378160518e-05+4.6788431427e-07j),(-1.64913691635e-05+2.6726661464e-07j),(-1.51559748255e-05+9.50439192386e-08j),(-1.40415704838e-05+1.13732585959e-07j),(-1.29264685436e-05+1.10364260225e-07j),(-1.18697527094e-05+9.45377555449e-08j),(-1.10336998623e-05-1.20409946174e-08j),(-1.03127976763e-05-1.52394992814e-08j),(-9.73779056424e-06-8.12242265847e-08j),(-9.31384591133e-06-1.44404056944e-07j),(-8.89655000376e-06-1.71672059085e-07j),(-8.45273503092e-06-2.17451527723e-07j),
,,(1.73806047524e-10+0.000537524626896j),(-0.000150958849263+3.15663851198e-05j),(-7.49220621261e-05+5.90093741684e-06j),(-5.04249243611e-05+5.25365138339e-06j),(-3.88335601905e-05+3.44540444433e-06j),(-3.16295505255e-05+2.44134536434e-06j),(-2.68400436257e-05+1.85096383617e-06j),(-2.32180006846e-05+1.32133212736e-06j),(-2.04363424836e-05+9.37302358315e-07j),(-1.81997300876e-05+6.63696371706e-07j),(-1.64892937446e-05+4.45343222984e-07j),(-1.51152879673e-05+3.180629525e-07j),(-1.39692884889e-05+3.30684144019e-07j),(-1.28864272463e-05+2.72906444181e-07j),(-1.18429949527e-05+2.67717291661e-07j),(-1.10123865322e-05+1.96592934834e-07j),(-1.0274992862e-05+1.87163870119e-07j),(-9.69166236387e-06+1.27605025692e-07j),(-9.26091694332e-06+5.63975085592e-08j),(-8.8511966663e-06+6.09088153322e-09j),(-8.40606391278e-06-2.85984979014e-08j),
,,(1.72675914751e-10+0.000536949853778j),(-0.000150791857546+3.15348835481e-05j),(-7.49204079596e-05+5.78804131718e-06j),(-5.04071406688e-05+5.15498957633e-06j),(-3.88399231853e-05+3.35833340842e-06j),(-3.16414905354e-05+2.3676102436e-06j),(-2.68670877529e-05+1.78241942632e-06j),(-2.3267928246e-05+1.26934779629e-06j),(-2.04811828618e-05+9.17853149585e-07j),(-1.82565395975e-05+6.42317631682e-07j),(-1.65137004366e-05+4.42410587764e-07j),(-1.51366540981e-05+3.09908871464e-07j),(-1.39946026848e-05+2.77568107037e-07j),(-1.2919052129e-05+2.83825936007e-07j),(-1.18574443763e-05+2.41996742454e-07j),(-1.10421851537e-05+1.7419617956e-07j),(-1.0317930846e-05+1.71975672578e-07j),(-9.73120721027e-06+1.54535637267e-07j),(-9.2691349573e-06+8.14628311998e-08j),(-8.82866060563e-06+2.66711139707e-08j),(-8.40446516749e-06-9.05780677689e-09j),
,,(1.75892269349e-10+0.000536483878222j),(-0.000150616789758+3.16056037266e-05j),(-7.48361831389e-05+5.75010468715e-06j),(-5.03666987892e-05+5.14974601785e-06j),(-3.88152817688e-05+3.3506944383e-06j),(-3.15992514805e-05+2.36858873576e-06j),(-2.68218403796e-05+1.79168124645e-06j),(-2.32302698862e-05+1.27584525023e-06j),(-2.0433187981e-05+9.2108205078e-07j),(-1.819082621e-05+6.6296619218e-07j),(-1.64591288181e-05+4.56127919661e-07j),(-1.50695941919e-05+2.97033367679e-07j),(-1.39121465835e-05+2.87249556845e-07j),(-1.28285077646e-05+2.78041173102e-07j),(-1.17671465582e-05+2.24155384701e-07j),(-1.0962689562e-05+1.35824139049e-07j),(-1.02207735404e-05+1.3427850712e-07j),(-9.63926879184e-06+6.51642744132e-08j),(-9.19805825097e-06-3.41985505121e-09j),(-8.78578622988e-06-7.535656795e-08j),(-8.34982758526e-06-1.22250742226e-07j),
,,(1.52720005705e-10+0.000455400944898j),(-0.000117319807146+1.04322471322e-05j),(-5.31142251146e-05+4.67583380933e-06j),(-3.80459234595e-05+3.98095195272e-06j),(-2.94686279008e-05+2.51858786273e-06j),(-2.41460081949e-05+1.7353968828e-06j),(-2.06053812237e-05+1.28928569801e-06j),(-1.79185630935e-05+8.41412137223e-07j),(-1.57930860642e-05+5.82476309858e-07j),(-1.40521669301e-05+3.60968005908e-07j),(-1.27189631184e-05+1.87764080831e-07j),(-1.16485262588e-05+4.39626148529e-08j),(-1.0802833121e-05+2.16582107312e-08j),(-1.00012180069e-05+4.18882476398e-09j),(-9.14713727223e-06-1.3491825385e-08j),(-8.51021764005e-06-8.14644210495e-08j),(-7.95285928409e-06-1.1376221263e-07j),(-7.51186332695e-06-1.30344511753e-07j),(-7.21337393992e-06-1.81693316395e-07j),(-6.87808962042e-06-2.09494185282e-07j),(-6.55765615483e-06-2.52517582977e-07j),
,,(1.55538252988e-10+0.000465108091117j),(-0.00011814851131+1.0741490013e-05j),(-5.36760552063e-05+4.85718171418e-06j),(-3.83872454593e-05+4.23813836056e-06j),(-2.97586931143e-05+2.79532805569e-06j),(-2.43173623826e-05+2.03359914192e-06j),(-2.07500315946e-05+1.53542851335e-06j),(-1.80025347869e-05+1.12724387353e-06j),(-1.58487969026e-05+8.05623566575e-07j),(-1.41527453363e-05+5.69174857736e-07j),(-1.28319950458e-05+4.08718432382e-07j),(-1.17601833691e-05+2.88423810669e-07j),(-1.08846697412e-05+3.13636736169e-07j),(-1.00460519362e-05+2.82642610612e-07j),(-9.17583672952e-06+2.6948144797e-07j),(-8.52770202649e-06+1.85657867476e-07j),(-7.96152575344e-06+1.9633174351e-07j),(-7.48866337191e-06+1.3274968848e-07j),(-7.21054233612e-06+9.56424684155e-08j),(-6.86382871441e-06+2.4907496013e-08j),(-6.54018836173e-06+9.41761518076e-09j),
,,(1.56178122455e-10+0.000468773316221j),(-0.00011825827914+1.05661071187e-05j),(-5.36869733428e-05+4.6662087316e-06j),(-3.83858762706e-05+4.11367870618e-06j),(-2.97178248609e-05+2.67671467007e-06j),(-2.42902186528e-05+1.85734726295e-06j),(-2.06947961166e-05+1.39772236867e-06j),(-1.79862605652e-05+9.3484044661e-07j),(-1.58393335631e-05+6.18201401952e-07j),(-1.41201389885e-05+4.16343564386e-07j),(-1.28030121591e-05+2.4607081941e-07j),(-1.17468462849e-05+1.01660072335e-07j),(-1.08859117574e-05+1.40993657957e-07j),(-1.00091970224e-05+1.00280737886e-07j),(-9.15133232827e-06+6.05016498447e-08j),(-8.4773577875e-06-4.58124667555e-08j),(-7.94728931751e-06-6.31043869849e-08j),(-7.52352941544e-06-1.17204769172e-07j),(-7.21829612739e-06-1.61821833018e-07j),(-6.91212001037e-06-1.84912118458e-07j),(-6.57469882113e-06-2.44016291099e-07j),
,,(1.57400057365e-10+0.000470271281062j),(-0.000118320740107+1.06255796501e-05j),(-5.3727299915e-05+4.6705203395e-06j),(-3.84569012952e-05+4.15248171597e-06j),(-2.9767186519e-05+2.71343965584e-06j),(-2.43328695317e-05+1.95470200276e-06j),(-2.0748118508e-05+1.48621714418e-06j),(-1.80073041192e-05+1.0162310507e-06j),(-1.58538324468e-05+7.25182636078e-07j),(-1.41426887329e-05+4.98875709451e-07j),(-1.28109251567e-05+3.04918300602e-07j),(-1.17489863839e-05+1.85601365968e-07j),(-1.08867448938e-05+1.97301055463e-07j),(-1.00340262513e-05+1.83066392618e-07j),(-9.18725746326e-06+1.47984752599e-07j),(-8.51140682001e-06+7.87112271353e-08j),(-7.96695971133e-06+8.40631611221e-08j),(-7.52978368342e-06+2.33607925493e-08j),(-7.22747600486e-06-2.64380885311e-08j),(-6.86279550026e-06-7.52210373628e-08j),(-6.55341783657e-06-9.43576829369e-08j),
,,(1.58692996234e-10+0.000471281582919j),(-0.00011843024724+1.08466694797e-05j),(-5.37491336055e-05+4.72534498016e-06j),(-3.84817645685e-05+4.2132889336e-06j),(-2.9805289356e-05+2.78782469873e-06j),(-2.43942965974e-05+2.0229005065e-06j),(-2.07615063004e-05+1.57301795041e-06j),(-1.7992067971e-05+1.12648675334e-06j),(-1.58533586661e-05+7.99840709355e-07j),(-1.41444970501e-05+5.76503753537e-07j),(-1.28049245257e-05+4.13419143311e-07j),(-1.17380343295e-05+2.65850759936e-07j),(-1.08755723582e-05+2.67148279762e-07j),(-1.00308492232e-05+2.40558441162e-07j),(-9.15598463645e-06+2.43318724059e-07j),(-8.51047837188e-06+1.80700345851e-07j),(-7.93212222236e-06+1.67472204755e-07j),(-7.48992732479e-06+1.20237337514e-07j),(-7.15489517664e-06+3.66716550117e-08j),(-6.81666556584e-06+1.43279559381e-08j),(-6.54291895402e-06-5.53441496056e-08j),
,,(1.57390580022e-10+0.000471841162201j),(-0.000118520722633+1.08360376857e-05j),(-5.37637010272e-05+4.60864632456e-06j),(-3.84669436041e-05+4.09285746568e-06j),(-2.97644328943e-05+2.64439839154e-06j),(-2.43570658435e-05+1.85100296311e-06j),(-2.07634011e-05+1.36351393105e-06j),(-1.80089876608e-05+9.27383526002e-07j),(-1.58701016301e-05+5.81408214307e-07j),(-1.41653516687e-05+3.71245595612e-07j),(-1.28477929482e-05+1.87329587364e-07j),(-1.18024445356e-05+6.51993081701e-08j),(-1.09305855104e-05+9.40517145042e-08j),(-1.00670914851e-05+6.96283306527e-08j),(-9.20973751968e-06+3.13581095241e-08j),(-8.57976946928e-06-4.96506565401e-08j),(-8.02487562405e-06-6.0425137031e-08j),(-7.60170789205e-06-9.47605602662e-08j),(-7.30284983115e-06-1.59707937721e-07j),(-6.98282755968e-06-2.05465044744e-07j),(-6.66920253981e-06-2.03749305055e-07j),
,,(1.57227347744e-10+0.000472287749432j),(-0.00011862966217+1.08958584484e-05j),(-5.38077949745e-05+4.51350446331e-06j),(-3.85358018799e-05+4.03283682371e-06j),(-2.98355749548e-05+2.60190633795e-06j),(-2.4390811179e-05+1.80275494844e-06j),(-2.08011291345e-05+1.33826256476e-06j),(-1.80548036864e-05+8.91083820457e-07j),(-1.594488225e-05+5.83329174978e-07j),(-1.42256647281e-05+3.38643893537e-07j),(-1.28931659625e-05+2.07763887611e-07j),(-1.18531282939e-05+5.75651212175e-08j),(-1.10193447127e-05+1.16845191117e-07j),(-1.01593288231e-05+1.1227992332e-07j),(-9.28896331951e-06+1.16739869148e-07j),(-8.61060871028e-06+5.0211406488e-08j),(-8.03920326422e-06+4.64183844072e-08j),(-7.55946136604e-06-9.14081445651e-09j),(-7.23932123615e-06-8.1755517905e-08j),(-6.90778506791e-06-1.62706208809e-07j),(-6.58308452095e-06-1.9334975187e-07j),
,,(1.6013865339e-10+0.000472856736523j),(-0.000118703426138+1.12616649807e-05j),(-5.38382661433e-05+4.75251961613e-06j),(-3.85321891025e-05+4.25666887348e-06j),(-2.98292237072e-05+2.8238642797e-06j),(-2.43827501318e-05+2.05845283986e-06j),(-2.07842750247e-05+1.57895865342e-06j),(-1.80084815468e-05+1.12557314814e-06j),(-1.58627102985e-05+8.03900236319e-07j),(-1.41081468061e-05+5.87985712025e-07j),(-1.28029372492e-05+4.16611983474e-07j),(-1.17302823249e-05+2.4772596413e-07j),(-1.08812740558e-05+2.45879593066e-07j),(-1.00498870279e-05+2.34588453993e-07j),(-9.19355826078e-06+2.22212351999e-07j),(-8.53701730326e-06+1.5246764119e-07j),(-7.97018337152e-06+1.47455691749e-07j),(-7.51934699183e-06+1.09292907869e-07j),(-7.17936401224e-06+4.75960484053e-08j),(-6.82928066658e-06-1.06426256198e-08j),(-6.50560999039e-06-5.51332012736e-08j),
,,(1.60550820981e-10+0.000472821364121j),(-0.000118831986971+1.10978116761e-05j),(-5.39120957683e-05+4.47877911913e-06j),(-3.85967059466e-05+4.01289333106e-06j),(-2.98626810248e-05+2.57152005787e-06j),(-2.44233694816e-05+1.79255465696e-06j),(-2.08245477632e-05+1.30976925025e-06j),(-1.80579730416e-05+8.69520304081e-07j),(-1.5907188733e-05+5.32437990683e-07j),(-1.41881067799e-05+3.29788908686e-07j),(-1.28797258262e-05+1.44457685819e-07j),(-1.18111266498e-05+2.51180220398e-08j),(-1.09408605325e-05+3.19645538832e-08j),(-1.00739205468e-05+7.5199788072e-09j),(-9.22014803616e-06-1.28972530967e-08j),(-8.56499212878e-06-9.6307597007e-08j),(-8.0147054086e-06-9.24327942051e-08j),(-7.53958418983e-06-1.65924722928e-07j),(-7.25092311709e-06-2.28774316163e-07j),(-6.93679998488e-06-2.83440474446e-07j),(-6.63043278765e-06-3.29475979958e-07j),
,,(1.57898776686e-10+0.000473148741541j),(-0.000118930751249+1.12017989503e-05j),(-5.39761111296e-05+4.45289743729e-06j),(-3.86406059086e-05+4.00960934638e-06j),(-2.993519687e-05+2.58749841825e-06j),(-2.44596014216e-05+1.82119887859e-06j),(-2.08429365666e-05+1.34721005657e-06j),(-1.80725756215e-05+9.02565908898e-07j),(-1.58945041087e-05+5.81255881444e-07j),(-1.41636017258e-05+3.31461946468e-07j),(-1.28142626883e-05+1.43491740731e-07j),(-1.17503058086e-05-5.21304073785e-09j),(-1.08848170617e-05-5.19335387306e-08j),(-1.00656279509e-05-7.43382548438e-08j),(-9.22400053962e-06-1.217309867e-07j),(-8.63439848212e-06-2.04261342702e-07j),(-8.09474446272e-06-1.89549783716e-07j),(-7.65082551033e-06-1.99234787673e-07j),(-7.35665890772e-06-2.21449661569e-07j),(-7.04241227476e-06-2.54875029476e-07j),(-6.70131390385e-06-2.67192434427e-07j),
,,(1.6085854969e-10+0.00047337853686j),(-0.000118985641856+1.13369163951e-05j),(-5.39744533724e-05+4.44998606179e-06j),(-3.86032376183e-05+3.94650226625e-06j),(-2.99079844943e-05+2.50313868376e-06j),(-2.44498845436e-05+1.71260634347e-06j),(-2.08620436305e-05+1.23165212428e-06j),(-1.81216374144e-05+7.71592416224e-07j),(-1.59717872469e-05+4.70850343475e-07j),(-1.42584286546e-05+2.36361981112e-07j),(-1.29352765672e-05+6.87892603612e-08j),(-1.18633865684e-05-6.19392307544e-08j),(-1.10070147294e-05-3.47069025018e-08j),(-1.01507034307e-05-5.61059029132e-08j),(-9.27151375294e-06-1.07670594687e-07j),(-8.64974900239e-06-1.88005862099e-07j),(-8.09103298788e-06-1.85169158442e-07j),(-7.68070104925e-06-2.45210253736e-07j),(-7.40021186566e-06-2.81525994067e-07j),(-7.06073065833e-06-3.21456339218e-07j),(-6.7280582469e-06-3.60470193657e-07j),
,,(1.55768268615e-10+0.000473813395414j),(-0.000119133125547+1.16847581493e-05j),(-5.40212134084e-05+4.686263272e-06j),(-3.86613981642e-05+4.21047818203e-06j),(-2.9941779859e-05+2.78415656294e-06j),(-2.44603030063e-05+1.98694649709e-06j),(-2.08323755372e-05+1.49564275151e-06j),(-1.8096294993e-05+1.03844186929e-06j),(-1.5951036372e-05+6.98931794982e-07j),(-1.4251006405e-05+4.79741440902e-07j),(-1.29100358282e-05+3.24978839733e-07j),(-1.18413075472e-05+1.99390860973e-07j),(-1.09838801981e-05+2.3233209594e-07j),(-1.01051779863e-05+2.14333413189e-07j),(-9.22698794115e-06+1.71935718741e-07j),(-8.57961035447e-06+9.50743642156e-08j),(-8.01064150091e-06+1.02578683243e-07j),(-7.58473214633e-06+3.64178563183e-08j),(-7.23652963959e-06-4.80121830264e-09j),(-6.94151550144e-06-3.43305077564e-08j),(-6.58989958775e-06-8.51271325295e-08j),
,,(1.56962700254e-10+0.000473816961555j),(-0.000119243033657+1.16747251933e-05j),(-5.40446163792e-05+4.56074619242e-06j),(-3.86378043933e-05+4.05898951891e-06j),(-2.98975522342e-05+2.60669097485e-06j),(-2.44472905529e-05+1.81708312592e-06j),(-2.08384813982e-05+1.35490980891e-06j),(-1.80788901595e-05+8.89353555632e-07j),(-1.5925609527e-05+5.63631118831e-07j),(-1.42235041787e-05+3.07166994555e-07j),(-1.28874518135e-05+1.15064197734e-07j),(-1.18688727528e-05-1.1206978764e-08j),(-1.10034901169e-05+1.40628232111e-08j),(-1.01535725107e-05+1.81662833272e-08j),(-9.28528073462e-06-4.35883439891e-09j),(-8.63891149425e-06-8.5773140832e-08j),(-8.07352354773e-06-8.48151745804e-08j),(-7.6463115662e-06-1.18468968291e-07j),(-7.33264843631e-06-1.68529144659e-07j),(-7.01854511636e-06-1.92678184046e-07j),(-6.65625423195e-06-2.30912142904e-07j),
,,(1.57716713904e-10+0.000473805084177j),(-0.000119385620225+1.16604124132e-05j),(-5.41316557336e-05+4.40376945862e-06j),(-3.875368785e-05+3.94694193586e-06j),(-3.00271907039e-05+2.4957487204e-06j),(-2.45498086045e-05+1.73107364258e-06j),(-2.0941275485e-05+1.28381100127e-06j),(-1.81604825294e-05+8.29667395318e-07j),(-1.59875912979e-05+5.17664551144e-07j),(-1.42792559739e-05+2.88189062257e-07j),(-1.29312315449e-05+9.11806751613e-08j),(-1.18750576891e-05-5.09212004792e-08j),(-1.10443495037e-05-4.90871317154e-08j),(-1.01928713603e-05-5.40489761079e-08j),(-9.33942756412e-06-7.5704221184e-08j),(-8.67825273822e-06-1.31469358048e-07j),(-8.11877757536e-06-1.23544728158e-07j),(-7.65785854362e-06-1.92595479829e-07j),(-7.36124959223e-06-2.4322131881e-07j),(-7.04491653561e-06-2.84959512685e-07j),(-6.70227525479e-06-3.10983554718e-07j),
,,(1.58221429765e-10+0.000473981875317j),(-0.000119462958097+1.18001326758e-05j),(-5.41356766408e-05+4.46119685059e-06j),(-3.87445577605e-05+3.93771985793e-06j),(-3.00260445953e-05+2.50594478301e-06j),(-2.45483657001e-05+1.72344609151e-06j),(-2.09387485609e-05+1.24024777841e-06j),(-1.8185106298e-05+8.05427909767e-07j),(-1.60417054231e-05+4.82916305899e-07j),(-1.42931924297e-05+2.30109504701e-07j),(-1.29768849504e-05+7.26760841521e-08j),(-1.19451699727e-05-6.29328057224e-08j),(-1.11031596623e-05-3.14133653366e-08j),(-1.02411415767e-05-2.79699759571e-08j),(-9.38108193904e-06-3.05189549426e-08j),(-8.70652502759e-06-1.01660060514e-07j),(-8.12369355112e-06-1.15187731514e-07j),(-7.68129346989e-06-1.56059814593e-07j),(-7.37115748235e-06-2.05354192269e-07j),(-7.04136874109e-06-2.43670030139e-07j),(-6.7170409943e-06-2.97818269633e-07j),
,,(1.58534337162e-10+0.000474438188036j),(-0.00011957371681+1.22481273905e-05j),(-5.41727297465e-05+4.81883418615e-06j),(-3.87496733345e-05+4.30207539164e-06j),(-3.0034911024e-05+2.88511221371e-06j),(-2.45308384923e-05+2.12258142608e-06j),(-2.0881939838e-05+1.63246607471e-06j),(-1.80973569038e-05+1.18258508793e-06j),(-1.59430557482e-05+8.68643852081e-07j),(-1.41989790298e-05+6.20212590693e-07j),(-1.2844089023e-05+4.27855545665e-07j),(-1.17956443649e-05+2.88662772759e-07j),(-1.09323862545e-05+2.97978993219e-07j),(-1.00768598616e-05+2.73269756655e-07j),(-9.21566594599e-06+2.75424466748e-07j),(-8.54205924172e-06+1.72075833245e-07j),(-7.97168199643e-06+1.97423224988e-07j),(-7.49134364166e-06+1.39954134228e-07j),(-7.17290762019e-06+9.53274370438e-08j),(-6.85624620083e-06+4.2472458643e-08j),(-6.52637308298e-06-1.70198830314e-08j),
,,(1.5768481821e-10+0.000474737595144j),(-0.000119676986323+1.23677266425e-05j),(-5.42175667002e-05+4.83194194906e-06j),(-3.87480851309e-05+4.31473066874e-06j),(-3.00219149297e-05+2.85782706435e-06j),(-2.45307929527e-05+2.06601056194e-06j),(-2.09028105025e-05+1.59235841478e-06j),(-1.81170362768e-05+1.13282918038e-06j),(-1.59645445528e-05+8.1938954508e-07j),(-1.42414137829e-05+5.7669323882e-07j),(-1.29012830947e-05+4.01244009309e-07j),(-1.18570270233e-05+2.74430155442e-07j),(-1.09932384936e-05+3.21278753333e-07j),(-1.01186121719e-05+2.90599638341e-07j),(-9.25512955138e-06+2.83092830622e-07j),(-8.57069711297e-06+2.21819830859e-07j),(-8.01822797908e-06+2.06738947753e-07j),(-7.53141620659e-06+1.85239967203e-07j),(-7.18338387181e-06+1.21132454312e-07j),(-6.84862634549e-06+5.90705394355e-08j),(-6.4776655029e-06-8.61251209935e-09j),
,,(1.5945537492e-10+0.000474891906586j),(-0.000119746245636+1.24712778325e-05j),(-5.42301927463e-05+4.81368199654e-06j),(-3.87412407856e-05+4.28728663273e-06j),(-3.00227151227e-05+2.80805544129e-06j),(-2.453743478e-05+2.01214314496e-06j),(-2.09281821248e-05+1.54186267096e-06j),(-1.81691420281e-05+1.08024860972e-06j),(-1.59971676206e-05+7.67950192617e-07j),(-1.42661425548e-05+5.47362439362e-07j),(-1.29301293229e-05+3.8231450278e-07j),(-1.18564575074e-05+2.34384551638e-07j),(-1.09904279391e-05+2.47125855691e-07j),(-1.01229745833e-05+2.34179170377e-07j),(-9.2665402145e-06+2.1324834966e-07j),(-8.58966276649e-06+1.2732089768e-07j),(-8.03595413493e-06+1.23128594846e-07j),(-7.5949733638e-06+7.94227518188e-08j),(-7.28201325589e-06+3.17171200199e-09j),(-6.96571048991e-06-4.73489709751e-08j),(-6.65420777406e-06-7.27416412745e-08j),
,,(1.5912986426e-10+0.000474725919944j),(-0.000119872012481+1.22669625594e-05j),(-5.42954101052e-05+4.53817174229e-06j),(-3.88367391953e-05+4.05529484407e-06j),(-3.00731847162e-05+2.58415255394e-06j),(-2.45917234067e-05+1.77812381085e-06j),(-2.09542290153e-05+1.3009444332e-06j),(-1.81892439792e-05+8.47370741177e-07j),(-1.60269451905e-05+5.20184071438e-07j),(-1.43150641042e-05+2.83146348956e-07j),(-1.29654789113e-05+9.40530756857e-08j),(-1.19038068229e-05-4.49634308576e-08j),(-1.10484757766e-05-3.491381308e-08j),(-1.01982091644e-05-3.33980247131e-08j),(-9.35753756365e-06-6.92327459024e-08j),(-8.69808866544e-06-1.20941255451e-07j),(-8.14789509489e-06-1.00644748982e-07j),(-7.69034341528e-06-1.50602723361e-07j),(-7.37005042352e-06-2.26556644328e-07j),(-7.0594199429e-06-2.58395814039e-07j),(-6.72263033049e-06-3.03345132068e-07j),
,,(1.57719623383e-10+0.00047478889448j),(-0.000119982639396+1.23033180955e-05j),(-5.4361670474e-05+4.49455821847e-06j),(-3.88738235218e-05+3.99326279214e-06j),(-3.01272275192e-05+2.54499061251e-06j),(-2.46180479838e-05+1.7683784184e-06j),(-2.10081625228e-05+1.26324073421e-06j),(-1.82364435869e-05+8.33223854241e-07j),(-1.60572129919e-05+5.03478739722e-07j),(-1.43334165517e-05+2.86669017726e-07j),(-1.29779567091e-05+1.07048129363e-07j),(-1.19126628089e-05-4.30980584256e-08j),(-1.10653713623e-05-3.26816008894e-08j),(-1.0201647447e-05-7.08526991965e-08j),(-9.37186258305e-06-7.89245053009e-08j),(-8.72415966814e-06-1.59132468595e-07j),(-8.15238969016e-06-1.35374751708e-07j),(-7.72275994244e-06-1.7437135527e-07j),(-7.38357027921e-06-2.37036736282e-07j),(-7.06818448221e-06-2.98557971192e-07j),(-6.72476379784e-06-3.02042246531e-07j),
