Healthy,,(7.95014962594e-11+0.000233982618454j),(-6.18039806695e-05+1.36791898721e-05j),(-3.17297238469e-05+6.44534765825e-06j),(-2.30562921316e-05+4.56437225369e-06j),(-1.80912630158e-05+2.72787581036e-06j),(-1.48644854326e-05+1.89838113919e-06j),(-1.25201259118e-05+1.21935445309e-06j),(-1.07802427561e-05+8.87753175951e-07j),(-9.59204850865e-06+5.85574576024e-07j),(-8.54854416081e-06+6.04540830033e-07j),(-7.79376929378e-06+5.39766469426e-07j),(-7.05269096354e-06+4.84061128425e-07j),(-6.51930824706e-06+3.03481026049e-07j),(-6.06991245205e-06+1.22195271111e-07j),(-5.65646783452e-06+3.76969924299e-08j),(-5.31251563337e-06-5.24794996979e-09j),(-5.01406642245e-06+1.28046113277e-09j),(-4.71515053973e-06+6.32328027999e-08j),(-4.45051533397e-06-5.24520282134e-09j),(-4.27247954389e-06-2.58614117725e-08j),(-4.0525290505e-06-5.17630865342e-08j),
Healthy,,(9.96127182045e-11+0.000285801084788j),(-7.31899035916e-05+9.95881077596e-06j),(-3.42875227888e-05+4.76108015205e-06j),(-2.51236984065e-05+4.13593512552e-06j),(-1.96482783191e-05+2.45342870658e-06j),(-1.61652496211e-05+1.71324281496e-06j),(-1.36496215055e-05+1.05250322832e-06j),(-1.18047265213e-05+7.50210540422e-07j),(-1.04629172421e-05+4.54619700227e-07j),(-9.31392404375e-06+4.51612263219e-07j),(-8.49309945564e-06+4.10092152183e-07j),(-7.69846203532e-06+3.66551371699e-07j),(-7.1067870876e-06+2.09935045154e-07j),(-6.60979127124e-06+3.8810399633e-09j),(-6.14222899551e-06-6.58501044049e-08j),(-5.77934124003e-06-1.29365336007e-07j),(-5.41973575704e-06-1.06062202919e-07j),(-5.12996862421e-06-9.44787409103e-08j),(-4.83651745434e-06-1.74885949853e-07j),(-4.64350458323e-06-1.99049850605e-07j),(-4.42024510265e-06-2.34322322599e-07j),
Healthy,,(1.08863466334e-10+0.000306882369077j),(-8.16479777637e-05+1.10541492848e-05j),(-3.78333638562e-05+4.54319950563e-06j),(-2.77410291664e-05+4.22482356024e-06j),(-2.15358339123e-05+2.46664617086e-06j),(-1.76949576469e-05+1.74859428597e-06j),(-1.49806350381e-05+1.06669062637e-06j),(-1.29165921738e-05+7.55195564342e-07j),(-1.14541298497e-05+4.74314833648e-07j),(-1.02100665928e-05+4.71695023936e-07j),(-9.29169307934e-06+4.25516552363e-07j),(-8.39227731826e-06+3.6469510665e-07j),(-7.73783693467e-06+2.13427436398e-07j),(-7.17723869187e-06-7.15880328582e-11j),(-6.71057274212e-06-9.68950852061e-08j),(-6.31687459179e-06-1.2975723109e-07j),(-5.91713957126e-06-1.29060016319e-07j),(-5.58621516021e-06-8.87101912383e-08j),(-5.3067938201e-06-1.57821781241e-07j),(-5.08555142865e-06-1.66216851518e-07j),(-4.84708787657e-06-1.81311167247e-07j),
Cancer,,(1.31217730673e-11+9.1946298005e-06j),(-3.70915014585e-06+7.17742626467e-06j),(-4.7097114386e-06+4.41085751936e-06j),(-4.30347975788e-06+2.71944962059e-06j),(-3.56379670536e-06+1.59078561343e-06j),(-3.1119055794e-06+1.1918156084e-06j),(-2.68358204403e-06+7.22100772282e-07j),(-2.27757564714e-06+5.57797471817e-07j),(-2.14759831834e-06+3.94702181155e-07j),(-1.85445792917e-06+4.70716896808e-07j),(-1.7266325994e-06+4.71905351936e-07j),(-1.49732102398e-06+4.24824054022e-07j),(-1.39537900622e-06+3.08699285151e-07j),(-1.33339155832e-06+1.13249270596e-07j),(-1.2737441786e-06+4.34933299627e-08j),(-1.23158375624e-06-1.44598135498e-08j),(-1.17562844811e-06+5.44202775792e-08j),(-1.11703505394e-06+9.16415914037e-08j),(-1.0485336491e-06+4.99559596735e-08j),(-1.00685179486e-06+6.91540623439e-08j),(-1.00014752649e-06+2.88689160429e-08j),
Cancer,,(9.61354114713e-12+9.46245762095e-06j),(-3.69102064621e-06+7.42633408467e-06j),(-4.68992255294e-06+4.64761537247e-06j),(-4.27501298636e-06+2.93196688533e-06j),(-3.51931382282e-06+1.77668388819e-06j),(-3.07820763586e-06+1.38003634294e-06j),(-2.62340720342e-06+8.76222452522e-07j),(-2.24650403723e-06+7.15182325146e-07j),(-2.08059644925e-06+5.38389584571e-07j),(-1.82610060298e-06+6.13209098274e-07j),(-1.70326939026e-06+6.1228063784e-07j),(-1.4481743835e-06+5.83491315156e-07j),(-1.36909033014e-06+4.36420781952e-07j),(-1.29396079651e-06+2.81101955048e-07j),(-1.24787163668e-06+1.84389869258e-07j),(-1.19930092879e-06+1.9623823842e-07j),(-1.13296015241e-06+2.37666313512e-07j),(-1.06886087174e-06+2.6338715024e-07j),(-9.81276873827e-07+2.47035727262e-07j),(-9.83211722428e-07+2.26215044129e-07j),(-9.18270685335e-07+2.26628315008e-07j),
Healthy,,(1.62817331671e-11+2.30370802993e-05j),(-9.18327601524e-06+7.30658447623e-06j),(-6.39435194897e-06+4.83502891545e-06j),(-5.60152641686e-06+2.97718482209e-06j),(-4.50375027422e-06+1.81653674737e-06j),(-3.8679461355e-06+1.3740409377e-06j),(-3.27916532976e-06+8.49951325238e-07j),(-2.80646638172e-06+6.91033616504e-07j),(-2.60444669793e-06+4.96524829648e-07j),(-2.29839362167e-06+5.84117185823e-07j),(-2.11587987512e-06+5.90088551279e-07j),(-1.83165748046e-06+5.64565592024e-07j),(-1.70530484528e-06+4.3475572195e-07j),(-1.58320106458e-06+2.53124335571e-07j),(-1.48470049613e-06+1.90399332866e-07j),(-1.41891140897e-06+1.4048239109e-07j),(-1.34248230989e-06+1.73853120398e-07j),(-1.25982769404e-06+1.79976205174e-07j),(-1.17703476201e-06+1.36336474724e-07j),(-1.1491123716e-06+1.3457842712e-07j),(-1.10302310392e-06+1.19196740856e-07j),
Healthy,,(8.60374064838e-11+0.000251041683292j),(-6.39430725635e-05+8.62098208698e-06j),(-3.01283921485e-05+5.13732181627e-06j),(-2.22866019285e-05+4.17569108584e-06j),(-1.74559055377e-05+2.60912800926e-06j),(-1.44265375055e-05+1.80924632949e-06j),(-1.21863281114e-05+1.23791585124e-06j),(-1.05324270132e-05+9.26709904034e-07j),(-9.35987835662e-06+6.67644309858e-07j),(-8.31779207983e-06+6.87380136555e-07j),(-7.58430557546e-06+6.4184101647e-07j),(-6.82393880685e-06+5.89124104877e-07j),(-6.28947249793e-06+4.41192264841e-07j),(-5.85126724993e-06+2.34077881756e-07j),(-5.43629779309e-06+1.56221099629e-07j),(-5.1322830939e-06+1.26843413774e-07j),(-4.77158978567e-06+1.30315874429e-07j),(-4.5029129885e-06+1.54765718598e-07j),(-4.23135300922e-06+6.78365757993e-08j),(-4.06577797399e-06+5.53344237653e-08j),(-3.88678524708e-06+2.08003298523e-08j),
Healthy,,(9.2993765586e-11+0.000267983491272j),(-6.50432581033e-05+7.47651455152e-06j),(-3.09853099072e-05+4.73248570194e-06j),(-2.2683986829e-05+4.06163396632e-06j),(-1.77687328118e-05+2.43498516164e-06j),(-1.46458100226e-05+1.74417759851e-06j),(-1.23739342405e-05+1.10361835948e-06j),(-1.0654136344e-05+8.13208311458e-07j),(-9.45843405243e-06+5.19679133659e-07j),(-8.43063843059e-06+5.65045864483e-07j),(-7.69076362138e-06+5.05599855324e-07j),(-6.92366967175e-06+4.5924120268e-07j),(-6.3802177112e-06+2.92694706351e-07j),(-5.93384188185e-06+1.06114228517e-07j),(-5.53032845634e-06+1.63089253846e-08j),(-5.18747566783e-06-3.40614525272e-08j),(-4.85512906432e-06-2.07816664866e-08j),(-4.58813931839e-06-2.19249276558e-08j),(-4.30126295293e-06-1.01452954912e-07j),(-4.15325216554e-06-1.27297686294e-07j),(-3.99835563945e-06-1.77806942752e-07j),
Cancer,,(1.38184663342e-11+3.11962743142e-05j),(-1.42178369859e-05+7.70012813551e-06j),(-7.89936293202e-06+4.79882086637e-06j),(-6.81694056693e-06+3.09594434935e-06j),(-5.50539284001e-06+1.78280219552e-06j),(-4.68659680301e-06+1.31222604261e-06j),(-4.03832188044e-06+7.93548792536e-07j),(-3.45959877114e-06+6.18842911331e-07j),(-3.16476388712e-06+4.10250852537e-07j),(-2.77072126846e-06+4.60813704322e-07j),(-2.55247939405e-06+4.59052463526e-07j),(-2.24217601112e-06+3.98895730149e-07j),(-2.09932894799e-06+2.9621603642e-07j),(-1.95346103498e-06+1.02703375131e-07j),(-1.83313906846e-06+2.59173589117e-08j),(-1.7567869269e-06+1.7014429584e-08j),(-1.6578420026e-06+3.42227913859e-08j),(-1.55253195745e-06+9.57271440147e-08j),(-1.4299461801e-06+4.44051808215e-08j),(-1.40772906709e-06+4.1242471539e-08j),(-1.34802353221e-06+6.04696872733e-09j),
Cancer,,(8.87873316708e-12+9.4355534414e-06j),(-3.67476607855e-06+7.4255926404e-06j),(-4.65822704882e-06+4.63555479605e-06j),(-4.21717054548e-06+2.90892721475e-06j),(-3.47766425925e-06+1.78690525218e-06j),(-3.04640177089e-06+1.34574422824e-06j),(-2.62614504445e-06+8.39567790617e-07j),(-2.24205297068e-06+6.95790092349e-07j),(-2.10948848007e-06+5.37534641315e-07j),(-1.81728526353e-06+6.27396510544e-07j),(-1.67915241116e-06+6.30143189102e-07j),(-1.43613380091e-06+6.02288941258e-07j),(-1.32380349237e-06+4.76956119943e-07j),(-1.23805655369e-06+2.85507168604e-07j),(-1.15487535744e-06+2.05350205912e-07j),(-1.13282516024e-06+1.53830096491e-07j),(-1.06955656257e-06+2.02193008062e-07j),(-9.99545523321e-07+2.16939322691e-07j),(-9.16611397616e-07+1.71231455084e-07j),(-9.01650301664e-07+1.42258145477e-07j),(-8.87401512991e-07+1.3217035098e-07j),
Healthy,,(3.6166882793e-11+0.000120055972569j),(-3.56021402214e-05+9.2806519588e-06j),(-1.85717146241e-05+5.66952209358e-06j),(-1.45277781316e-05+3.90703323241e-06j),(-1.13242384565e-05+2.28579623483e-06j),(-9.43967395012e-06+1.69542827293e-06j),(-7.95850451404e-06+1.03743120914e-06j),(-6.89397695134e-06+8.31823510036e-07j),(-6.16590968954e-06+6.67898763789e-07j),(-5.46672182005e-06+7.14515940327e-07j),(-4.9836285457e-06+6.8843485754e-07j),(-4.44272853767e-06+6.80918475873e-07j),(-4.10280235866e-06+5.38389663164e-07j),(-3.79225104621e-06+3.05524510427e-07j),(-3.52882141878e-06+2.07216625987e-07j),(-3.3426935501e-06+1.60428234618e-07j),(-3.11096468692e-06+1.93441386249e-07j),(-2.93731159921e-06+2.55211958265e-07j),(-2.7514683944e-06+1.62939624567e-07j),(-2.69142323952e-06+1.44834312828e-07j),(-2.56319261695e-06+1.06359681787e-07j),
Healthy,,(7.20359975062e-11+0.000202666945137j),(-5.41645560597e-05+7.10957594513e-06j),(-2.66030123317e-05+5.0563264752e-06j),(-1.96164149638e-05+3.8724707337e-06j),(-1.52670497534e-05+2.31295574078e-06j),(-1.265835371e-05+1.68130226255e-06j),(-1.06825559026e-05+1.07514637106e-06j),(-9.22902348848e-06+7.90753215974e-07j),(-8.22996076744e-06+5.39222375398e-07j),(-7.34842505226e-06+5.74334438769e-07j),(-6.7030835821e-06+5.51374683917e-07j),(-6.07579534348e-06+5.1423370307e-07j),(-5.62922156999e-06+3.95707464374e-07j),(-5.22898981875e-06+2.33847058182e-07j),(-4.88746030324e-06+1.7718387746e-07j),(-4.57118385691e-06+1.52947398589e-07j),(-4.26799930889e-06+1.79193457308e-07j),(-4.00274407366e-06+1.92879918733e-07j),(-3.79608533634e-06+1.41820904984e-07j),(-3.64969249223e-06+1.01806067486e-07j),(-3.49486835246e-06+8.73431109611e-08j),
Healthy,,(1.02250124688e-10+0.0002914590399j),(-7.47361176869e-05+8.07894111414e-06j),(-3.50743994972e-05+4.58869652714e-06j),(-2.53960808908e-05+4.02562732576e-06j),(-1.98163736702e-05+2.41065885988e-06j),(-1.62841257595e-05+1.7312306535e-06j),(-1.37367901513e-05+1.12583710593e-06j),(-1.18483057755e-05+8.6647855558e-07j),(-1.05655375485e-05+6.24694723409e-07j),(-9.42006700218e-06+6.67217426234e-07j),(-8.57216405451e-06+6.43535937704e-07j),(-7.71789904099e-06+5.8693907637e-07j),(-7.10790461303e-06+4.33411864304e-07j),(-6.57654935203e-06+2.34598283709e-07j),(-6.11270762623e-06+1.85734823163e-07j),(-5.73385019384e-06+1.43825084774e-07j),(-5.3518762795e-06+1.70180777111e-07j),(-5.04675421671e-06+1.61320489156e-07j),(-4.74144193353e-06+1.19321528917e-07j),(-4.53410445133e-06+7.0552031394e-08j),(-4.32045926988e-06+2.4755620267e-08j),
Healthy,,(5.98779800499e-11+0.000164912381546j),(-5.10207550028e-05+5.14232384644e-06j),(-2.20868745457e-05+4.69233092646e-06j),(-1.67309749286e-05+3.26813924199e-06j),(-1.29799534697e-05+2.01881012496e-06j),(-1.07388331225e-05+1.48592756692e-06j),(-9.04960720576e-06+9.35862320899e-07j),(-7.80132098773e-06+7.32007392413e-07j),(-6.97444474566e-06+4.75091569632e-07j),(-6.20582368695e-06+5.50638509268e-07j),(-5.6775019519e-06+5.49249740611e-07j),(-5.09914640667e-06+5.34718111827e-07j),(-4.70460152747e-06+4.24290929807e-07j),(-4.3720911279e-06+2.53413926063e-07j),(-4.06559660291e-06+1.64635665262e-07j),(-3.82324958562e-06+1.28868710996e-07j),(-3.57340992279e-06+1.20861035245e-07j),(-3.37683392054e-06+1.53218048229e-07j),(-3.18774949918e-06+9.67072259873e-08j),(-3.08669167633e-06+8.03593755778e-08j),(-2.97109305116e-06+8.4939088928e-08j),
Cancer,,(2.95496508728e-11+8.40129800499e-05j),(-2.93113267805e-05+7.84024897734e-06j),(-1.45627182488e-05+4.99393512254e-06j),(-1.16475745564e-05+3.3385300697e-06j),(-9.10096655981e-06+1.99972224067e-06j),(-7.55985384583e-06+1.45180089283e-06j),(-6.3977192007e-06+9.485823257e-07j),(-5.53757043435e-06+7.43208876111e-07j),(-4.97637077091e-06+5.30204902814e-07j),(-4.38341726372e-06+6.14036594739e-07j),(-4.01973914409e-06+5.85733396955e-07j),(-3.57550506511e-06+5.34030168387e-07j),(-3.28537230584e-06+4.3502996278e-07j),(-3.0645112198e-06+2.29665484082e-07j),(-2.89391680324e-06+1.65220067503e-07j),(-2.71653322928e-06+1.25345051776e-07j),(-2.56591285085e-06+1.15677349571e-07j),(-2.41308946011e-06+1.6775600123e-07j),(-2.28232379287e-06+1.08152280816e-07j),(-2.22246933609e-06+1.06454641576e-07j),(-2.13224163969e-06+8.38861373892e-08j),
Healthy,,(8.31504987531e-11+0.000234362468828j),(-5.60976532353e-05+8.65564827203e-06j),(-2.878883474e-05+5.96550193042e-06j),(-2.12622460616e-05+4.26315597075e-06j),(-1.67056801448e-05+2.44063525746e-06j),(-1.37872104353e-05+1.66107974942e-06j),(-1.16448614016e-05+9.98562375178e-07j),(-1.00471853629e-05+6.96420479925e-07j),(-8.95748771724e-06+4.1183267504e-07j),(-7.9755711099e-06+4.54539926011e-07j),(-7.27788997602e-06+3.82779163274e-07j),(-6.56625429941e-06+3.41238553451e-07j),(-6.07146946136e-06+1.91384340181e-07j),(-5.63966314763e-06+6.09352573684e-09j),(-5.26425372665e-06-5.75038306979e-08j),(-4.95897912238e-06-1.08092579925e-07j),(-4.65229199669e-06-1.12485242029e-07j),(-4.41418065386e-06-7.29651716541e-08j),(-4.19307626775e-06-1.58714522052e-07j),(-4.032546651e-06-1.56741781532e-07j),(-3.86940199356e-06-1.65478696625e-07j),
Healthy,,(7.40396508728e-11+0.000195506421446j),(-4.32834657314e-05+7.73051133665e-06j),(-2.42647728331e-05+7.39992341537e-06j),(-1.86729987021e-05+4.47810945492e-06j),(-1.45868156066e-05+2.48409833578e-06j),(-1.19827096054e-05+1.77080258076e-06j),(-1.01130086542e-05+1.10123210409e-06j),(-8.68824168316e-06+8.35323806869e-07j),(-7.74570584652e-06+5.22336942256e-07j),(-6.91338697989e-06+5.73649433309e-07j),(-6.30654106578e-06+5.4448712212e-07j),(-5.68945738905e-06+4.79990692891e-07j),(-5.25458496744e-06+3.43033500486e-07j),(-4.89147212018e-06+1.42438718709e-07j),(-4.55044076261e-06+4.93762278163e-08j),(-4.28828521229e-06+1.19172847182e-08j),(-4.03798113877e-06+2.13643408092e-08j),(-3.78856223793e-06+7.26559369419e-08j),(-3.59397606513e-06+4.27880534281e-09j),(-3.45188318638e-06-5.60092161388e-09j),(-3.28838821346e-06-1.88791330263e-08j),
Healthy,,(8.66153366584e-11+0.000258594089776j),(-6.98330316663e-05+1.27069149305e-05j),(-3.33731425326e-05+4.77166092126e-06j),(-2.40869320953e-05+4.09385799806e-06j),(-1.88568735222e-05+2.39171607284e-06j),(-1.54688301554e-05+1.6546726395e-06j),(-1.31028369199e-05+1.0467211641e-06j),(-1.1313116022e-05+7.52377270314e-07j),(-1.0053820309e-05+4.89755800964e-07j),(-8.96746719747e-06+5.00523682422e-07j),(-8.14916457692e-06+4.49949589129e-07j),(-7.35880034583e-06+3.87425175067e-07j),(-6.78507563851e-06+2.27319322629e-07j),(-6.26309801729e-06+2.90310221586e-08j),(-5.84628846855e-06-6.01205734918e-08j),(-5.51301315602e-06-1.32244418544e-07j),(-5.18524693104e-06-1.34723300139e-07j),(-4.92433102118e-06-9.81168083633e-08j),(-4.66315619755e-06-1.68873610123e-07j),(-4.49652207165e-06-1.64404461624e-07j),(-4.27735791662e-06-1.79457926513e-07j),
Healthy,,(1.05611221945e-10+0.000282476296758j),(-6.34641019073e-05+7.72025766462e-06j),(-3.05078263225e-05+4.04657770986e-06j),(-2.26938854153e-05+3.79776674594e-06j),(-1.77168609975e-05+2.26142446138e-06j),(-1.45919736532e-05+1.62707840662e-06j),(-1.23448560301e-05+1.00308785325e-06j),(-1.06258688995e-05+7.05278554177e-07j),(-9.48231112927e-06+4.50023275264e-07j),(-8.44611312988e-06+4.75902250396e-07j),(-7.6743281335e-06+4.19907100186e-07j),(-6.95014438268e-06+4.02863293734e-07j),(-6.40122957298e-06+2.56305719027e-07j),(-5.96870666723e-06+6.99390962911e-08j),(-5.56365024565e-06-1.10111923968e-08j),(-5.22197001543e-06-6.45616067184e-08j),(-4.90763397798e-06-3.92676626597e-08j),(-4.62251586842e-06-2.78473099567e-08j),(-4.37517124436e-06-7.23072627732e-08j),(-4.19859116561e-06-1.28043072913e-07j),(-4.0243940036e-06-1.37593864722e-07j),
Healthy,,(9.96770573566e-11+0.000250255835411j),(-4.78150216716e-05+5.90635210061e-06j),(-2.66454002437e-05+5.43397316876e-06j),(-1.99562202466e-05+4.15346835465e-06j),(-1.57013726941e-05+2.49091424531e-06j),(-1.29710698795e-05+1.76308536966e-06j),(-1.09601419995e-05+1.12848966144e-06j),(-9.43235591258e-06+8.68183502196e-07j),(-8.40940562155e-06+6.18675477579e-07j),(-7.45929517275e-06+6.22950646171e-07j),(-6.81578769917e-06+5.98580028422e-07j),(-6.12389704276e-06+5.76176705445e-07j),(-5.65437387727e-06+4.30372208449e-07j),(-5.23888106322e-06+2.27925988563e-07j),(-4.87747150249e-06+1.7065816948e-07j),(-4.58861454872e-06+1.11924673931e-07j),(-4.25694449097e-06+1.33106574516e-07j),(-4.00340411244e-06+1.38561205833e-07j),(-3.77130042672e-06+8.21147092594e-08j),(-3.61837750794e-06+4.15532846584e-08j),(-3.45254995479e-06+2.49432823594e-08j),
Healthy,,(1.01780548628e-10+0.000259130399002j),(-4.99092637018e-05+5.6842949205e-06j),(-2.7329266961e-05+5.25417673598e-06j),(-2.03286478922e-05+4.14789405106e-06j),(-1.59778552639e-05+2.49503360073e-06j),(-1.31658034904e-05+1.79640457936e-06j),(-1.11120043544e-05+1.1476741352e-06j),(-9.57774355149e-06+8.65748015595e-07j),(-8.52344567851e-06+5.92872162127e-07j),(-7.55358922131e-06+6.22130518431e-07j),(-6.89716127548e-06+5.68930995071e-07j),(-6.21683983079e-06+5.13696723531e-07j),(-5.77492845851e-06+3.70633634198e-07j),(-5.34787451771e-06+1.75373380515e-07j),(-5.00886409361e-06+1.18132054935e-07j),(-4.70656700172e-06+7.30988914046e-08j),(-4.40608795806e-06+1.04222900237e-07j),(-4.12906879196e-06+1.52580122373e-07j),(-3.88354636732e-06+7.02679360076e-08j),(-3.71912347772e-06+5.73910283276e-08j),(-3.54820457167e-06+2.0183819186e-08j),
Healthy,,(1.00761845387e-10+0.000252348154613j),(-4.83645386655e-05+1.3341057653e-06j),(-2.62979348174e-05+5.20339126647e-06j),(-1.95766929483e-05+3.98857409734e-06j),(-1.53858939833e-05+2.44970101427e-06j),(-1.27129916507e-05+1.79374001572e-06j),(-1.07531729208e-05+1.18024121649e-06j),(-9.26568888106e-06+9.22193161487e-07j),(-8.22680016968e-06+6.50329676122e-07j),(-7.30569882298e-06+6.43490910971e-07j),(-6.63391758359e-06+5.84777794868e-07j),(-5.98143044845e-06+5.24666219758e-07j),(-5.56514324603e-06+3.65386137802e-07j),(-5.16484851919e-06+1.70290004698e-07j),(-4.84111483926e-06+9.93158232999e-08j),(-4.55513421288e-06+4.24284916908e-08j),(-4.27292306046e-06+5.53695310054e-08j),(-4.01247693039e-06+1.01870289128e-07j),(-3.79227698035e-06+4.21659907744e-08j),(-3.65279234466e-06+2.55748859629e-08j),(-3.45897490433e-06+1.70707430764e-08j),
Healthy,,(6.08942144638e-12+1.613630798e-05j),(-9.89847762555e-06+6.74601185946e-06j),(-5.63409481604e-06+2.09288163541e-07j),(-3.13844150354e-06+5.66254935625e-07j),(-2.58260569012e-06+3.2494955341e-07j),(-2.23791779907e-06+1.79233297885e-07j),(-1.86465801112e-06-9.58178611494e-08j),(-1.58144890285e-06-9.17438815897e-08j),(-1.4884401373e-06-1.3492696895e-07j),(-1.31855630141e-06+2.01364566061e-08j),(-1.23323820187e-06+8.26297064226e-08j),(-9.59985132877e-07+6.94407248122e-08j),(-8.91318429922e-07+3.50928198976e-08j),(-8.35665491069e-07-1.0177038862e-07j),(-8.02638891168e-07-1.89175265099e-07j),(-8.24165494187e-07-1.69093344721e-07j),(-7.73727431242e-07-1.46364122897e-07j),(-7.346201811e-07-1.06648502861e-07j),(-6.62573422861e-07-1.37732084861e-07j),(-6.56201423555e-07-1.07150317383e-07j),(-6.23939649393e-07-1.05217915699e-07j),
Healthy,,(9.84733167082e-11+0.000258132705736j),(-5.56385160335e-05+3.88803508097e-06j),(-2.87702786543e-05+5.38504747542e-06j),(-2.14106453028e-05+4.10513091754e-06j),(-1.67686168573e-05+2.45003759313e-06j),(-1.38553011572e-05+1.75752227278e-06j),(-1.17294208171e-05+1.10058987972e-06j),(-1.01292609706e-05+7.92625013484e-07j),(-9.00219688288e-06+5.27299860555e-07j),(-8.01153039896e-06+5.37934535592e-07j),(-7.31523790623e-06+5.00472403362e-07j),(-6.61250376479e-06+4.46782521405e-07j),(-6.12883964935e-06+2.91596197699e-07j),(-5.71873333198e-06+9.40141280623e-08j),(-5.33463644347e-06+6.52223222163e-08j),(-5.01085588213e-06+3.51023036952e-08j),(-4.67288408446e-06+7.06686872216e-08j),(-4.40269765624e-06+8.28033223731e-08j),(-4.1486269864e-06+9.515341399e-09j),(-3.96492914893e-06-1.36987089312e-08j),(-3.78353528855e-06-4.03070457593e-08j),
Healthy,,(7.29827930175e-11+0.000191536084788j),(-3.94772883169e-05+3.97942404294e-06j),(-2.19473585747e-05+4.81781445268e-06j),(-1.64925696831e-05+3.59663475153e-06j),(-1.28753275422e-05+2.19538090469e-06j),(-1.07003752374e-05+1.59216300448e-06j),(-9.01767946043e-06+9.88815935626e-07j),(-7.79649035126e-06+7.10877054269e-07j),(-6.98047618293e-06+4.58982916618e-07j),(-6.17943301805e-06+5.06482828017e-07j),(-5.64181398246e-06+4.67693290488e-07j),(-5.05182426893e-06+4.42489040272e-07j),(-4.65901891684e-06+2.94751941912e-07j),(-4.33657027033e-06+7.40681236594e-08j),(-4.06576661858e-06+2.3207587125e-08j),(-3.83924764131e-06-4.0450326243e-08j),(-3.60079598925e-06-3.00621198937e-08j),(-3.3964457935e-06+9.71023059865e-09j),(-3.20543111758e-06-4.82084814766e-08j),(-3.11007456371e-06-5.69290501253e-08j),(-2.96087111488e-06-8.05215524392e-08j),
Healthy,,(1.09846134663e-10+0.000277514064838j),(-5.70419145531e-05-5.5890677635e-07j),(-2.89385495848e-05+4.30203818238e-06j),(-2.12618489471e-05+3.440344918e-06j),(-1.66127719048e-05+2.02107084808e-06j),(-1.37479402873e-05+1.43424901339e-06j),(-1.16266493942e-05+8.42123309858e-07j),(-1.00393974328e-05+5.75832966121e-07j),(-8.92918736351e-06+3.24466337112e-07j),(-7.92154702207e-06+3.35097368808e-07j),(-7.23240105022e-06+2.69002292991e-07j),(-6.57038240684e-06+2.28876071746e-07j),(-6.08209459656e-06+9.31767591058e-08j),(-5.66548842842e-06-6.37511570404e-08j),(-5.29378585672e-06-1.26189942771e-07j),(-4.97321927891e-06-1.46601558811e-07j),(-4.64331062576e-06-1.20297290094e-07j),(-4.35504717822e-06-1.07071561786e-07j),(-4.11076414763e-06-1.86890196273e-07j),(-3.95550046224e-06-2.18817267237e-07j),(-3.78539072697e-06-2.37033952304e-07j),
Healthy,,(1.12167456359e-10+0.000285338216958j),(-6.20024881959e-05+1.58420864082e-06j),(-3.10816508325e-05+4.19031386935e-06j),(-2.26203706659e-05+3.58241060657e-06j),(-1.76407708375e-05+2.08063830358e-06j),(-1.45840390778e-05+1.47999703988e-06j),(-1.23339045659e-05+8.65692825549e-07j),(-1.06524031332e-05+6.08548674812e-07j),(-9.48364630891e-06+3.58546357857e-07j),(-8.4578552441e-06+3.85970035719e-07j),(-7.70198430891e-06+3.34729181391e-07j),(-6.93974480263e-06+2.77699544139e-07j),(-6.41440536592e-06+1.40211599395e-07j),(-5.98043218933e-06-5.21422081086e-08j),(-5.58536705662e-06-1.11549681805e-07j),(-5.25755855452e-06-1.49776518748e-07j),(-4.94007865807e-06-1.22005414595e-07j),(-4.64938719999e-06-8.49911007547e-08j),(-4.39592512225e-06-1.33105636411e-07j),(-4.2175043831e-06-1.37416541263e-07j),(-4.02215654291e-06-1.4548084494e-07j),
Healthy,,(9.53737905237e-11+0.000226886533666j),(-4.55721340816e-05+2.60040819816e-07j),(-2.26834826651e-05+3.70604176902e-06j),(-1.70096608999e-05+3.0743177247e-06j),(-1.32333820116e-05+1.87048634349e-06j),(-1.09887739363e-05+1.40197032004e-06j),(-9.31093622353e-06+8.95537755011e-07j),(-8.02269112338e-06+7.08807064532e-07j),(-7.16361084643e-06+4.65891628957e-07j),(-6.3382306995e-06+5.45444896483e-07j),(-5.79364221634e-06+5.16949548757e-07j),(-5.18747494862e-06+4.83170899851e-07j),(-4.81187362064e-06+3.7104512283e-07j),(-4.45724980224e-06+2.13621598201e-07j),(-4.13318111586e-06+1.06841446123e-07j),(-3.89994473133e-06+5.73769766704e-08j),(-3.64110411361e-06+7.27820568351e-08j),(-3.41933518124e-06+1.01823752125e-07j),(-3.22760891732e-06+4.51325739531e-08j),(-3.10519837921e-06+1.62791251456e-08j),(-2.95414324947e-06-1.15676518583e-08j),
Healthy,,(1.05891895262e-10+0.000292184738155j),(-6.86835037605e-05+6.96297228093e-06j),(-3.3978852756e-05+5.00086946358e-06j),(-2.46681236152e-05+4.10805178789e-06j),(-1.92275472457e-05+2.54508586554e-06j),(-1.57984138938e-05+1.85655764315e-06j),(-1.33577231563e-05+1.2015322342e-06j),(-1.15158442368e-05+8.82337035009e-07j),(-1.02433282252e-05+6.15604061385e-07j),(-9.11240189787e-06+6.53647562812e-07j),(-8.26728628127e-06+5.93151073099e-07j),(-7.48529820261e-06+5.63589807042e-07j),(-6.92181954781e-06+4.35231319048e-07j),(-6.41176635508e-06+2.56038651286e-07j),(-5.95766670026e-06+1.66826119839e-07j),(-5.57267819286e-06+1.16698187766e-07j),(-5.18512558436e-06+1.28678746587e-07j),(-4.87165337598e-06+1.38849680505e-07j),(-4.58341033266e-06+7.78411239984e-08j),(-4.37917296453e-06+3.02875897454e-08j),(-4.16392715175e-06-2.33762797518e-08j),
Healthy,,(1.09232418953e-10+0.000270248054863j),(-5.56115197514e-05-8.57198923156e-07j),(-2.77120037116e-05+3.6109583447e-06j),(-2.05552006422e-05+3.13364779977e-06j),(-1.59771965315e-05+1.8575324289e-06j),(-1.32002763805e-05+1.32618073068e-06j),(-1.11580998274e-05+7.5052043477e-07j),(-9.63230733298e-06+5.11741101739e-07j),(-8.58282353801e-06+2.96084893923e-07j),(-7.60226125932e-06+3.12232389471e-07j),(-6.9422896317e-06+2.67606164751e-07j),(-6.23244570124e-06+2.31087101789e-07j),(-5.78594917712e-06+8.14646602376e-08j),(-5.39998159144e-06-1.14510759588e-07j),(-5.0592260566e-06-1.67430977068e-07j),(-4.78269655771e-06-2.0309169684e-07j),(-4.45602815816e-06-1.81847946481e-07j),(-4.20514330492e-06-1.41425626978e-07j),(-3.997333765e-06-2.19368616338e-07j),(-3.82951226522e-06-2.44753359776e-07j),(-3.64944455408e-06-2.41446946028e-07j),
