0 mM,,(1.32681974564e-11+2.5923616409e-07j),(-7.05142442113e-08+1.86745130728e-07j),(8.52322627151e-09+2.32907600583e-07j),(-4.24602347998e-09+1.25431271612e-07j),(-2.91066396709e-08+2.9823628766e-07j),(1.1995894626e-08+3.00634604718e-07j),(2.28433226504e-07+3.92698478359e-07j),(3.2541428926e-07+2.60230159021e-07j),(3.51204302594e-07+1.27429139932e-07j),(2.76233831701e-07+6.05011885226e-08j),(2.43856185431e-07-3.04521716026e-08j),(1.22409206539e-07-7.27854530609e-08j),(5.20983286331e-08-8.38802237466e-08j),(-3.88400988499e-09-3.89123539238e-08j),(-7.03492486595e-09+1.73503240471e-08j),(5.95000608469e-09+1.65326672041e-08j),(-4.45451691839e-08+2.95967627944e-08j),(-5.57613611081e-08+6.70683196912e-08j),(-6.39832120039e-08+1.16397427937e-07j),(-3.60780782812e-08+2.01839033394e-07j),(5.02680504844e-08+2.18703955729e-07j),(1.33112458551e-07+1.6741904395e-07j),(1.4813599907e-07+1.08807111154e-07j),(1.18098049377e-07+7.67550192429e-08j),(9.74587910146e-08+7.47959783445e-08j),(1.10045965214e-07+8.00163831577e-08j),(1.11623101609e-07+8.23668968192e-08j),(1.4464236617e-07+5.83371531982e-08j),(1.38887476351e-07+3.88300714683e-08j),(1.08953079193e-07+1.06070074837e-08j),(9.60264373723e-08+1.97586664419e-08j),(6.62206355217e-08-5.62141618826e-09j),(8.59444907862e-08-9.7102063396e-10j),(7.08509906388e-08+1.49104383569e-08j),(6.4005974865e-08-6.48380135767e-09j),(3.38711158959e-08-2.50146094435e-09j),(5.3851043111e-08+2.38115061191e-09j),(3.15239943482e-08+2.54733148439e-08j),(4.35665687239e-08+5.44947983987e-09j),(1.74713998232e-08+9.58596686178e-09j),(2.44847907648e-09+6.04876285378e-08j),(2.69345580268e-08+6.37216182289e-08j),(4.06520238545e-08+9.20943641914e-08j),(6.59703598058e-08+4.77830007232e-08j),(4.83297050296e-08+2.74457034849e-08j),(3.49927282519e-08+5.41763950143e-08j),(2.48839195243e-08+6.31407509566e-08j),(4.01876836516e-08+4.72305867655e-08j),(4.11881134117e-08+3.49226216344e-08j),(-6.13783487184e-09+3.42847526676e-08j),(-2.15617032657e-08+5.93583015776e-08j),
0 mM,,(1.41735881047e-11+7.52937237656e-08j),(-6.91531863437e-08-7.20863846994e-09j),(2.79918043993e-08+5.5033949868e-08j),(1.05077725128e-08-3.47205221513e-08j),(-3.11644370711e-08+1.25001286387e-07j),(-3.34355544232e-08+1.06380648429e-07j),(1.64411034832e-07+2.13814078105e-07j),(2.34437680959e-07+1.35090072387e-07j),(2.82864624365e-07+2.34743831059e-08j),(2.30337859234e-07-5.87895666138e-08j),(1.89662990222e-07-1.51633183189e-07j),(9.97775450443e-08-2.00906786858e-07j),(2.15858953118e-08-2.29503393408e-07j),(-6.19422474724e-08-1.78706875414e-07j),(-7.34899589471e-08-1.21117407397e-07j),(-5.83944345147e-08-1.38934328752e-07j),(-1.23419203337e-07-8.96973234198e-08j),(-1.33999034573e-07-3.37629091666e-08j),(-1.54551340223e-07-1.16422297247e-08j),(-1.53114830511e-07+6.38376174642e-08j),(-5.14956170773e-08+1.32943403506e-07j),(1.32104441977e-08+7.72115353787e-08j),(1.73182506137e-08+2.89003743088e-08j),(4.16436552923e-09+1.87922201145e-08j),(-4.85138649682e-09+2.45658985383e-08j),(1.6964528928e-08+3.61930060376e-08j),(3.86679409445e-08+1.02484600623e-08j),(1.29135808385e-08-3.09187049396e-08j),(-2.92339288067e-09-4.41637099537e-08j),(-1.10195839386e-08-2.20392763231e-08j),(-6.5443512301e-09-2.95731740203e-08j),(-2.221876089e-08+4.57290706212e-09j),(-2.76780282793e-08-2.29473871799e-09j),(-4.9013744749e-08+1.40509472592e-08j),(-2.40459655529e-08+3.89522165544e-08j),(8.94158707559e-09+4.87660084822e-08j),(2.89230941821e-08+3.91948135122e-08j),(5.28428464185e-08-1.37125776381e-08j),(3.93940028631e-08-2.30692763713e-09j),(1.51979342767e-08-2.70563275936e-08j),(1.47678211725e-09-1.8317566569e-08j),(1.10110860967e-08-2.1999783932e-08j),(1.14920548947e-08-1.59748350638e-08j),(-5.71212384444e-10-2.47555507991e-08j),(-1.20458134668e-08-3.98920923436e-08j),(-1.80250279684e-08-2.01370165122e-08j),(-2.61179692207e-08-3.30873477682e-09j),(4.16453990539e-09-1.02587878927e-08j),(-4.16369169428e-09-2.74778115443e-08j),(-3.65627961181e-08-4.92298089526e-08j),(-5.88321389951e-08-2.41840950962e-08j),
0 mM,,(1.28188315087e-11+3.40721526185e-08j),(-4.27865083284e-08-3.79133081284e-08j),(4.94950754413e-09+2.7082121088e-08j),(-8.07855974146e-09-6.39084449287e-08j),(-6.30053192475e-08+1.0184127414e-07j),(-3.81948036619e-08+9.97890435739e-08j),(1.61205746463e-07+2.122315907e-07j),(2.27903795413e-07+7.10925128063e-08j),(2.33196424361e-07-1.8857836791e-08j),(1.76161391211e-07-5.447026469e-08j),(1.64492254835e-07-1.68887559049e-07j),(4.15480580402e-08-2.01035514155e-07j),(-4.70990401844e-08-1.98970769883e-07j),(-6.64770859936e-08-1.03594545885e-07j),(-6.54531590913e-08-9.69423265287e-08j),(-5.64938650229e-08-1.12247460233e-07j),(-1.27301215803e-07-6.59689744326e-08j),(-1.32625361894e-07-4.48951284583e-09j),(-1.29546060786e-07+6.33501496647e-09j),(-1.17809636096e-07+7.34781963832e-08j),(-4.36789345514e-08+1.05707341871e-07j),(2.57946695087e-08+4.22240144226e-08j),(1.43075880264e-09+1.35312202345e-08j),(6.01506030197e-09-2.22433792214e-08j),(-2.77362021378e-08-8.93879418709e-09j),(2.81118362786e-09+8.28024057991e-09j),(3.9606984931e-09+3.26176679802e-08j),(-8.93798771542e-09-2.70162942681e-09j),(-1.39741973385e-08-1.38698283776e-08j),(-2.35053147591e-08-3.97537176217e-08j),(-5.29673822384e-08-9.50930456162e-09j),(-8.72491872945e-08+4.55366740059e-08j),(-3.38896980042e-08+6.41565688579e-08j),(2.82418274931e-09+5.7356298987e-08j),(9.04176167751e-09+6.49096280201e-08j),(-7.94001655817e-10+6.83891028153e-08j),(3.51177964887e-08+7.50547034172e-08j),(7.79894577282e-08+6.40899066169e-08j),(8.4988806402e-08+8.79141929134e-09j),(7.26379952382e-08-2.33434790511e-08j),(3.33927086979e-08-7.64228968485e-08j),(1.09615397207e-08-4.4868782787e-08j),(-2.23747349822e-08-4.32580163288e-08j),(-7.63904551267e-09-1.07923962948e-08j),(1.68455551235e-08-1.54437121905e-09j),(3.31541464584e-08-2.70044977546e-08j),(2.61756651562e-08-2.84363834156e-08j),(3.24788540533e-08-3.78823881443e-08j),(3.25849825212e-09-6.59687666206e-08j),(9.242849245e-09-6.21775329226e-08j),(-1.58925450523e-09-6.59954016726e-08j),
0 mM,,(8.85910511222e-11+1.38389090349e-05j),(-5.16452278478e-06+3.55196336613e-06j),(-3.34838235564e-06+3.1311817757e-06j),(-2.90508766639e-06+2.15360891702e-06j),(-2.61875223865e-06+1.77462316466e-06j),(-2.28911322327e-06+1.47044001126e-06j),(-1.88179963437e-06+1.37811926862e-06j),(-1.61704454636e-06+1.06979166938e-06j),(-1.43325883179e-06+7.92987508883e-07j),(-1.30959440731e-06+5.79782248107e-07j),(-1.1658481255e-06+3.45831756265e-07j),(-1.18906405303e-06+2.04048692381e-07j),(-1.22366682134e-06+1.71902758531e-07j),(-1.24922869899e-06+2.12785539777e-07j),(-1.20011942496e-06+2.10796055645e-07j),(-1.09973604734e-06+1.61980570743e-07j),(-1.06708312075e-06+1.65716985426e-07j),(-1.03107070226e-06+2.10469883959e-07j),(-1.02329793422e-06+2.42710450929e-07j),(-9.97999136913e-07+3.02677028144e-07j),(-8.78788612478e-07+3.01155627446e-07j),(-7.81593062269e-07+2.20174702022e-07j),(-7.13952960884e-07+1.71968645317e-07j),(-6.89679397116e-07+1.35957945486e-07j),(-6.88580779052e-07+1.40479892466e-07j),(-6.21746590673e-07+1.80236912e-07j),(-6.05509019737e-07+1.40082704503e-07j),(-5.64993687575e-07+6.94720035086e-08j),(-5.29805626665e-07+1.97214944213e-08j),(-5.78356537992e-07+2.14808886467e-08j),(-5.5080075432e-07+3.10275624822e-08j),(-5.50757323032e-07+3.59915928956e-08j),(-5.42780567765e-07+3.69176371447e-08j),(-5.32950170115e-07+1.55209191507e-08j),(-5.4437325338e-07-6.72811331383e-09j),(-5.16882549437e-07+4.46920323112e-08j),(-4.82295658067e-07+2.41666234029e-08j),(-4.78289485577e-07+3.75449138669e-08j),(-4.71121367252e-07+2.84653586312e-08j),(-4.96407433702e-07+1.66850279983e-08j),(-4.85589502039e-07+1.4992970115e-08j),(-4.85258450623e-07+6.49233957214e-08j),(-4.45934619795e-07+6.81411272563e-08j),(-4.43302256522e-07+2.93313186625e-08j),(-4.52116866763e-07+7.84259562552e-09j),(-4.63691919629e-07+6.25739848666e-08j),(-4.20668669019e-07+5.08690695318e-08j),(-3.96585233329e-07+5.90994077486e-08j),(-3.8810302185e-07+4.57286535382e-08j),(-3.93728514123e-07+2.67271605609e-08j),(-3.74912980111e-07+4.07640551883e-08j),
0 mM,,(8.76302406484e-11+1.32939598728e-05j),(-4.78822636971e-06+3.39764761472e-06j),(-3.20509437663e-06+3.14058727576e-06j),(-2.78911861496e-06+2.16547053174e-06j),(-2.5097518295e-06+1.84184963157e-06j),(-2.21296840078e-06+1.54405557885e-06j),(-1.82015626452e-06+1.42806158689e-06j),(-1.5191250006e-06+1.06099443748e-06j),(-1.35852576349e-06+7.94092287292e-07j),(-1.26361444757e-06+5.89508042426e-07j),(-1.1397218614e-06+3.64011600086e-07j),(-1.16654757547e-06+2.59093526925e-07j),(-1.15674003764e-06+2.29594803866e-07j),(-1.15218760563e-06+2.4728513734e-07j),(-1.09580566196e-06+2.26522021883e-07j),(-1.03281134538e-06+1.60309208498e-07j),(-1.00910102282e-06+1.45708077877e-07j),(-9.78169613632e-07+1.84157350203e-07j),(-1.00001961114e-06+1.90472843563e-07j),(-9.20468459036e-07+2.55250104716e-07j),(-8.61036505952e-07+2.21673691916e-07j),(-7.85909412776e-07+1.54635108577e-07j),(-7.4544841221e-07+1.31933910543e-07j),(-7.23550584199e-07+1.41824665977e-07j),(-6.56254613754e-07+1.50698363497e-07j),(-6.29861563995e-07+1.50083129132e-07j),(-5.98729843916e-07+1.21018458213e-07j),(-5.71270488401e-07+6.48015462249e-08j),(-5.46731550821e-07+4.4207152281e-08j),(-5.61229146234e-07+1.86793892565e-08j),(-5.62672306075e-07+2.88529768227e-08j),(-5.89706271412e-07+2.14453850991e-08j),(-5.67026145377e-07+5.92835674492e-08j),(-5.46922077458e-07+5.02134434388e-08j),(-5.30005219054e-07+7.56365456334e-08j),(-4.91683763185e-07+7.99624660825e-08j),(-4.67831299371e-07+7.77332226927e-08j),(-4.55751711832e-07+7.3973798322e-08j),(-4.37579236662e-07+7.08891937852e-08j),(-4.60726308494e-07+4.85504427469e-08j),(-4.37562323722e-07+3.27316695629e-08j),(-4.40697629586e-07+5.00206524311e-08j),(-4.31153888936e-07+4.31587234283e-08j),(-4.44847720913e-07+3.85967416408e-08j),(-4.33889172037e-07+4.65159699475e-08j),(-4.18870544457e-07+5.37957222286e-08j),(-4.03400517233e-07+1.49346772326e-08j),(-4.08607336256e-07+1.99249963316e-08j),(-3.9397779314e-07+1.4186387284e-08j),(-4.18470797412e-07+3.92228167407e-08j),(-4.21834246303e-07+8.5065877262e-08j),
0 mM,,(8.79314862843e-11+1.29224408304e-05j),(-4.65198185966e-06+3.29552864149e-06j),(-3.17898542234e-06+3.02799974375e-06j),(-2.79103305885e-06+2.07607544801e-06j),(-2.52921388767e-06+1.71907704228e-06j),(-2.24332859987e-06+1.40563961885e-06j),(-1.85663753929e-06+1.3244449106e-06j),(-1.64244088144e-06+1.02223277435e-06j),(-1.44463189435e-06+7.57264408501e-07j),(-1.35287200513e-06+5.85611503158e-07j),(-1.19780488039e-06+3.83359885921e-07j),(-1.16170345472e-06+2.73040821151e-07j),(-1.1935409827e-06+2.43777106267e-07j),(-1.19693984139e-06+2.84761338536e-07j),(-1.10534679309e-06+2.18412178966e-07j),(-1.02401428021e-06+1.26746001475e-07j),(-1.01047258809e-06+1.39980286909e-07j),(-9.80537600371e-07+1.93876467691e-07j),(-9.82527521031e-07+1.93848062102e-07j),(-9.1494475734e-07+2.64749148487e-07j),(-8.0638215472e-07+2.38798685066e-07j),(-7.48402079991e-07+1.40223540417e-07j),(-7.33226500963e-07+9.84231424028e-08j),(-7.40398066027e-07+6.17290238226e-08j),(-7.48277850309e-07+8.9302853363e-08j),(-7.24450872205e-07+9.92426753082e-08j),(-7.26863740521e-07+1.03140878625e-07j),(-7.20040348778e-07+8.63559127635e-08j),(-6.74394962381e-07+1.09984978821e-07j),(-6.57046287251e-07+1.2830820576e-07j),(-6.2221628963e-07+1.67504761405e-07j),(-5.61395674804e-07+1.49510862092e-07j),(-5.33246208362e-07+1.41692702524e-07j),(-5.05734005826e-07+1.34215871078e-07j),(-4.91258665715e-07+9.76674203388e-08j),(-4.624459022e-07+8.81016909267e-08j),(-4.44012497235e-07+8.79319960838e-08j),(-4.39508606188e-07+5.69081987172e-08j),(-4.46467008134e-07+3.91741151197e-08j),(-4.37556879635e-07+2.20176179978e-09j),(-4.24638618448e-07+9.24861071993e-09j),(-4.46256987095e-07+2.47750546058e-09j),(-4.72858557775e-07+3.46773087168e-08j),(-4.41603987448e-07+5.71036190213e-08j),(-4.24424878504e-07+6.17314097877e-08j),(-4.10983268212e-07+8.38217055472e-08j),(-3.97510545056e-07+3.43610407023e-08j),(-4.08137913733e-07+4.62916211669e-08j),(-4.16296480249e-07+6.59566898528e-08j),(-4.32895600073e-07+9.33789107051e-08j),(-3.7827548575e-07+1.18753017693e-07j),
0 mM,,(8.70430872818e-11+1.25399375037e-05j),(-4.41516221583e-06+3.23203859466e-06j),(-3.13050380812e-06+2.92684692829e-06j),(-2.72831956346e-06+2.00217210397e-06j),(-2.4784057709e-06+1.65332142757e-06j),(-2.20811144712e-06+1.3562172879e-06j),(-1.85135376871e-06+1.26015271125e-06j),(-1.61095977084e-06+9.54291949308e-07j),(-1.46097816579e-06+7.10336017158e-07j),(-1.35858705736e-06+5.77828467811e-07j),(-1.24276392015e-06+3.85679567341e-07j),(-1.2226891401e-06+2.89523399031e-07j),(-1.22125338711e-06+2.43026710961e-07j),(-1.24673957234e-06+2.70266010806e-07j),(-1.17451648253e-06+2.5898506374e-07j),(-1.03677649667e-06+2.2118135603e-07j),(-9.58769496476e-07+2.08867057955e-07j),(-9.2431151939e-07+1.69546443786e-07j),(-9.61501826779e-07+1.67632810418e-07j),(-9.32257180348e-07+2.01185889292e-07j),(-8.65441462986e-07+2.12336392376e-07j),(-8.10192055677e-07+1.84043803411e-07j),(-7.67372051952e-07+1.62728580151e-07j),(-7.48311224798e-07+1.34524944172e-07j),(-7.06227998586e-07+1.56748872016e-07j),(-6.48798773216e-07+1.91109585231e-07j),(-6.16688798892e-07+1.3759285958e-07j),(-6.13022750639e-07+9.72692162428e-08j),(-5.91446789259e-07+3.34229370679e-08j),(-6.10174656556e-07+5.87886462809e-08j),(-6.1919287443e-07+4.74557791971e-08j),(-6.1402583611e-07+9.47535714193e-08j),(-5.80742302363e-07+1.13982360306e-07j),(-5.78119556261e-07+1.25841148949e-07j),(-5.73125707531e-07+1.1330310608e-07j),(-5.34400203312e-07+1.78721093103e-07j),(-4.69249805644e-07+1.74921354092e-07j),(-4.253624238e-07+1.83242338893e-07j),(-3.97438863068e-07+1.38949219797e-07j),(-3.86200691633e-07+1.35243307118e-07j),(-3.73520146108e-07+1.07491282735e-07j),(-3.5928284851e-07+1.18026173872e-07j),(-3.22861415806e-07+1.0193667044e-07j),(-2.94514332263e-07+6.1637489284e-08j),(-3.21305178159e-07+3.45620199442e-09j),(-3.48646691308e-07+2.55703098588e-08j),(-3.41443326623e-07+1.73522569067e-08j),(-3.3036293949e-07+3.07466335865e-08j),(-3.02185441863e-07+8.42024872939e-09j),(-3.16033159243e-07-3.45487183507e-09j),(-3.52259174704e-07-8.39279971123e-09j),
0 mM,,(8.72913653367e-11+1.23546188155e-05j),(-4.31432623135e-06+3.17819815732e-06j),(-3.07781743931e-06+2.97740210941e-06j),(-2.69818330216e-06+2.04167165823e-06j),(-2.47442265774e-06+1.67291036513e-06j),(-2.22973531572e-06+1.37046401275e-06j),(-1.84151978848e-06+1.28709568832e-06j),(-1.58687075179e-06+9.80639410462e-07j),(-1.37016440563e-06+7.08802644615e-07j),(-1.30099544498e-06+5.03373703954e-07j),(-1.18418761071e-06+3.01643960469e-07j),(-1.21598626013e-06+2.15286869922e-07j),(-1.21735091214e-06+2.14833413606e-07j),(-1.22525745205e-06+2.48964866151e-07j),(-1.15915450731e-06+2.42420190221e-07j),(-1.07407048464e-06+1.54272287924e-07j),(-1.06360536651e-06+1.48313581008e-07j),(-1.04586536521e-06+2.26434376525e-07j),(-1.01879740921e-06+2.3213779369e-07j),(-9.43106243011e-07+3.1446942996e-07j),(-8.40101773765e-07+3.02035479488e-07j),(-7.33079820457e-07+2.37303801729e-07j),(-7.26603431897e-07+1.77287616074e-07j),(-6.90610305681e-07+1.97167923373e-07j),(-6.29508113582e-07+1.87858973386e-07j),(-5.80444312685e-07+1.68803351409e-07j),(-5.77544886904e-07+1.09484409723e-07j),(-5.84430830465e-07+8.44097819052e-08j),(-5.35001962948e-07+7.32897938616e-08j),(-5.33850666342e-07+7.04666780385e-08j),(-5.00838346285e-07+7.9122792817e-08j),(-4.92338147382e-07+7.04114151666e-08j),(-4.95881852813e-07+5.64383997289e-08j),(-5.25789053886e-07-2.28767080786e-09j),(-5.44065228062e-07+1.61311998571e-08j),(-5.0760921786e-07+5.89682307447e-08j),(-4.73594751041e-07+6.79767690776e-08j),(-4.42888738855e-07+6.5519961421e-08j),(-4.07471165702e-07+2.09160220176e-08j),(-4.52996270453e-07-1.20758215873e-08j),(-4.89824710994e-07-2.14117805124e-08j),(-5.0119931562e-07+4.14181209413e-09j),(-4.89046040476e-07+5.47334847262e-08j),(-4.84562336711e-07+8.99791833488e-08j),(-4.45367820995e-07+9.88105702376e-08j),(-4.13920827448e-07+1.20868849562e-07j),(-3.86101354929e-07+1.07496032776e-07j),(-3.19467840138e-07+1.13726388757e-07j),(-3.09129739675e-07+8.44465992942e-08j),(-3.01640336706e-07+6.51840664991e-08j),(-2.92982867459e-07+5.35407223761e-08j),
0 mM,,(8.67008802993e-11+1.25295592e-05j),(-4.45291465512e-06+3.18439452525e-06j),(-3.13540564729e-06+2.94883074484e-06j),(-2.72888010681e-06+2.01263487667e-06j),(-2.46401241178e-06+1.66299276118e-06j),(-2.20502450627e-06+1.35505367277e-06j),(-1.81349028151e-06+1.24625212981e-06j),(-1.56971689294e-06+9.36292301836e-07j),(-1.40150329598e-06+6.68911341161e-07j),(-1.35020080863e-06+4.93781720139e-07j),(-1.259397266e-06+2.8610647277e-07j),(-1.24197989156e-06+2.30193613622e-07j),(-1.22388128208e-06+2.17001252339e-07j),(-1.23206465035e-06+2.49064131203e-07j),(-1.13158594836e-06+2.21139258141e-07j),(-1.03197664732e-06+1.50441814527e-07j),(-1.01244686454e-06+1.21243345354e-07j),(-1.00472295394e-06+1.53346946176e-07j),(-1.01553014617e-06+1.8132167463e-07j),(-9.44430588984e-07+2.19423200786e-07j),(-8.50088542204e-07+1.99037613371e-07j),(-7.90095310748e-07+1.01156002474e-07j),(-8.04981591706e-07+5.09742183657e-08j),(-8.01164335429e-07+6.70814609996e-08j),(-7.90288311359e-07+1.39776403786e-07j),(-7.29771640489e-07+1.67642666169e-07j),(-7.1592054281e-07+1.32084382926e-07j),(-6.95732256599e-07+8.55591802752e-08j),(-6.6203965387e-07+8.09127772321e-08j),(-6.22651242576e-07+1.06761266817e-07j),(-5.77262006689e-07+1.04887057738e-07j),(-5.71819729194e-07+7.12457358702e-08j),(-5.72356811064e-07+4.33126964969e-08j),(-5.67788774254e-07+5.66083605767e-08j),(-6.0162374584e-07+4.64819464628e-08j),(-5.87350062871e-07+9.28666199078e-08j),(-5.54432422153e-07+1.09431529654e-07j),(-5.30499665941e-07+8.74082031475e-08j),(-4.98211590422e-07+7.62855207875e-08j),(-5.0980330648e-07+6.31300937817e-08j),(-4.80668739967e-07+4.62365092274e-08j),(-4.58864996753e-07+7.97716047783e-08j),(-4.48232263353e-07+5.75510064132e-08j),(-4.69303729217e-07+5.41963987113e-08j),(-4.69087759087e-07+7.20673158948e-08j),(-4.53408142505e-07+9.46889007903e-08j),(-4.24817116007e-07+1.01755954228e-07j),(-3.93016544277e-07+1.08252506218e-07j),(-3.79456868229e-07+1.12081794205e-07j),(-3.80500217057e-07+1.05565281452e-07j),(-3.45972641065e-07+6.66131371742e-08j),
0 mM,,(8.79552406484e-11+1.27420037905e-05j),(-4.4993005376e-06+3.25773191527e-06j),(-3.16303592089e-06+3.03419688298e-06j),(-2.78441964088e-06+2.03655788225e-06j),(-2.55960009485e-06+1.73327986964e-06j),(-2.24844466531e-06+1.44106819351e-06j),(-1.85530554555e-06+1.34049054631e-06j),(-1.6306109443e-06+1.00041900129e-06j),(-1.46829019747e-06+7.31089905952e-07j),(-1.37896612284e-06+5.48564591085e-07j),(-1.28081910795e-06+3.53064930782e-07j),(-1.31525753209e-06+2.57800465204e-07j),(-1.31298939872e-06+2.94892508019e-07j),(-1.3039203646e-06+3.29953464768e-07j),(-1.21772134559e-06+3.32163268748e-07j),(-1.10510220996e-06+2.88039980521e-07j),(-1.04849258344e-06+2.82112564787e-07j),(-1.00104639091e-06+3.3497206466e-07j),(-9.78277650335e-07+3.29947342226e-07j),(-8.81237492338e-07+3.93503118131e-07j),(-7.70865643365e-07+3.39047318482e-07j),(-7.03106421271e-07+2.66606133051e-07j),(-6.68822233655e-07+2.18697886964e-07j),(-6.39277626494e-07+2.24176944208e-07j),(-5.59178229673e-07+2.17671679277e-07j),(-5.20050719307e-07+2.04853764195e-07j),(-5.22260390271e-07+1.19538708737e-07j),(-4.84869395229e-07+4.02725833593e-08j),(-5.09988256129e-07-4.3207214731e-09j),(-5.42064132112e-07+1.47127927984e-08j),(-5.51706078205e-07+3.29064692944e-08j),(-5.48123944723e-07+3.99934362371e-08j),(-5.17066593122e-07+4.41180706311e-08j),(-5.18162588754e-07+5.92239917124e-08j),(-5.13968113176e-07+3.4766401473e-08j),(-4.86789881377e-07+6.74259117067e-08j),(-4.73712807931e-07+8.07962620647e-08j),(-4.92112038285e-07+6.66634165242e-08j),(-4.56726361965e-07+7.00821997189e-08j),(-4.74510128139e-07+7.52783752291e-08j),(-4.23274449124e-07+1.05249122736e-07j),(-3.62108702376e-07+1.14980063676e-07j),(-3.36334754384e-07+9.59543532028e-08j),(-3.11283690858e-07+6.15323000981e-08j),(-3.40124408973e-07+3.93975322527e-08j),(-3.41903744382e-07+1.87482382446e-08j),(-2.84672936743e-07+2.6080844956e-08j),(-2.89759610933e-07+3.40146957525e-09j),(-3.00076477828e-07-1.03520200233e-09j),(-3.12389712287e-07+1.84842238224e-08j),(-3.00583368851e-07-5.03366552345e-09j),
50 mM,,(2.69838004988e-10+0.000366896583541j),(-0.000106126448948+0.000109276714622j),(-8.40643943355e-05+5.0089845526e-05j),(-6.56402522626e-05+3.00068419033e-05j),(-5.35653204028e-05+2.05652488954e-05j),(-4.52470666343e-05+1.5109756731e-05j),(-3.90770018026e-05+1.18245058447e-05j),(-3.4552540803e-05+9.25049824796e-06j),(-3.09490492059e-05+7.48586711081e-06j),(-2.80091735043e-05+6.1640832592e-06j),(-2.54885985724e-05+5.10159376349e-06j),(-2.35488743564e-05+4.31581626315e-06j),(-2.19755435325e-05+3.79146005098e-06j),(-2.06708190279e-05+3.40670130789e-06j),(-1.94455171355e-05+2.96759934911e-06j),(-1.82427052294e-05+2.50006790914e-06j),(-1.72434578292e-05+2.24547451405e-06j),(-1.6463120875e-05+2.06702497529e-06j),(-1.57091233072e-05+1.90909702376e-06j),(-1.48972245828e-05+1.82311518101e-06j),(-1.41616009814e-05+1.65689603223e-06j),(-1.34600243392e-05+1.39288133259e-06j),(-1.28154822089e-05+1.20607909042e-06j),(-1.22387103868e-05+1.08155853173e-06j),(-1.16971289626e-05+9.71647895021e-07j),(-1.1273045471e-05+8.72577477068e-07j),(-1.09198451969e-05+7.50712254976e-07j),(-1.05456219716e-05+6.14219975557e-07j),(-1.01353668222e-05+5.60844930779e-07j),(-9.86758183627e-06+5.35549165906e-07j),(-9.56210794452e-06+4.93378342696e-07j),(-9.26512892966e-06+4.56005261026e-07j),(-8.97587585992e-06+3.60118979607e-07j),(-8.72535125163e-06+2.76783454659e-07j),(-8.50150484979e-06+1.82121642797e-07j),(-8.25889042973e-06+1.79019029365e-07j),(-8.03581349843e-06+2.04427361698e-07j),(-7.79517492485e-06+1.48767683915e-07j),(-7.608204756e-06+9.09805950249e-08j),(-7.40264953961e-06+7.04894543232e-08j),(-7.20009102467e-06+2.71396389598e-08j),(-6.9993946072e-06+1.52265251945e-08j),(-6.83933027949e-06+4.44571801935e-08j),(-6.69262442941e-06+3.35480546704e-08j),(-6.5386510261e-06+1.29531227829e-08j),(-6.34695389297e-06+3.04418769924e-08j),(-6.20628508869e-06+4.90384741229e-08j),(-6.048203087e-06+5.72916312243e-09j),(-5.90302116042e-06+1.06003811753e-08j),(-5.80665919571e-06-2.19250244561e-08j),(-5.72551109455e-06-3.22652024476e-08j),
50 mM,,(3.63827992519e-10+0.0005183709601j),(-0.000175028031736+0.000145230988327j),(-0.00012405750363+5.93859258187e-05j),(-9.28534637313e-05+3.40283285851e-05j),(-7.42847848191e-05+2.25653269971e-05j),(-6.17619514855e-05+1.61168403949e-05j),(-5.27841922367e-05+1.23558417725e-05j),(-4.62418695788e-05+9.59063505232e-06j),(-4.10838965764e-05+7.6793239703e-06j),(-3.69556950341e-05+6.31040342113e-06j),(-3.34674611971e-05+5.1368910636e-06j),(-3.07609129422e-05+4.32806262655e-06j),(-2.85255137673e-05+3.79230405209e-06j),(-2.66817667068e-05+3.35891945492e-06j),(-2.49789444213e-05+2.87132472919e-06j),(-2.33506666e-05+2.43303535998e-06j),(-2.19276558154e-05+2.12472410548e-06j),(-2.08277031952e-05+1.93771693468e-06j),(-1.98341525171e-05+1.69101878477e-06j),(-1.88065604119e-05+1.6289904843e-06j),(-1.77991008965e-05+1.45744051041e-06j),(-1.69200636643e-05+1.23695706443e-06j),(-1.6134789475e-05+1.0575424577e-06j),(-1.54213952411e-05+9.48232555312e-07j),(-1.47461589215e-05+9.2101209754e-07j),(-1.4185437156e-05+8.31566713762e-07j),(-1.37943469908e-05+7.11535527829e-07j),(-1.33367525568e-05+6.34311322121e-07j),(-1.2826481956e-05+6.16755327555e-07j),(-1.24224600315e-05+5.92988004443e-07j),(-1.20753913488e-05+5.64164724592e-07j),(-1.17286390111e-05+5.12485002147e-07j),(-1.13803599839e-05+4.45682707303e-07j),(-1.1053583611e-05+3.76882795547e-07j),(-1.07517520477e-05+3.2539003445e-07j),(-1.04320073574e-05+2.99119652906e-07j),(-1.01430373721e-05+2.61217212881e-07j),(-9.86030851492e-06+2.02481902096e-07j),(-9.59045424888e-06+1.37770586654e-07j),(-9.40403033009e-06+3.66275377502e-08j),(-9.18924414683e-06+1.53373215044e-08j),(-8.92210524082e-06-1.08890501381e-09j),(-8.71427129789e-06-2.65961330205e-08j),(-8.55762238313e-06-1.59310918781e-08j),(-8.3843447493e-06-5.10770421579e-08j),(-8.22524535093e-06-3.9791149479e-08j),(-8.07180722851e-06-5.28866826622e-08j),(-7.90357202942e-06-4.65333711112e-08j),(-7.74030409433e-06-4.05628161908e-08j),(-7.59313293731e-06-5.30056690424e-08j),(-7.47776460938e-06-6.3438021871e-08j),
50 mM,,(3.66293703242e-10+0.000526859850374j),(-0.000176021966688+0.000146724679806j),(-0.000125162503931+5.99622594555e-05j),(-9.3625866871e-05+3.42359398977e-05j),(-7.48950348882e-05+2.26790006272e-05j),(-6.22089570614e-05+1.62258483676e-05j),(-5.31128522738e-05+1.2467558293e-05j),(-4.65071104598e-05+9.62368386329e-06j),(-4.13378004018e-05+7.68536967761e-06j),(-3.71943166054e-05+6.26775952655e-06j),(-3.3675069998e-05+5.11170636118e-06j),(-3.09113997926e-05+4.30160121853e-06j),(-2.87292120852e-05+3.75256296592e-06j),(-2.68571282764e-05+3.3408026323e-06j),(-2.51695365922e-05+2.85532330263e-06j),(-2.35329072405e-05+2.37298331459e-06j),(-2.21582740403e-05+2.12736699483e-06j),(-2.10553589829e-05+1.98934487959e-06j),(-2.00006656916e-05+1.79899095545e-06j),(-1.89033017753e-05+1.71619451001e-06j),(-1.79322330062e-05+1.54093832617e-06j),(-1.70437694757e-05+1.28766984654e-06j),(-1.62088461199e-05+1.13839460161e-06j),(-1.54685817714e-05+1.01370829943e-06j),(-1.47846113746e-05+9.45256399429e-07j),(-1.42254975775e-05+8.59852506184e-07j),(-1.37856337969e-05+6.87508947759e-07j),(-1.33476859865e-05+5.69099909138e-07j),(-1.28890174671e-05+5.60772681204e-07j),(-1.25248946568e-05+5.42320503404e-07j),(-1.21148137161e-05+4.97663933848e-07j),(-1.17602730301e-05+4.70225395944e-07j),(-1.14007783403e-05+3.82890822802e-07j),(-1.11094780545e-05+2.98311231244e-07j),(-1.08350148139e-05+2.09955027e-07j),(-1.05585447144e-05+1.76498304618e-07j),(-1.02649160602e-05+1.84448045538e-07j),(-1.00008325286e-05+1.71579309493e-07j),(-9.71555077627e-06+1.15983447587e-07j),(-9.49635772779e-06+6.45476843969e-08j),(-9.28853470291e-06+1.79146212084e-08j),(-9.03196982785e-06+1.25579361087e-08j),(-8.81446039105e-06+3.83827465082e-08j),(-8.6241894772e-06+3.79431696075e-08j),(-8.42980600068e-06+8.80082467014e-09j),(-8.25774040074e-06+2.70805214743e-08j),(-8.08254358479e-06+6.58071326825e-09j),(-7.94019269158e-06-3.72610944023e-09j),(-7.78469398261e-06-1.58205861486e-08j),(-7.639438402e-06-1.00360602291e-08j),(-7.47944307215e-06-2.2808319156e-08j),
50 mM,,(3.70627182045e-10+0.000533977244389j),(-0.000179238761457+0.000148502670616j),(-0.00012714268053+6.04594899072e-05j),(-9.49554951475e-05+3.44611714136e-05j),(-7.5823822213e-05+2.28742834747e-05j),(-6.2892365372e-05+1.63379977135e-05j),(-5.36472067336e-05+1.25132512687e-05j),(-4.69786006895e-05+9.63243036695e-06j),(-4.17333993859e-05+7.70473998396e-06j),(-3.75295606031e-05+6.27910224525e-06j),(-3.40110415198e-05+5.09627206517e-06j),(-3.12317806791e-05+4.27057448067e-06j),(-2.89937006325e-05+3.73409457393e-06j),(-2.71306027034e-05+3.31002679383e-06j),(-2.53762954357e-05+2.80820069558e-06j),(-2.37134958952e-05+2.31507111358e-06j),(-2.22788900385e-05+2.01527648996e-06j),(-2.11937639938e-05+1.80537742817e-06j),(-2.01990461131e-05+1.62180420657e-06j),(-1.91849706109e-05+1.57697321618e-06j),(-1.81909789101e-05+1.41463540726e-06j),(-1.72550158162e-05+1.21465264776e-06j),(-1.64863936269e-05+1.01629839913e-06j),(-1.57226299083e-05+9.59859403216e-07j),(-1.50008032348e-05+9.12553012593e-07j),(-1.44226372173e-05+8.09879582625e-07j),(-1.40050047273e-05+6.68941725814e-07j),(-1.35722829609e-05+5.62844370114e-07j),(-1.30903299202e-05+5.84579168243e-07j),(-1.27004019317e-05+5.87670402207e-07j),(-1.2320954298e-05+5.6173759192e-07j),(-1.19645870936e-05+5.25590966365e-07j),(-1.15963810813e-05+4.74999826953e-07j),(-1.12623358642e-05+3.98340111412e-07j),(-1.09581506848e-05+3.64408496286e-07j),(-1.06047490616e-05+3.56400160822e-07j),(-1.02708497178e-05+3.19980912078e-07j),(-1.00260654433e-05+2.30807415817e-07j),(-9.78530527596e-06+1.87589025694e-07j),(-9.56407593184e-06+1.29564381627e-07j),(-9.29758305826e-06+8.57544949707e-08j),(-9.04396182195e-06+5.16379699616e-08j),(-8.82467373519e-06+5.14860851611e-08j),(-8.66971490959e-06+1.5961217324e-08j),(-8.50768192883e-06+1.7220547781e-09j),(-8.30967190416e-06+1.9843806796e-08j),(-8.11740256785e-06+2.3136782608e-08j),(-7.9182483329e-06+2.81898915489e-08j),(-7.73626236457e-06-1.91126502493e-08j),(-7.61469928183e-06-8.08618633043e-09j),(-7.48899444947e-06-7.96819779508e-08j),
50 mM,,(3.72991670823e-10+0.000542666221945j),(-0.000181155574154+0.000150501891675j),(-0.000128819953109+6.08404369922e-05j),(-9.6007284276e-05+3.45338265351e-05j),(-7.6594238143e-05+2.28054987362e-05j),(-6.35324622905e-05+1.62466505053e-05j),(-5.42187353116e-05+1.24131504306e-05j),(-4.74385084913e-05+9.57179632201e-06j),(-4.21763814005e-05+7.62577464676e-06j),(-3.79462264056e-05+6.24571172968e-06j),(-3.43735653208e-05+5.09292252268e-06j),(-3.15684016493e-05+4.23912985361e-06j),(-2.9315865908e-05+3.73643631254e-06j),(-2.73921167169e-05+3.29266560531e-06j),(-2.56406585026e-05+2.78293529565e-06j),(-2.39807394478e-05+2.30019091774e-06j),(-2.25581773103e-05+2.00901059856e-06j),(-2.14504983036e-05+1.82287392542e-06j),(-2.04205754356e-05+1.64759031e-06j),(-1.93806782435e-05+1.62799804361e-06j),(-1.83829335642e-05+1.47587126287e-06j),(-1.74493144021e-05+1.24881012173e-06j),(-1.65813820714e-05+1.04792510365e-06j),(-1.58505708404e-05+9.64128399762e-07j),(-1.51453176871e-05+9.37121194791e-07j),(-1.45356545238e-05+8.14320816127e-07j),(-1.41128116415e-05+6.72098267707e-07j),(-1.36411130496e-05+5.37542872876e-07j),(-1.31901088804e-05+5.41371757681e-07j),(-1.27842785462e-05+5.26073834805e-07j),(-1.23916224044e-05+5.05458372679e-07j),(-1.2026558295e-05+4.55087315996e-07j),(-1.16709712666e-05+3.53846698891e-07j),(-1.13881031078e-05+2.55701771213e-07j),(-1.11160475011e-05+2.39895840109e-07j),(-1.08065766072e-05+2.56559635926e-07j),(-1.04676039632e-05+2.79534411785e-07j),(-1.01556994231e-05+1.96414578914e-07j),(-9.90455715259e-06+1.18544833568e-07j),(-9.68085040018e-06+5.50109499012e-08j),(-9.49667113358e-06+4.06992829175e-08j),(-9.24065694477e-06+6.09020216313e-08j),(-8.95251509727e-06+7.00126899594e-08j),(-8.77629471393e-06-3.38441636449e-10j),(-8.60566075097e-06-3.08696391729e-08j),(-8.41499059977e-06-1.62498363734e-08j),(-8.2828276261e-06-7.68279824561e-09j),(-8.08787612296e-06+9.74098649784e-09j),(-7.9091079912e-06-3.07183359297e-09j),(-7.7646566044e-06-2.4882471193e-08j),(-7.63288076439e-06-1.99925934032e-08j),
50 mM,,(3.73780299252e-10+0.0005495609601j),(-0.000183275570343+0.000152510666906j),(-0.000130445864516+6.13086268911e-05j),(-9.70844186493e-05+3.46695826967e-05j),(-7.73722246318e-05+2.29287357288e-05j),(-6.41141603185e-05+1.63563541117e-05j),(-5.46898392643e-05+1.25255451418e-05j),(-4.78393170602e-05+9.63660205518e-06j),(-4.25244405865e-05+7.65077820774e-06j),(-3.8237358721e-05+6.30600282504e-06j),(-3.46407622133e-05+5.20128422337e-06j),(-3.1770591209e-05+4.40155844008e-06j),(-2.94373974592e-05+3.82276461904e-06j),(-2.75138098985e-05+3.35275716037e-06j),(-2.57753167009e-05+2.83732499159e-06j),(-2.40725381167e-05+2.37424910568e-06j),(-2.26150348577e-05+2.07409960858e-06j),(-2.14914736478e-05+1.84093465893e-06j),(-2.04888757291e-05+1.6555209745e-06j),(-1.94225781407e-05+1.60547932611e-06j),(-1.842588756e-05+1.4343110894e-06j),(-1.75363209543e-05+1.19412420582e-06j),(-1.67065447848e-05+1.04335283156e-06j),(-1.59856159613e-05+9.62661652452e-07j),(-1.53017250495e-05+9.27741536589e-07j),(-1.46836618403e-05+8.71852730106e-07j),(-1.42216166335e-05+7.68970500117e-07j),(-1.3722601994e-05+6.24393013736e-07j),(-1.32208148171e-05+5.91211238229e-07j),(-1.28025661612e-05+5.56946317549e-07j),(-1.24292182399e-05+5.08973168022e-07j),(-1.21062030647e-05+4.62051814058e-07j),(-1.17000361363e-05+3.69572355502e-07j),(-1.14289589169e-05+3.10002187457e-07j),(-1.11336200183e-05+2.26406993297e-07j),(-1.08309522875e-05+2.62943957111e-07j),(-1.0541246228e-05+2.62767172256e-07j),(-1.01989313013e-05+2.23225895069e-07j),(-9.92442495105e-06+1.62108785997e-07j),(-9.68285747536e-06+1.2170197215e-07j),(-9.44630745972e-06+5.3857963523e-08j),(-9.17906850709e-06+1.9262127696e-08j),(-8.93657491282e-06+3.56705483757e-08j),(-8.73970164996e-06-4.13588054939e-09j),(-8.55980025353e-06-4.47953854172e-08j),(-8.3781000495e-06-5.16832980746e-08j),(-8.20185010341e-06-6.93988591904e-08j),(-8.03952488962e-06-1.17932768776e-07j),(-7.91928718511e-06-1.8477352966e-07j),(-7.80449694814e-06-1.66433963901e-07j),(-7.69311063203e-06-1.7776175012e-07j),
50 mM,,(3.78140785536e-10+0.000561000760599j),(-0.000188675669027+0.000157345153039j),(-0.000134428189202+6.23188456065e-05j),(-9.9644577705e-05+3.50055476794e-05j),(-7.92673794841e-05+2.30864746318e-05j),(-6.56432984122e-05+1.64415890758e-05j),(-5.59777413592e-05+1.26154340903e-05j),(-4.89458387451e-05+9.76578316196e-06j),(-4.34538526563e-05+7.82794245316e-06j),(-3.90017004686e-05+6.42083017371e-06j),(-3.52718013661e-05+5.24174628817e-06j),(-3.23379804984e-05+4.38090967446e-06j),(-2.99622029181e-05+3.82718048742e-06j),(-2.80106771307e-05+3.34345102656e-06j),(-2.62120126417e-05+2.80678671717e-06j),(-2.44927558346e-05+2.30312406213e-06j),(-2.30174316132e-05+1.98903506665e-06j),(-2.19184280555e-05+1.7916890027e-06j),(-2.08917655425e-05+1.60062228477e-06j),(-1.9799198155e-05+1.53010755341e-06j),(-1.87751014313e-05+1.36029012878e-06j),(-1.79006489989e-05+1.1607646546e-06j),(-1.70696339199e-05+1.03714711641e-06j),(-1.63170068137e-05+9.74750106924e-07j),(-1.55506500066e-05+9.26012237583e-07j),(-1.4947861589e-05+8.52140965353e-07j),(-1.44738689681e-05+7.45321109555e-07j),(-1.39671964773e-05+6.1724226749e-07j),(-1.34554140646e-05+5.90166527082e-07j),(-1.30418238385e-05+5.61717013092e-07j),(-1.26148910737e-05+4.44544496317e-07j),(-1.2284503078e-05+3.75707640677e-07j),(-1.19304197792e-05+2.88508039419e-07j),(-1.16288892699e-05+2.37718952008e-07j),(-1.1363566768e-05+1.69180782545e-07j),(-1.10428490399e-05+1.57933014404e-07j),(-1.07752183154e-05+1.49674821282e-07j),(-1.04858402188e-05+1.16810041814e-07j),(-1.02426604886e-05+8.59898910299e-08j),(-1.00094883215e-05+9.19995104974e-08j),(-9.74836013201e-06+5.53624215583e-08j),(-9.43060744853e-06+8.92299212984e-08j),(-9.15465242149e-06+8.66151688533e-08j),(-8.99045805448e-06+3.87767239049e-08j),(-8.78943380067e-06-6.01556393587e-09j),(-8.55821062477e-06+3.9165942904e-08j),(-8.35567138764e-06+2.03053332011e-08j),(-8.17476906465e-06-4.63173835883e-08j),(-8.0380191949e-06-8.97454940391e-08j),(-7.9181736481e-06-1.0026098076e-07j),(-7.79447486318e-06-1.06633473565e-07j),
50 mM,,(3.82180610973e-10+0.000571544526185j),(-0.000193503092787+0.000162429636606j),(-0.000138432640089+6.37518561742e-05j),(-0.000102429016281+3.54420397467e-05j),(-8.12975737741e-05+2.32446045264e-05j),(-6.72188162451e-05+1.6509434349e-05j),(-5.7256159427e-05+1.25603770164e-05j),(-5.00096467888e-05+9.63014248754e-06j),(-4.44480063175e-05+7.65135080638e-06j),(-3.99640748757e-05+6.23338724837e-06j),(-3.62248419998e-05+5.06747088642e-06j),(-3.32283809438e-05+4.26535464126e-06j),(-3.08169383047e-05+3.75248982951e-06j),(-2.87906203309e-05+3.27941473893e-06j),(-2.69510234343e-05+2.78504685075e-06j),(-2.51861920806e-05+2.26123818632e-06j),(-2.37313309482e-05+1.94817050803e-06j),(-2.25651378848e-05+1.76468290315e-06j),(-2.15126847096e-05+1.60926829466e-06j),(-2.0391627046e-05+1.59194350763e-06j),(-1.93040257438e-05+1.46084654462e-06j),(-1.83237323014e-05+1.26449346689e-06j),(-1.74055253862e-05+1.09872832545e-06j),(-1.66077443336e-05+9.94496608558e-07j),(-1.58806827813e-05+9.08421399636e-07j),(-1.52766267895e-05+8.09997150644e-07j),(-1.47978527825e-05+7.01173927321e-07j),(-1.43041785537e-05+5.91456246867e-07j),(-1.37720097242e-05+5.82697582222e-07j),(-1.33366696939e-05+5.44982390508e-07j),(-1.29292972919e-05+5.35266230031e-07j),(-1.25475919816e-05+4.77509662059e-07j),(-1.2148148762e-05+3.79277379659e-07j),(-1.18091102357e-05+2.83797421724e-07j),(-1.15100058699e-05+1.92108952453e-07j),(-1.12020629916e-05+1.5590464287e-07j),(-1.09107191681e-05+1.22579904069e-07j),(-1.06174034208e-05+5.21540238617e-08j),(-1.04093459682e-05-3.19969182852e-09j),(-1.02113728525e-05-5.7210497594e-08j),(-1.00065132617e-05-6.69619944861e-08j),(-9.70366839928e-06-3.20170532619e-08j),(-9.49327407846e-06-1.92936256874e-08j),(-9.27370289346e-06-2.81816992015e-08j),(-9.0780990368e-06-4.39312059461e-08j),(-8.88335720832e-06-1.87507172351e-08j),(-8.71512988767e-06+3.74027885704e-09j),(-8.50870102334e-06+3.51236349994e-08j),(-8.33375511228e-06+4.08580068987e-08j),(-8.1414462895e-06+1.46240876268e-10j),(-7.97899266217e-06-1.0136147602e-08j),
50 mM,,(3.9034713217e-10+0.00058908894015j),(-0.00020127599263+0.000171797555665j),(-0.00014566510089+6.75729119111e-05j),(-0.000107799194674+3.70736674885e-05j),(-8.53999348985e-05+2.41608449753e-05j),(-7.0576247341e-05+1.70672272902e-05j),(-6.00314956826e-05+1.29695774298e-05j),(-5.24114706725e-05+9.97431407726e-06j),(-4.64740986844e-05+7.97597177295e-06j),(-4.17175236556e-05+6.50973056086e-06j),(-3.77254261475e-05+5.26599961898e-06j),(-3.45998043071e-05+4.39629142975e-06j),(-3.20498794994e-05+3.79957601617e-06j),(-2.99579091853e-05+3.31901119672e-06j),(-2.80539734566e-05+2.78845610044e-06j),(-2.62028382557e-05+2.28195756863e-06j),(-2.46758727353e-05+1.92635742691e-06j),(-2.34919766212e-05+1.74251747837e-06j),(-2.23540395686e-05+1.59998901767e-06j),(-2.11811466186e-05+1.54213261773e-06j),(-2.00504692403e-05+1.37153641187e-06j),(-1.90163703423e-05+1.13858603348e-06j),(-1.81756673452e-05+9.7193738894e-07j),(-1.74001984947e-05+8.91863488525e-07j),(-1.66244264307e-05+8.58642047755e-07j),(-1.59427108597e-05+7.78624535347e-07j),(-1.54991200591e-05+6.45353707147e-07j),(-1.49957205108e-05+5.54134492775e-07j),(-1.44741119631e-05+6.16768053463e-07j),(-1.39909642902e-05+5.93095419972e-07j),(-1.35605378214e-05+5.5263575087e-07j),(-1.31568003723e-05+4.88459464168e-07j),(-1.27394451867e-05+4.12370257959e-07j),(-1.24185393842e-05+2.96891950443e-07j),(-1.21017795604e-05+2.40609482716e-07j),(-1.17510947757e-05+2.31422874143e-07j),(-1.14170264638e-05+2.41249871715e-07j),(-1.11122865403e-05+1.74066058082e-07j),(-1.08094341324e-05+1.5830246932e-07j),(-1.05557382746e-05+1.03208048778e-07j),(-1.02553844696e-05+5.07176016645e-08j),(-9.99307772141e-06+1.52435386305e-08j),(-9.7606750199e-06+6.70185659318e-09j),(-9.57823727024e-06-2.04644493854e-08j),(-9.40396964673e-06-5.23917155341e-08j),(-9.19455508096e-06-1.53961902465e-08j),(-8.98715251327e-06-3.31489760826e-08j),(-8.78583828317e-06-5.92500856722e-08j),(-8.62723636708e-06-7.71597496239e-08j),(-8.46084392045e-06-7.57743845113e-08j),(-8.34988529392e-06-9.93416604571e-08j),
50 mM,,(3.94808778055e-10+0.000595341296758j),(-0.000204234082493+0.000173950943084j),(-0.000147655511054+6.79608085133e-05j),(-0.000109027957812+3.71422929794e-05j),(-8.62907961376e-05+2.41123692293e-05j),(-7.12445668593e-05+1.70063026594e-05j),(-6.06153471761e-05+1.29183263794e-05j),(-5.29041293594e-05+9.92126341467e-06j),(-4.69057850926e-05+7.87237424782e-06j),(-4.21500360682e-05+6.42943531774e-06j),(-3.81529244936e-05+5.25923279605e-06j),(-3.49678234172e-05+4.39180813421e-06j),(-3.243748282e-05+3.78135610779e-06j),(-3.03019798752e-05+3.31167767432e-06j),(-2.83742902413e-05+2.83212619369e-06j),(-2.65067973235e-05+2.34603301459e-06j),(-2.49295523719e-05+2.04985467265e-06j),(-2.36870731935e-05+1.85963153398e-06j),(-2.25592168609e-05+1.67024691774e-06j),(-2.13446385636e-05+1.61317637316e-06j),(-2.02541728594e-05+1.45390510285e-06j),(-1.92541462159e-05+1.24101729716e-06j),(-1.83036876206e-05+1.07108327301e-06j),(-1.7488064735e-05+9.54165480049e-07j),(-1.67266234078e-05+8.96239694856e-07j),(-1.60916687622e-05+8.49151346508e-07j),(-1.55642605696e-05+7.39611076374e-07j),(-1.50472886759e-05+6.73448097527e-07j),(-1.44531379491e-05+6.55004760298e-07j),(-1.39744418838e-05+5.9891624576e-07j),(-1.3545218093e-05+5.33025662542e-07j),(-1.31656577583e-05+4.6318882295e-07j),(-1.2801414798e-05+3.35434079e-07j),(-1.24878909529e-05+2.36764243487e-07j),(-1.21815422986e-05+1.78744894989e-07j),(-1.18404185645e-05+2.51455422194e-07j),(-1.15068143768e-05+2.48379065799e-07j),(-1.11634607016e-05+1.97023275731e-07j),(-1.08706192148e-05+1.26033872152e-07j),(-1.06138870297e-05+6.57353793198e-08j),(-1.03737860116e-05+7.55750768429e-09j),(-1.00893856262e-05-4.14844877343e-09j),(-9.84359979073e-06+8.01098620209e-09j),(-9.59907001682e-06-1.99527365452e-08j),(-9.41436428959e-06-6.37144358364e-08j),(-9.24245495676e-06-8.00561474686e-08j),(-9.0746899945e-06-4.16228657164e-08j),(-8.88821109845e-06-2.17075967513e-08j),(-8.6993454126e-06-4.29345336083e-09j),(-8.53613496062e-06-3.88385480417e-09j),(-8.38617308824e-06-2.12051433582e-08j),
