,,(2.90592907023e-11+7.75114058446e-05j),(-3.39705282131e-05+1.23947004865e-05j),(-1.62188819464e-05+4.41226489062e-06j),(-1.20055744261e-05+3.04332961582e-06j),(-9.65771128149e-06+2.02083153346e-06j),(-8.01143073946e-06+1.43750286181e-06j),(-6.9998873902e-06+1.16966924823e-06j),(-6.13507892052e-06+8.96534412651e-07j),(-5.39281236258e-06+7.0488005322e-07j),(-4.80336645061e-06+5.41524736767e-07j),(-4.34858278851e-06+4.46995612446e-07j),(-4.02627089871e-06+3.876774693e-07j),(-3.7584352613e-06+3.80048814501e-07j),(-3.43277494072e-06+3.72103096912e-07j),(-3.03290447689e-06+2.84510434969e-07j),(-2.80121608267e-06+2.42196792342e-07j),(-2.68609413994e-06+2.33142209524e-07j),(-2.54842837417e-06+2.06644043607e-07j),(-2.51459204908e-06+2.11387525096e-07j),(-2.44959953157e-06+2.07473261464e-07j),(-2.29127822932e-06+1.78542657609e-07j),
,,(2.59017895328e-11+7.78167432645e-05j),(-3.4089561352e-05+1.22626851802e-05j),(-1.62010788298e-05+4.29358221791e-06j),(-1.20144645299e-05+2.93982336571e-06j),(-9.66157947227e-06+1.86521813111e-06j),(-7.98750829901e-06+1.24887310062e-06j),(-6.97565686346e-06+9.92189158501e-07j),(-6.12382209781e-06+7.06180010825e-07j),(-5.40666725356e-06+4.67055794305e-07j),(-4.8464219687e-06+3.20346451027e-07j),(-4.41128189441e-06+2.5227063646e-07j),(-4.12215696484e-06+1.50748519899e-07j),(-3.87110063353e-06+1.93608402546e-07j),(-3.55836624377e-06+1.73570555326e-07j),(-3.16842154435e-06+1.62109682233e-07j),(-2.9619691737e-06+1.34321893848e-07j),(-2.75613336369e-06+1.39217018385e-07j),(-2.61731078928e-06+1.42489063037e-07j),(-2.55041473517e-06+1.27476616951e-07j),(-2.45435639776e-06+1.07553886491e-07j),(-2.31614342318e-06+4.45487750636e-08j),
,,(2.54802288446e-11+7.80996253531e-05j),(-3.42308306699e-05+1.22337055219e-05j),(-1.62745014166e-05+4.32141879479e-06j),(-1.2042227327e-05+2.98198203779e-06j),(-9.68610891696e-06+1.93900945517e-06j),(-8.01279974471e-06+1.32773013686e-06j),(-6.9837854997e-06+1.05813133195e-06j),(-6.11010761465e-06+7.79765280874e-07j),(-5.3825873826e-06+5.32829609568e-07j),(-4.81051786435e-06+3.78369239494e-07j),(-4.38944436383e-06+2.64821569388e-07j),(-4.10854182001e-06+1.81050017787e-07j),(-3.83993099802e-06+2.29355477751e-07j),(-3.53431211993e-06+2.48910385047e-07j),(-3.15943492307e-06+2.00499519214e-07j),(-2.90815909446e-06+1.76806797439e-07j),(-2.72744808987e-06+2.14128141041e-07j),(-2.56833057686e-06+2.15622046977e-07j),(-2.49253049733e-06+1.56874260408e-07j),(-2.36960222118e-06+1.35249326493e-07j),(-2.25613514321e-06+7.90178472648e-08j),
,,(2.44630374826e-11+7.8433362452e-05j),(-3.43520110733e-05+1.22178541027e-05j),(-1.62733751189e-05+4.32927639843e-06j),(-1.2100245116e-05+2.98117140449e-06j),(-9.71400783884e-06+1.93708552296e-06j),(-8.05913254169e-06+1.34930190327e-06j),(-7.04362275749e-06+1.09979186737e-06j),(-6.16246984468e-06+8.33112241851e-07j),(-5.44871584818e-06+6.14970169068e-07j),(-4.83152777002e-06+4.60577984877e-07j),(-4.4148857849e-06+3.75091496662e-07j),(-4.0591959622e-06+2.92255525812e-07j),(-3.81852719462e-06+3.10088286615e-07j),(-3.49250724878e-06+2.90174026849e-07j),(-3.08621289782e-06+2.28670985446e-07j),(-2.90951093154e-06+1.76943825956e-07j),(-2.72566319882e-06+2.0973439893e-07j),(-2.57974355153e-06+1.9167454063e-07j),(-2.53358612943e-06+1.78767538293e-07j),(-2.41897028151e-06+1.63495204361e-07j),(-2.33784185663e-06+1.25721685375e-07j),
,,(2.41753781932e-11+7.8653494353e-05j),(-3.44627653558e-05+1.22030993487e-05j),(-1.63321306619e-05+4.32562181636e-06j),(-1.21475672586e-05+3.00136655635e-06j),(-9.75265862292e-06+1.94953651736e-06j),(-8.09117067754e-06+1.37097949503e-06j),(-7.05492794025e-06+1.10508890545e-06j),(-6.16197789345e-06+8.48782987713e-07j),(-5.44867708004e-06+6.4905020886e-07j),(-4.85988376693e-06+4.61966408738e-07j),(-4.42250689882e-06+3.92566331786e-07j),(-4.10018334904e-06+3.21871471068e-07j),(-3.82707215583e-06+3.51333482902e-07j),(-3.49571172516e-06+3.31225917723e-07j),(-3.10262653507e-06+2.86450214596e-07j),(-2.85690669384e-06+2.51465979946e-07j),(-2.6863355079e-06+2.59075891601e-07j),(-2.53616992311e-06+2.1714845513e-07j),(-2.46305925829e-06+1.75942961268e-07j),(-2.40127210039e-06+1.74718597381e-07j),(-2.27124958695e-06+1.17721331002e-07j),
,,(2.89402227303e-11+7.85505175568e-05j),(-3.45775103085e-05+1.20197240399e-05j),(-1.63621642166e-05+4.14652901309e-06j),(-1.21718008672e-05+2.81519192221e-06j),(-9.80211643371e-06+1.77425824625e-06j),(-8.15196222373e-06+1.23125121275e-06j),(-7.12951899505e-06+9.61673015268e-07j),(-6.24380935602e-06+7.15484241331e-07j),(-5.50822550662e-06+5.1360252809e-07j),(-4.92043354313e-06+3.73821824072e-07j),(-4.47173004045e-06+2.72122752978e-07j),(-4.12398691665e-06+1.97529460921e-07j),(-3.87937476133e-06+2.28240166306e-07j),(-3.53832675379e-06+1.90417658725e-07j),(-3.16178120245e-06+1.41927917079e-07j),(-2.95736570584e-06+7.84210224e-08j),(-2.76429077126e-06+1.01331951813e-07j),(-2.62695408318e-06+9.03466279518e-08j),(-2.57426604124e-06+4.30636232576e-08j),(-2.52554283662e-06+5.14280131951e-08j),(-2.400865364e-06+1.22767615404e-08j),
,,(2.63094285027e-11+7.88880278373e-05j),(-3.46219729365e-05+1.21501305838e-05j),(-1.63255089507e-05+4.27863601918e-06j),(-1.21413926752e-05+2.95408846623e-06j),(-9.74584500616e-06+1.90434679356e-06j),(-8.08074617233e-06+1.33348408357e-06j),(-7.01640758987e-06+1.10011440401e-06j),(-6.10766217662e-06+8.0299545404e-07j),(-5.37931698211e-06+5.59764269836e-07j),(-4.78823705077e-06+3.70821172954e-07j),(-4.33389791121e-06+2.49686647244e-07j),(-4.00769954019e-06+1.53754198745e-07j),(-3.7539441094e-06+1.56330262341e-07j),(-3.45001344869e-06+1.21992629954e-07j),(-3.0858979237e-06+7.64651736008e-08j),(-2.89001824364e-06+3.43078634419e-08j),(-2.7451885604e-06+5.48403174762e-08j),(-2.61766780411e-06+4.5153154066e-08j),(-2.54255054657e-06+4.01259630586e-08j),(-2.45863982672e-06+1.20872808056e-08j),(-2.35335773052e-06+6.83038394968e-09j),
,,(2.82569568724e-11+7.90303390144e-05j),(-3.46842209837e-05+1.21679443146e-05j),(-1.63277378095e-05+4.3012835678e-06j),(-1.21288768374e-05+2.96963161456e-06j),(-9.75069374648e-06+1.88661934255e-06j),(-8.08577011311e-06+1.29172766658e-06j),(-7.05342343699e-06+1.03702255345e-06j),(-6.16148149122e-06+7.5262262783e-07j),(-5.43261416584e-06+5.39905360789e-07j),(-4.86036541088e-06+3.68272615954e-07j),(-4.42015843898e-06+2.67858110119e-07j),(-4.12463387314e-06+1.89215339037e-07j),(-3.84810364149e-06+2.18904634811e-07j),(-3.51964764705e-06+2.0589680886e-07j),(-3.15203435598e-06+1.9459915188e-07j),(-2.93167244972e-06+1.44944588896e-07j),(-2.72501453547e-06+1.59567222145e-07j),(-2.57862107139e-06+1.52826212468e-07j),(-2.50537876188e-06+1.16354178415e-07j),(-2.43321995453e-06+1.00948747324e-07j),(-2.30908299388e-06+2.86254155237e-08j),
,,(2.49211507923e-11+7.90938370214e-05j),(-3.47584292567e-05+1.20506807534e-05j),(-1.63369868697e-05+4.20723660857e-06j),(-1.21645208311e-05+2.85253603442e-06j),(-9.79929879181e-06+1.80020993829e-06j),(-8.13765878157e-06+1.21781082385e-06j),(-7.10467942585e-06+9.74961116108e-07j),(-6.22999268599e-06+7.3523530904e-07j),(-5.51610787544e-06+5.11107628496e-07j),(-4.90052248715e-06+3.54380967695e-07j),(-4.44702683849e-06+2.8124321366e-07j),(-4.13088577191e-06+1.72080879474e-07j),(-3.85913932818e-06+1.90994006687e-07j),(-3.57560309153e-06+1.8324364181e-07j),(-3.17948727544e-06+1.28052506617e-07j),(-2.97482909421e-06+1.0717453505e-07j),(-2.79283565804e-06+1.50070758206e-07j),(-2.63069821813e-06+1.23492493809e-07j),(-2.57041813455e-06+9.42935669572e-08j),(-2.50334139886e-06+8.67024207342e-08j),(-2.38115503851e-06+6.49193818731e-08j),
,,(2.78434505767e-11+7.94466633278e-05j),(-3.48026472886e-05+1.22467868378e-05j),(-1.63391458935e-05+4.42830114543e-06j),(-1.21713440323e-05+3.0737413393e-06j),(-9.75214245616e-06+2.0164595757e-06j),(-8.09835530601e-06+1.42907211242e-06j),(-7.07045853325e-06+1.18119767471e-06j),(-6.17340944161e-06+8.98388048095e-07j),(-5.44540569202e-06+6.92086310433e-07j),(-4.8295344753e-06+5.68106989756e-07j),(-4.37137187386e-06+4.75542301967e-07j),(-4.04403621189e-06+3.50334835516e-07j),(-3.7832225414e-06+3.79113542722e-07j),(-3.46837289513e-06+3.22447743656e-07j),(-3.0983158175e-06+2.89430836633e-07j),(-2.87560517189e-06+2.17899593654e-07j),(-2.69273140222e-06+2.65322394733e-07j),(-2.56477075436e-06+2.52090223008e-07j),(-2.49165834918e-06+2.18431158932e-07j),(-2.39925447384e-06+2.20117970761e-07j),(-2.27353087148e-06+1.77127213688e-07j),
,,(2.7295832098e-11+7.97189992469e-05j),(-3.48413865058e-05+1.23829726199e-05j),(-1.6341322125e-05+4.5451706406e-06j),(-1.21246698958e-05+3.2035508991e-06j),(-9.75154732556e-06+2.13212117989e-06j),(-8.04210340277e-06+1.55086824185e-06j),(-7.00972126147e-06+1.28149219569e-06j),(-6.11745947245e-06+1.00533923835e-06j),(-5.38447950331e-06+7.98468027207e-07j),(-4.77514546987e-06+6.44552566448e-07j),(-4.32412084498e-06+5.33044412677e-07j),(-3.9972706799e-06+4.39534215801e-07j),(-3.7624186291e-06+4.72722979082e-07j),(-3.43417229963e-06+4.53878154073e-07j),(-3.04023322611e-06+4.02054780968e-07j),(-2.79919609915e-06+3.27576785373e-07j),(-2.61695703846e-06+3.54482520801e-07j),(-2.49251857607e-06+3.44901843e-07j),(-2.41613653042e-06+3.0384397343e-07j),(-2.31451046342e-06+2.76415201573e-07j),(-2.18140067854e-06+2.64335025977e-07j),
,,(2.7072670291e-11+7.97613184992e-05j),(-3.49223851198e-05+1.22999070017e-05j),(-1.63886312679e-05+4.49757613383e-06j),(-1.21697608245e-05+3.15490604591e-06j),(-9.77335107549e-06+2.06100975305e-06j),(-8.09750582775e-06+1.47887637717e-06j),(-7.07323171024e-06+1.21776338172e-06j),(-6.18905058981e-06+9.72776985817e-07j),(-5.45518335434e-06+7.53427415611e-07j),(-4.82740024625e-06+6.16873465262e-07j),(-4.38595429522e-06+5.11948387798e-07j),(-4.0446325761e-06+4.04525462335e-07j),(-3.81525134518e-06+4.33708832425e-07j),(-3.46606207573e-06+4.10476546126e-07j),(-3.09328978068e-06+3.58892720775e-07j),(-2.86282188442e-06+3.01128852969e-07j),(-2.68327501407e-06+3.59166603501e-07j),(-2.55444162788e-06+3.23868936605e-07j),(-2.47467863791e-06+3.13084127336e-07j),(-2.40129127821e-06+2.79373065385e-07j),(-2.26262787395e-06+2.7342341954e-07j),
,,(2.51648173521e-11+7.96233567127e-05j),(-3.49864985016e-05+1.202115306e-05j),(-1.64167204617e-05+4.22336431756e-06j),(-1.22246981247e-05+2.88581577631e-06j),(-9.8763597291e-06+1.81959489753e-06j),(-8.20259202192e-06+1.26127475676e-06j),(-7.18901253579e-06+1.03060545637e-06j),(-6.30465441896e-06+7.80234109833e-07j),(-5.53847740216e-06+6.10860976051e-07j),(-4.94430209091e-06+4.50165047629e-07j),(-4.4733821934e-06+3.79278667859e-07j),(-4.12895012387e-06+2.97080141173e-07j),(-3.84627589359e-06+3.07835905878e-07j),(-3.54676473367e-06+2.63845028082e-07j),(-3.13849478691e-06+2.13272711312e-07j),(-2.91475874756e-06+1.78947625088e-07j),(-2.75337102509e-06+1.79522741386e-07j),(-2.5964334746e-06+1.69845338681e-07j),(-2.52659083991e-06+1.65107836104e-07j),(-2.45272877935e-06+1.20455298146e-07j),(-2.32143148685e-06+9.25536906575e-08j),
,,(2.64843771919e-11+7.97454884127e-05j),(-3.50192795981e-05+1.20105825279e-05j),(-1.64324924144e-05+4.21987368676e-06j),(-1.22284059448e-05+2.89028522711e-06j),(-9.84612619678e-06+1.8356153199e-06j),(-8.15046577332e-06+1.23951891302e-06j),(-7.11354731626e-06+9.9730706956e-07j),(-6.25111523502e-06+7.25715972288e-07j),(-5.54465293374e-06+5.20906837179e-07j),(-4.93720388308e-06+3.64619079641e-07j),(-4.49775324028e-06+2.91745064486e-07j),(-4.20945155564e-06+2.16579026694e-07j),(-3.9166817866e-06+2.3653550201e-07j),(-3.57533219158e-06+2.62670335565e-07j),(-3.17320466069e-06+2.17611211643e-07j),(-2.95237822362e-06+1.52506765995e-07j),(-2.78881524129e-06+1.78261390898e-07j),(-2.65916052932e-06+1.63273312053e-07j),(-2.58768943757e-06+1.28043072881e-07j),(-2.49691473275e-06+1.3457366685e-07j),(-2.35977597669e-06+8.37574202181e-08j),
,,(2.71591814087e-11+7.99807905893e-05j),(-3.5049664654e-05+1.21071979694e-05j),(-1.64012565263e-05+4.34468732151e-06j),(-1.21777940429e-05+3.0002223025e-06j),(-9.77831216079e-06+1.94162738148e-06j),(-8.09812728282e-06+1.33374641667e-06j),(-7.0654140113e-06+1.0691816367e-06j),(-6.17043413838e-06+7.93763220111e-07j),(-5.45054730756e-06+5.66388614798e-07j),(-4.86984702266e-06+4.04515205657e-07j),(-4.42127756085e-06+3.34664715837e-07j),(-4.0836940501e-06+2.35467351137e-07j),(-3.81577257204e-06+2.76121882003e-07j),(-3.48691515649e-06+2.42668197093e-07j),(-3.0787644619e-06+1.83906443149e-07j),(-2.86709414502e-06+1.50945334407e-07j),(-2.68603222023e-06+1.37433366749e-07j),(-2.55262067494e-06+1.21593774356e-07j),(-2.49026535297e-06+7.83345981842e-08j),(-2.4103019563e-06+9.06620164228e-08j),(-2.30433770863e-06+4.56441810012e-08j),
,,(2.57460626223e-11+8.01359406309e-05j),(-3.50765456515e-05+1.21787886362e-05j),(-1.6442901622e-05+4.42580623347e-06j),(-1.22182260709e-05+3.11338606532e-06j),(-9.82047237299e-06+2.04097194689e-06j),(-8.11360926916e-06+1.44371122981e-06j),(-7.08519525262e-06+1.19274733665e-06j),(-6.18716183482e-06+8.86871490363e-07j),(-5.44793969048e-06+6.87442698491e-07j),(-4.85543202818e-06+5.12830011248e-07j),(-4.4282581268e-06+4.38941897444e-07j),(-4.13445845224e-06+3.44871013632e-07j),(-3.85117578131e-06+3.96534024017e-07j),(-3.52499685144e-06+3.80478038439e-07j),(-3.1676318581e-06+3.35988313832e-07j),(-2.93664037207e-06+3.32123750112e-07j),(-2.75458147686e-06+3.32558569221e-07j),(-2.62511365657e-06+3.62017834886e-07j),(-2.52580430258e-06+3.15510525915e-07j),(-2.41062453435e-06+3.07734529747e-07j),(-2.30017094499e-06+2.6498737988e-07j),
,,(2.97213164385e-11+8.02843102413e-05j),(-3.5107587218e-05+1.21995113367e-05j),(-1.64252417253e-05+4.46533259708e-06j),(-1.22130064599e-05+3.14734016899e-06j),(-9.79396188192e-06+2.08352560299e-06j),(-8.11162850061e-06+1.50126613036e-06j),(-7.05537519697e-06+1.25215703484e-06j),(-6.14719876795e-06+9.88766720029e-07j),(-5.40956864475e-06+7.65991133398e-07j),(-4.79339503339e-06+5.96685842494e-07j),(-4.34373705504e-06+5.28412077478e-07j),(-3.99781371375e-06+4.06970228377e-07j),(-3.74065737406e-06+4.29487831837e-07j),(-3.41016175517e-06+4.11836336438e-07j),(-3.04357879253e-06+3.65295091721e-07j),(-2.81030291573e-06+2.9822596514e-07j),(-2.6211585642e-06+3.2777693588e-07j),(-2.45571491617e-06+3.10736919025e-07j),(-2.38240173629e-06+2.50684317307e-07j),(-2.2865748e-06+2.11322993339e-07j),(-2.15560094196e-06+1.49654796712e-07j),
,,(3.01167893111e-11+8.0290394126e-05j),(-3.51401072149e-05+1.21353132528e-05j),(-1.64225697354e-05+4.41616910261e-06j),(-1.22067643386e-05+3.06759644906e-06j),(-9.80545916166e-06+1.99351956255e-06j),(-8.11304646461e-06+1.42164028496e-06j),(-7.05785155584e-06+1.16310960233e-06j),(-6.16710922726e-06+8.72982676467e-07j),(-5.43561279518e-06+6.3891664241e-07j),(-4.82151621247e-06+4.86056409825e-07j),(-4.40046445031e-06+3.90523941237e-07j),(-4.07014414719e-06+3.00282708544e-07j),(-3.82221953322e-06+3.11685936652e-07j),(-3.50068370444e-06+3.06818221956e-07j),(-3.12156824739e-06+2.40876178665e-07j),(-2.90847304264e-06+1.99674635396e-07j),(-2.72924019548e-06+2.19125147474e-07j),(-2.59172170346e-06+2.1101123112e-07j),(-2.50952743048e-06+1.92727112683e-07j),(-2.45615710683e-06+1.78985365118e-07j),(-2.33500176259e-06+1.6032564356e-07j),
,,(2.86031822566e-11+8.03023288252e-05j),(-3.51582347854e-05+1.20527811197e-05j),(-1.64596645622e-05+4.35805715179e-06j),(-1.22719551827e-05+3.02920626419e-06j),(-9.88331522003e-06+1.97874577287e-06j),(-8.19369998297e-06+1.4023903258e-06j),(-7.13756942004e-06+1.1702932735e-06j),(-6.24039365741e-06+9.07745403338e-07j),(-5.50187814585e-06+6.9589434867e-07j),(-4.90869974819e-06+5.23422059236e-07j),(-4.45523805874e-06+4.49520125374e-07j),(-4.14744845484e-06+3.55149845883e-07j),(-3.8869798599e-06+3.80277925468e-07j),(-3.57522415293e-06+3.93051892113e-07j),(-3.18452317014e-06+3.60575635076e-07j),(-2.96378299577e-06+3.28040831191e-07j),(-2.75930784541e-06+3.44615196859e-07j),(-2.60636639792e-06+3.39056067734e-07j),(-2.51095351833e-06+3.39214327794e-07j),(-2.41504225036e-06+3.16692719941e-07j),(-2.28004486127e-06+2.6198429525e-07j),
,,(2.81782224312e-11+8.04683053678e-05j),(-3.52018690434e-05+1.21577099169e-05j),(-1.64489191324e-05+4.46012293408e-06j),(-1.22618887059e-05+3.15257163615e-06j),(-9.83216683055e-06+2.10304278439e-06j),(-8.14489453672e-06+1.52272947512e-06j),(-7.08965616209e-06+1.25711580749e-06j),(-6.18258138957e-06+9.88353071615e-07j),(-5.44495542277e-06+7.59216205071e-07j),(-4.8305619794e-06+5.96844714135e-07j),(-4.39238292722e-06+5.10409862883e-07j),(-4.08528945591e-06+4.03646994521e-07j),(-3.82456509422e-06+4.4390330066e-07j),(-3.4946606035e-06+4.305309054e-07j),(-3.12134624694e-06+3.98672387618e-07j),(-2.88875697692e-06+3.50802071545e-07j),(-2.70806055761e-06+3.79254280669e-07j),(-2.54141370738e-06+3.94120379613e-07j),(-2.48709539593e-06+3.60230088592e-07j),(-2.39678367511e-06+3.43114183632e-07j),(-2.25119298218e-06+2.6287488982e-07j),
,,(1.07340798675e-10+0.000378316780243j),(-0.000136529719093+3.69988307321e-05j),(-6.70740862802e-05+9.60759473383e-06j),(-4.53409278202e-05+5.78806461922e-06j),(-3.48572265361e-05+3.83639854643e-06j),(-2.83946473145e-05+2.73402361081e-06j),(-2.40849099399e-05+2.09469723463e-06j),(-2.08725165691e-05+1.58719325689e-06j),(-1.83404205574e-05+1.19090562011e-06j),(-1.63361742142e-05+9.3072546995e-07j),(-1.47639678494e-05+7.33275182234e-07j),(-1.35042704195e-05+5.80148247914e-07j),(-1.25090799046e-05+5.5570072054e-07j),(-1.14867661313e-05+5.17911845784e-07j),(-1.0554386805e-05+4.53313380203e-07j),(-9.78068010216e-06+3.90169380208e-07j),(-9.18804094547e-06+3.40465324402e-07j),(-8.66742974497e-06+3.111420796e-07j),(-8.26872954448e-06+2.84329612988e-07j),(-7.89635461039e-06+2.28101900242e-07j),(-7.4854434667e-06+1.72564936708e-07j),
,,(1.15592789912e-10+0.000391903477505j),(-0.000139289840104+3.60521976507e-05j),(-6.76319183488e-05+8.93903090757e-06j),(-4.56037767731e-05+5.65166914042e-06j),(-3.51030156137e-05+3.68880607257e-06j),(-2.86038226597e-05+2.57851131737e-06j),(-2.42877260891e-05+1.92979982662e-06j),(-2.10373909401e-05+1.38712508471e-06j),(-1.84940410449e-05+1.01636901367e-06j),(-1.64610115581e-05+7.73567646881e-07j),(-1.48820756067e-05+5.62442251162e-07j),(-1.36600709324e-05+4.20477316433e-07j),(-1.26278353002e-05+3.90790238514e-07j),(-1.16524652959e-05+3.62137646675e-07j),(-1.06967151015e-05+3.06285019219e-07j),(-9.9491148271e-06+2.26562070879e-07j),(-9.30336020362e-06+2.36816937233e-07j),(-8.77167428062e-06+1.88905583736e-07j),(-8.38359579525e-06+1.31980770533e-07j),(-8.00776620857e-06+7.42140938455e-08j),(-7.62556187269e-06+4.37425259713e-08j),
,,(1.19648475813e-10+0.000397192695463j),(-0.000140362601667+3.58229770078e-05j),(-6.81376412463e-05+8.70675685723e-06j),(-4.59113303884e-05+5.58112566308e-06j),(-3.53377743718e-05+3.60424902081e-06j),(-2.87946994105e-05+2.52062178952e-06j),(-2.44246947634e-05+1.8764135839e-06j),(-2.11516261956e-05+1.34048354445e-06j),(-1.86203951023e-05+9.69722354001e-07j),(-1.65749659343e-05+6.851502649e-07j),(-1.49922487648e-05+4.86864833729e-07j),(-1.3759613859e-05+3.1850875598e-07j),(-1.2678162557e-05+2.99440162298e-07j),(-1.17032033917e-05+2.38826146898e-07j),(-1.07361919513e-05+1.91582692654e-07j),(-1.00067914411e-05+9.17854363662e-08j),(-9.38599296673e-06+9.08837921699e-08j),(-8.86932480935e-06+2.04900523483e-08j),(-8.469731204e-06-7.80416813163e-09j),(-8.12558872422e-06-2.20761895165e-08j),(-7.69906289205e-06-6.60469439944e-08j),
,,(1.18146680358e-10+0.000400724261557j),(-0.000141174197928+3.58455030643e-05j),(-6.83694366397e-05+8.89851810468e-06j),(-4.61504020832e-05+5.83744953598e-06j),(-3.54702253688e-05+3.8808971235e-06j),(-2.88817034147e-05+2.82627169042e-06j),(-2.44952892292e-05+2.1716431198e-06j),(-2.11965326007e-05+1.63504133638e-06j),(-1.85635820823e-05+1.2028431681e-06j),(-1.65311228994e-05+9.17172253966e-07j),(-1.49221246924e-05+6.97112753801e-07j),(-1.36923576577e-05+5.11755109597e-07j),(-1.26220287788e-05+4.81291044785e-07j),(-1.16378174791e-05+4.47919513069e-07j),(-1.06690849593e-05+3.75390031128e-07j),(-9.92587912112e-06+2.76841644896e-07j),(-9.29976802994e-06+2.62852747317e-07j),(-8.81151954378e-06+2.35199783903e-07j),(-8.40505683622e-06+1.99492564379e-07j),(-8.03663680512e-06+1.53022604577e-07j),(-7.61618812216e-06+1.00382186275e-07j),
,,(1.21773414388e-10+0.000403258496414j),(-0.000140821198976+3.52837744949e-05j),(-6.83567254776e-05+8.47600409445e-06j),(-4.60757375591e-05+5.53072605864e-06j),(-3.54933412619e-05+3.57273885571e-06j),(-2.89257531219e-05+2.46262798576e-06j),(-2.45764015254e-05+1.83743145869e-06j),(-2.1313203232e-05+1.29501655456e-06j),(-1.87460230899e-05+9.4714086643e-07j),(-1.67036088491e-05+6.91046385869e-07j),(-1.50953253241e-05+5.01230144957e-07j),(-1.38620554212e-05+3.28317335584e-07j),(-1.27864119947e-05+3.37514459428e-07j),(-1.18099498465e-05+3.22118833085e-07j),(-1.08181334523e-05+2.57030932609e-07j),(-1.00636615607e-05+1.67914607088e-07j),(-9.41670622646e-06+1.87102181348e-07j),(-8.88805023353e-06+1.47419152113e-07j),(-8.48854529006e-06+9.75308364402e-08j),(-8.10504811326e-06+2.26245221399e-08j),(-7.70834590365e-06-3.04139408386e-08j),
,,(1.23375819757e-10+0.00040556716996j),(-0.000140469693469+3.46963705063e-05j),(-6.82295979451e-05+8.28393153487e-06j),(-4.60071823018e-05+5.44687175099e-06j),(-3.5437959062e-05+3.49728151157e-06j),(-2.89070058004e-05+2.42671231265e-06j),(-2.45529813042e-05+1.82318910149e-06j),(-2.12677231265e-05+1.28585472301e-06j),(-1.87145102702e-05+9.15921888634e-07j),(-1.66762143606e-05+6.45325150539e-07j),(-1.50653247348e-05+4.75357291723e-07j),(-1.38233827679e-05+3.17469801553e-07j),(-1.27717132946e-05+3.03615532191e-07j),(-1.17800883444e-05+2.76124744155e-07j),(-1.08101820328e-05+2.28289524106e-07j),(-1.00676506281e-05+1.18698274138e-07j),(-9.45332409841e-06+1.05289684227e-07j),(-8.92830968924e-06+9.46569305626e-08j),(-8.52830780886e-06+3.53686136264e-08j),(-8.13110266395e-06+2.97590215535e-08j),(-7.72978259929e-06-1.46146689873e-08j),
,,(1.24412188477e-10+0.000405921314192j),(-0.000139949577184+3.46034835819e-05j),(-6.80508676497e-05+8.33161389819e-06j),(-4.58415805434e-05+5.57094030693e-06j),(-3.53389053786e-05+3.62867470457e-06j),(-2.88107575141e-05+2.53110268951e-06j),(-2.44572396747e-05+1.94008563328e-06j),(-2.11748357462e-05+1.40208832862e-06j),(-1.86143284792e-05+1.02322709961e-06j),(-1.65743555737e-05+7.47147747643e-07j),(-1.49836824222e-05+5.52052478494e-07j),(-1.37522593033e-05+3.80908580925e-07j),(-1.27059655451e-05+3.75574429783e-07j),(-1.17176802868e-05+3.48605851186e-07j),(-1.07229224905e-05+3.13580776876e-07j),(-9.94308326478e-06+1.95074805961e-07j),(-9.34056521423e-06+1.93269321406e-07j),(-8.82899818471e-06+1.21720915387e-07j),(-8.45608032684e-06+8.84153273909e-08j),(-8.09786216781e-06+4.03672722566e-08j),(-7.68188499714e-06+1.85676065357e-08j),
,,(1.25049764793e-10+0.000408219390833j),(-0.000140405902497+3.42736938677e-05j),(-6.77428266962e-05+8.29345197106e-06j),(-4.57123563139e-05+5.73086254802e-06j),(-3.52192483851e-05+3.73009944621e-06j),(-2.86903062105e-05+2.60450918331e-06j),(-2.43460002792e-05+1.9701403191e-06j),(-2.10855280965e-05+1.42530538873e-06j),(-1.85412560977e-05+1.06831546737e-06j),(-1.65303282787e-05+8.01108642617e-07j),(-1.49274098682e-05+6.12928376292e-07j),(-1.36750035835e-05+4.34764225341e-07j),(-1.26010464969e-05+4.30357321163e-07j),(-1.16358791444e-05+3.81338794005e-07j),(-1.06423335706e-05+3.15052681644e-07j),(-9.90677311149e-06+2.08441516616e-07j),(-9.2939490865e-06+1.97831416651e-07j),(-8.78543154838e-06+1.61879469699e-07j),(-8.39748333125e-06+1.12354034374e-07j),(-8.00555194038e-06+7.34605486541e-08j),(-7.62563932356e-06+4.92909043731e-08j),
,,(1.25061702992e-10+0.000407451275482j),(-0.000139786564036+3.3892867006e-05j),(-6.75211955615e-05+7.97759216649e-06j),(-4.56441046789e-05+5.48150527789e-06j),(-3.52125370494e-05+3.53024940359e-06j),(-2.87210253573e-05+2.44376591218e-06j),(-2.44046288462e-05+1.86343168896e-06j),(-2.11386229932e-05+1.34435776332e-06j),(-1.85906604277e-05+9.74708690426e-07j),(-1.6544446927e-05+6.99926451031e-07j),(-1.494436284e-05+5.07617960434e-07j),(-1.37185071562e-05+3.38209281967e-07j),(-1.2689789407e-05+3.09404218622e-07j),(-1.17092554076e-05+2.7868446007e-07j),(-1.07498013407e-05+2.39454342415e-07j),(-9.98797742777e-06+1.59823013916e-07j),(-9.35545799932e-06+1.55629948535e-07j),(-8.84002860315e-06+1.01914818631e-07j),(-8.43588887184e-06+6.37381750145e-08j),(-8.07487337992e-06+2.9503915034e-08j),(-7.67868521591e-06-1.60441623057e-08j),
,,(1.23416188709e-10+0.000407206510369j),(-0.00013923590682+3.39752166062e-05j),(-6.73401879258e-05+8.14057689611e-06j),(-4.55442201833e-05+5.69772787751e-06j),(-3.51109166492e-05+3.73935351209e-06j),(-2.86240212207e-05+2.64565474319e-06j),(-2.42950036656e-05+2.03114412302e-06j),(-2.10388025947e-05+1.51389298552e-06j),(-1.84801190788e-05+1.15239189871e-06j),(-1.64708917153e-05+8.72833657672e-07j),(-1.48774159184e-05+6.76054175243e-07j),(-1.36470844696e-05+5.10832994598e-07j),(-1.26071767039e-05+4.99655609748e-07j),(-1.15978182861e-05+4.51491261954e-07j),(-1.06277387633e-05+4.10815208057e-07j),(-9.86095218342e-06+3.042560975e-07j),(-9.22334248842e-06+2.81208470894e-07j),(-8.72191902629e-06+2.58551677383e-07j),(-8.32536936616e-06+1.99025332005e-07j),(-7.95433345133e-06+1.52557052505e-07j),(-7.55336612445e-06+1.396043823e-07j),
,,(1.22899989717e-10+0.000406860387211j),(-0.000138776265131+3.38069770289e-05j),(-6.72046587446e-05+7.99665523561e-06j),(-4.54317958995e-05+5.54186907189e-06j),(-3.50381181336e-05+3.55814967905e-06j),(-2.85490729975e-05+2.44419955202e-06j),(-2.42380172043e-05+1.8366800754e-06j),(-2.09907632795e-05+1.27401223286e-06j),(-1.84635554871e-05+9.0210166065e-07j),(-1.64555878004e-05+6.25272731758e-07j),(-1.48916497181e-05+4.29964009458e-07j),(-1.36579864356e-05+2.60069292399e-07j),(-1.26281254075e-05+2.79775588121e-07j),(-1.16464103661e-05+2.48546101946e-07j),(-1.06824435239e-05+2.06991293084e-07j),(-9.95375622059e-06+1.03270401909e-07j),(-9.32657937846e-06+9.1132409793e-08j),(-8.82629511941e-06+6.77369446724e-08j),(-8.42973801656e-06+5.35757564108e-08j),(-8.0624776925e-06-4.82255334579e-09j),(-7.65642270833e-06-4.54448720928e-08j),
,,(1.20995478463e-10+0.000406301112147j),(-0.00013819607999+3.38814073339e-05j),(-6.70089748113e-05+8.03094301309e-06j),(-4.53107435361e-05+5.57143114772e-06j),(-3.49428386192e-05+3.62224607269e-06j),(-2.8498017059e-05+2.50333283325e-06j),(-2.41786169198e-05+1.90557103041e-06j),(-2.09586749737e-05+1.36355819909e-06j),(-1.84138694451e-05+9.85630148109e-07j),(-1.63754260943e-05+7.28011695155e-07j),(-1.48141947216e-05+5.20331444699e-07j),(-1.35806572049e-05+3.59915367392e-07j),(-1.25552590634e-05+3.42179249502e-07j),(-1.15866018675e-05+2.9189733382e-07j),(-1.06176783074e-05+2.41230933326e-07j),(-9.86558931075e-06+1.70114648815e-07j),(-9.23558546938e-06+1.80447541699e-07j),(-8.71585397981e-06+1.17499626734e-07j),(-8.31318934409e-06+9.25524463002e-08j),(-7.95117840074e-06+1.56635097909e-08j),(-7.55604279397e-06-3.74142174572e-08j),
,,(1.26396470541e-10+0.000406660898744j),(-0.00013794424297+3.34112581816e-05j),(-6.68928017766e-05+7.85088650292e-06j),(-4.52822164442e-05+5.45558209939e-06j),(-3.49629230329e-05+3.52943426981e-06j),(-2.85157663228e-05+2.41480201901e-06j),(-2.42007743561e-05+1.80246341558e-06j),(-2.09784814597e-05+1.27564009224e-06j),(-1.84756906073e-05+8.9942461069e-07j),(-1.64784916941e-05+6.25668881145e-07j),(-1.49198546853e-05+4.49581560921e-07j),(-1.3693984493e-05+3.03354967692e-07j),(-1.26556731572e-05+3.30370433115e-07j),(-1.16876775985e-05+3.03882177591e-07j),(-1.07051622704e-05+2.79407378324e-07j),(-9.94668581002e-06+1.89735826867e-07j),(-9.31660440414e-06+1.94663870985e-07j),(-8.80269914818e-06+1.58897723244e-07j),(-8.42316970581e-06+1.27398758842e-07j),(-8.03300088234e-06+8.76826583165e-08j),(-7.63155664331e-06+4.14450235667e-08j),
,,(1.22096137204e-10+0.000406293646699j),(-0.000137483396789+3.3620084556e-05j),(-6.67399716485e-05+7.98582438882e-06j),(-4.51789573194e-05+5.58322731932e-06j),(-3.48404813513e-05+3.68332091349e-06j),(-2.84027067302e-05+2.58741310303e-06j),(-2.41047403179e-05+1.97058044072e-06j),(-2.08890849767e-05+1.44249259048e-06j),(-1.8361850982e-05+1.03881636463e-06j),(-1.63577545976e-05+7.88015866115e-07j),(-1.47890232862e-05+5.77994644236e-07j),(-1.35751864033e-05+4.22879237175e-07j),(-1.25643087688e-05+4.11376226139e-07j),(-1.15913508946e-05+3.78596691792e-07j),(-1.06063763447e-05+3.49417211421e-07j),(-9.87574065253e-06+2.79444003412e-07j),(-9.23951154891e-06+2.58982323021e-07j),(-8.73740022825e-06+2.33529293726e-07j),(-8.34169280673e-06+2.07178708567e-07j),(-7.9634339805e-06+1.77984465294e-07j),(-7.54266005126e-06+1.16985969291e-07j),
,,(1.25587861309e-10+0.000405441177883j),(-0.000136964239239+3.34165654288e-05j),(-6.65456420574e-05+7.80139399719e-06j),(-4.50428283928e-05+5.42511460162e-06j),(-3.47693596762e-05+3.46480185497e-06j),(-2.83960766511e-05+2.35659263202e-06j),(-2.40990487758e-05+1.76531934857e-06j),(-2.088720409e-05+1.218510293e-06j),(-1.83877090403e-05+8.73759462141e-07j),(-1.63965943122e-05+6.31178017301e-07j),(-1.48131293098e-05+4.43254495877e-07j),(-1.35869159771e-05+2.88250600396e-07j),(-1.25691974093e-05+2.83812953219e-07j),(-1.16013533391e-05+2.39811886665e-07j),(-1.06460836879e-05+1.92684416106e-07j),(-9.91616485274e-06+1.17788718592e-07j),(-9.26013776519e-06+1.45321317979e-07j),(-8.75981420992e-06+7.88208793281e-08j),(-8.36580768367e-06+5.94454155543e-08j),(-7.98183245596e-06+1.30841682235e-08j),(-7.58366131853e-06-1.62738721755e-08j),
,,(1.22770793135e-10+0.000404744735921j),(-0.000136506459539+3.35103968735e-05j),(-6.64226531824e-05+7.95254363956e-06j),(-4.49808244849e-05+5.55434944862e-06j),(-3.47143688134e-05+3.61971734429e-06j),(-2.82952483038e-05+2.50652129313e-06j),(-2.40220253757e-05+1.92662143828e-06j),(-2.07996599639e-05+1.37082173561e-06j),(-1.83096895027e-05+9.94676411013e-07j),(-1.63028609831e-05+7.38828898117e-07j),(-1.4754315603e-05+5.34271039201e-07j),(-1.35256430108e-05+3.78747126262e-07j),(-1.24984029034e-05+3.61988418954e-07j),(-1.15397398857e-05+3.51745898521e-07j),(-1.05777710237e-05+2.99663668777e-07j),(-9.81375310811e-06+2.24746457676e-07j),(-9.17880033186e-06+2.00499194286e-07j),(-8.65821071237e-06+1.49259618658e-07j),(-8.26683666124e-06+1.10314731398e-07j),(-7.91284105743e-06+5.82836852053e-08j),(-7.52706378283e-06-3.07076423625e-09j),
,,(1.23828169362e-10+0.000404493027618j),(-0.000136224595838+3.35582939276e-05j),(-6.63267546967e-05+7.87800127444e-06j),(-4.49026464225e-05+5.47852518222e-06j),(-3.46492493462e-05+3.54111570381e-06j),(-2.82199587145e-05+2.43537908441e-06j),(-2.39670241315e-05+1.82069161649e-06j),(-2.07560637745e-05+1.29998133752e-06j),(-1.8242659322e-05+9.12102734466e-07j),(-1.62765493004e-05+6.50627973039e-07j),(-1.46990775184e-05+4.41170661676e-07j),(-1.34779928047e-05+2.8177129398e-07j),(-1.24417432209e-05+2.48158143579e-07j),(-1.14752277736e-05+2.24921404095e-07j),(-1.05413378637e-05+1.56919524301e-07j),(-9.78936305401e-06+8.78731727885e-08j),(-9.17916321711e-06+4.71063375174e-08j),(-8.67516693344e-06-3.66719885348e-09j),(-8.29021086181e-06-2.89721491859e-08j),(-7.92112765896e-06-8.41043676634e-08j),(-7.56052742138e-06-1.12234842143e-07j),
,,(1.2478474602e-10+0.000403913333432j),(-0.000135921634101+3.35691946975e-05j),(-6.62362627179e-05+7.84937765502e-06j),(-4.48646965264e-05+5.42548059036e-06j),(-3.46064570711e-05+3.48985008013e-06j),(-2.82247652585e-05+2.39088831132e-06j),(-2.39636587733e-05+1.79379956416e-06j),(-2.07830379373e-05+1.2692132239e-06j),(-1.8288822629e-05+8.8299508177e-07j),(-1.62990221088e-05+6.24104902603e-07j),(-1.47302321997e-05+4.38903117631e-07j),(-1.35346316626e-05+2.908448086e-07j),(-1.25033310144e-05+2.88212814724e-07j),(-1.15250739218e-05+2.53437110422e-07j),(-1.05679173116e-05+1.94619989794e-07j),(-9.84188181274e-06+1.21935539285e-07j),(-9.2197838106e-06+1.19556299365e-07j),(-8.73023702315e-06+7.63569092122e-08j),(-8.3427593079e-06+4.16266907879e-08j),(-7.96766314083e-06-8.24379947312e-09j),(-7.56091840643e-06-4.40356720226e-08j),
,,(1.24261168277e-10+0.000403624726355j),(-0.000135557406143+3.38572172115e-05j),(-6.61075379968e-05+8.08328005997e-06j),(-4.4744263285e-05+5.65839741246e-06j),(-3.4522888171e-05+3.73701945735e-06j),(-2.8124465301e-05+2.62230163755e-06j),(-2.38671699023e-05+2.00766863373e-06j),(-2.06772849231e-05+1.47597229758e-06j),(-1.81685604806e-05+1.07967238261e-06j),(-1.61541383354e-05+8.19983052449e-07j),(-1.45826030549e-05+6.20473988508e-07j),(-1.33484923259e-05+4.19930822392e-07j),(-1.23459877399e-05+3.6875516379e-07j),(-1.14028063203e-05+3.52329954499e-07j),(-1.04567989141e-05+2.72234109111e-07j),(-9.7482143561e-06+2.03984460233e-07j),(-9.16089999796e-06+2.11256602488e-07j),(-8.64797601054e-06+1.84859916969e-07j),(-8.24861791371e-06+1.48438551044e-07j),(-7.88140293983e-06+9.76599056205e-08j),(-7.49089782169e-06+6.4990707989e-08j),
,,(1.23158754619e-10+0.000403427531645j),(-0.000135175224382+3.3670368825e-05j),(-6.60278158444e-05+7.77676272458e-06j),(-4.47366051931e-05+5.40289447926e-06j),(-3.45286946188e-05+3.48044030604e-06j),(-2.81597397173e-05+2.39013088773e-06j),(-2.39211398641e-05+1.76767546991e-06j),(-2.07399287673e-05+1.22606605404e-06j),(-1.82787627459e-05+8.83103438645e-07j),(-1.62889396384e-05+6.39172700281e-07j),(-1.47306893998e-05+4.72114195281e-07j),(-1.35144469435e-05+2.91321766718e-07j),(-1.24771205308e-05+2.89425025796e-07j),(-1.15305578234e-05+2.62395275064e-07j),(-1.05682381113e-05+2.14193873635e-07j),(-9.81849865882e-06+1.3967881585e-07j),(-9.19346653797e-06+1.43400375439e-07j),(-8.67325427894e-06+1.14723655836e-07j),(-8.26878252407e-06+7.45026611294e-08j),(-7.90605197075e-06+4.7460678548e-09j),(-7.49304724156e-06-4.30353980446e-08j),
,,(9.79700381821e-11+0.000298686402448j),(-8.63065759537e-05+1.55018765497e-05j),(-4.1895146943e-05+5.80327026354e-06j),(-2.96548035692e-05+4.39293206225e-06j),(-2.32088157003e-05+2.69177323684e-06j),(-1.90071444492e-05+1.87119966492e-06j),(-1.62706307729e-05+1.39810318445e-06j),(-1.41660482905e-05+9.61117145429e-07j),(-1.24963935579e-05+6.58336404911e-07j),(-1.11684521679e-05+4.28824260645e-07j),(-1.0119895461e-05+3.05835551157e-07j),(-9.3255703463e-06+1.93866014147e-07j),(-8.63153645047e-06+2.18394580785e-07j),(-7.95581760701e-06+1.89370310426e-07j),(-7.24043498121e-06+1.44481670227e-07j),(-6.72685276253e-06+9.69904693301e-08j),(-6.27729259282e-06+8.06212522042e-08j),(-5.91934366733e-06+4.22603663387e-08j),(-5.67823983506e-06-1.23394197339e-08j),(-5.46213721681e-06-5.43239563518e-08j),(-5.22607978162e-06-1.05321383529e-07j),
,,(1.14851368712e-10+0.000344703492722j),(-9.99169803566e-05+1.74348416347e-05j),(-4.79933021124e-05+5.04853367009e-06j),(-3.33131511944e-05+4.4714954799e-06j),(-2.59563197233e-05+2.73193598999e-06j),(-2.1145001551e-05+1.88599982091e-06j),(-1.80759637265e-05+1.38351307122e-06j),(-1.57030884861e-05+9.3451617822e-07j),(-1.38610412871e-05+6.16282911658e-07j),(-1.23525090652e-05+3.77966834989e-07j),(-1.12147977784e-05+2.31514001101e-07j),(-1.03381905701e-05+1.21539189149e-07j),(-9.56323519446e-06+1.33636978243e-07j),(-8.80112051181e-06+1.17235167359e-07j),(-8.04045561573e-06+5.40151271072e-08j),(-7.47238900387e-06-4.30919602577e-10j),(-6.99348512658e-06-6.32140200275e-09j),(-6.6427381226e-06-4.77120922266e-08j),(-6.3925592405e-06-9.31505561094e-08j),(-6.12241224362e-06-9.94353728141e-08j),(-5.84168520121e-06-1.43960827459e-07j),
,,(1.24251342757e-10+0.000366333778136j),(-0.000105785695866+1.87371505368e-05j),(-5.08437821373e-05+5.05595408732e-06j),(-3.50884841784e-05+4.67140467772e-06j),(-2.72647472336e-05+2.91024392484e-06j),(-2.22023646357e-05+2.13379989248e-06j),(-1.89454889566e-05+1.6554293914e-06j),(-1.64685804041e-05+1.19149560521e-06j),(-1.44957143639e-05+8.51485292436e-07j),(-1.28710831496e-05+6.30804149336e-07j),(-1.16794199071e-05+4.94772250776e-07j),(-1.07371097351e-05+3.54487296411e-07j),(-9.91940173291e-06+3.54329882766e-07j),(-9.10700157253e-06+3.19550987627e-07j),(-8.32093773225e-06+2.71330537656e-07j),(-7.72930240321e-06+2.11379723232e-07j),(-7.2424498521e-06+1.74664627876e-07j),(-6.84162376593e-06+1.33105738768e-07j),(-6.54634039036e-06+9.01114739924e-08j),(-6.27772601081e-06+5.50042887013e-08j),(-5.97957653264e-06+5.69911455748e-09j),
,,(1.25343910862e-10+0.000378467477308j),(-0.000109081197578+1.91676262237e-05j),(-5.22667413749e-05+4.82861414097e-06j),(-3.60010191482e-05+4.66880187946e-06j),(-2.80243279346e-05+2.87518409691e-06j),(-2.28397029622e-05+2.07095078927e-06j),(-1.94763526435e-05+1.62493635943e-06j),(-1.68656705048e-05+1.18579011967e-06j),(-1.48211405315e-05+8.42972191555e-07j),(-1.31809966955e-05+5.96760079771e-07j),(-1.19467673929e-05+3.93159917624e-07j),(-1.09861856453e-05+2.2847452856e-07j),(-1.01747457379e-05+2.64861440751e-07j),(-9.40967723278e-06+2.36028356405e-07j),(-8.58867049719e-06+2.09261313799e-07j),(-7.97527887354e-06+1.47756412728e-07j),(-7.45762568267e-06+1.35125822652e-07j),(-7.043291707e-06+9.18790775772e-08j),(-6.74222527585e-06+3.86795070734e-08j),(-6.4660943924e-06-1.44308037657e-08j),(-6.17784087551e-06-4.65234587063e-08j),
,,(1.28730085984e-10+0.000389448435945j),(-0.000112840969647+1.98781369777e-05j),(-5.40320204761e-05+4.56275309314e-06j),(-3.7175650303e-05+4.52207516531e-06j),(-2.89367415359e-05+2.69528485646e-06j),(-2.35892177403e-05+1.82486288812e-06j),(-2.01261997644e-05+1.38973578102e-06j),(-1.74548603498e-05+9.07500366259e-07j),(-1.53738249417e-05+6.1682092424e-07j),(-1.37195915912e-05+3.92589764987e-07j),(-1.24113692753e-05+2.10455052537e-07j),(-1.14322920338e-05+8.46761594688e-08j),(-1.06123811539e-05+9.29083783346e-08j),(-9.8068580822e-06+8.0108533556e-08j),(-8.95886344528e-06+6.39306359116e-08j),(-8.33306859183e-06+2.34528658432e-08j),(-7.78969200032e-06+1.80143659355e-08j),(-7.37341082953e-06-1.50217749803e-08j),(-7.05062518882e-06-5.89672098113e-08j),(-6.74880626175e-06-8.46594005995e-08j),(-6.42048228808e-06-1.44200156207e-07j),
,,(1.36125908994e-10+0.000403251760139j),(-0.000117571609827+2.02307984847e-05j),(-5.59324652928e-05+4.49957698944e-06j),(-3.84075268081e-05+4.61082859123e-06j),(-2.98942002787e-05+2.7636383702e-06j),(-2.43786990098e-05+1.92478459591e-06j),(-2.07668906396e-05+1.42792407249e-06j),(-1.80142619017e-05+9.98896683254e-07j),(-1.58659636388e-05+6.83492912435e-07j),(-1.41368180518e-05+4.88306922457e-07j),(-1.2781667341e-05+2.97842216413e-07j),(-1.17177593025e-05+1.63095277046e-07j),(-1.0851831421e-05+1.27575737726e-07j),(-1.00094219747e-05+1.06597163753e-07j),(-9.1578680535e-06+4.91183096371e-08j),(-8.53849028356e-06-2.99195533018e-08j),(-8.02426066746e-06-3.17813677505e-08j),(-7.5793732108e-06-4.35740905075e-08j),(-7.27200558333e-06-7.23874436363e-08j),(-6.95640839595e-06-1.10775300302e-07j),(-6.59535117245e-06-1.11513088003e-07j),
,,(1.39271252146e-10+0.000412572027266j),(-0.00012040996142+2.0582603139e-05j),(-5.71852021169e-05+4.53764566765e-06j),(-3.92465686054e-05+4.69288097083e-06j),(-3.0514725759e-05+2.8312815902e-06j),(-2.48710595456e-05+1.95765631002e-06j),(-2.12026416777e-05+1.47452439002e-06j),(-1.83881598445e-05+1.0123544147e-06j),(-1.6199507529e-05+7.16097026007e-07j),(-1.44415341532e-05+4.93124812457e-07j),(-1.30845945602e-05+3.24083349468e-07j),(-1.20088267087e-05+1.9506200018e-07j),(-1.11259650151e-05+2.09364033523e-07j),(-1.0250431269e-05+2.09583345238e-07j),(-9.37799471859e-06+1.78930956237e-07j),(-8.70674836574e-06+9.99132672739e-08j),(-8.15268815038e-06+8.30797213078e-08j),(-7.68534726017e-06+4.3482193596e-08j),(-7.36765584725e-06-1.1723932998e-08j),(-7.04055610509e-06-5.3747411137e-08j),(-6.69788998823e-06-8.90790778617e-08j),
,,(1.37044638175e-10+0.000419816999301j),(-0.000122661953116+2.0972498286e-05j),(-5.81471864914e-05+4.69889431483e-06j),(-3.98364797215e-05+4.92487445488e-06j),(-3.09726086169e-05+3.03316839792e-06j),(-2.5212698025e-05+2.14689105601e-06j),(-2.14464851e-05+1.686099305e-06j),(-1.86010868469e-05+1.18590755974e-06j),(-1.63589878046e-05+8.73540025391e-07j),(-1.4579906894e-05+6.46066973474e-07j),(-1.31984810261e-05+4.69003331007e-07j),(-1.21060189737e-05+3.11510934107e-07j),(-1.12044749871e-05+3.19488115571e-07j),(-1.03131422993e-05+2.81958659807e-07j),(-9.4562520625e-06+2.65259378387e-07j),(-8.76484489022e-06+2.01761785829e-07j),(-8.21107898029e-06+1.93767425261e-07j),(-7.76450611255e-06+1.64271966967e-07j),(-7.42726833743e-06+8.69491783295e-08j),(-7.09789705145e-06+6.01807981929e-08j),(-6.73560074576e-06+3.07859056388e-08j),
,,(1.40075837185e-10+0.000425143791705j),(-0.000124284155939+2.09768548725e-05j),(-5.88602486717e-05+4.56732048267e-06j),(-4.02926500498e-05+4.8251407142e-06j),(-3.13019181408e-05+2.94405171795e-06j),(-2.55089016053e-05+2.05647378531e-06j),(-2.17215672496e-05+1.55803082784e-06j),(-1.88293281962e-05+1.10824010481e-06j),(-1.65744631201e-05+7.98988765632e-07j),(-1.47582537253e-05+5.80148042524e-07j),(-1.33491821704e-05+3.98286720601e-07j),(-1.2218765061e-05+2.48442443244e-07j),(-1.1295812799e-05+2.39038460701e-07j),(-1.04260346307e-05+2.13564008401e-07j),(-9.54105634712e-06+1.46469903205e-07j),(-8.89066042719e-06+6.15918806205e-08j),(-8.31967412004e-06+8.31457140154e-08j),(-7.86750291727e-06+4.27597648292e-08j),(-7.54913539362e-06+7.4680121323e-09j),(-7.20376767553e-06-3.91514675056e-08j),(-6.8436238199e-06-7.77952151105e-08j),
,,(1.40790649802e-10+0.000429657149736j),(-0.000125565697479+2.11141905465e-05j),(-5.94079805497e-05+4.61944775218e-06j),(-4.06138476072e-05+4.92888952955e-06j),(-3.15762782899e-05+3.02956393696e-06j),(-2.57118813803e-05+2.14988755279e-06j),(-2.1885951026e-05+1.68414689251e-06j),(-1.89692358166e-05+1.23291704331e-06j),(-1.6690902496e-05+9.01472151688e-07j),(-1.48235068806e-05+6.45871341464e-07j),(-1.34094026727e-05+4.63698497105e-07j),(-1.2319099664e-05+2.90458936325e-07j),(-1.14072932324e-05+2.82590890835e-07j),(-1.0529156853e-05+2.76363239137e-07j),(-9.62704683917e-06+2.50041400985e-07j),(-8.96664665501e-06+1.86353479306e-07j),(-8.37908492317e-06+1.78114561887e-07j),(-7.89002241674e-06+1.51602686689e-07j),(-7.55189454244e-06+1.14966207756e-07j),(-7.21502696507e-06+5.41969604364e-08j),(-6.85618112333e-06+8.37708574202e-09j),
,,(1.43144527464e-10+0.000433042231839j),(-0.000126507254412+2.09073749086e-05j),(-5.98412509054e-05+4.45057939411e-06j),(-4.09102863752e-05+4.76666821844e-06j),(-3.18173083881e-05+2.88880389496e-06j),(-2.59034003024e-05+2.01819139516e-06j),(-2.20870950416e-05+1.56332200608e-06j),(-1.91444510082e-05+1.0774607965e-06j),(-1.68518332577e-05+7.91498403236e-07j),(-1.49919991194e-05+5.30354191944e-07j),(-1.3583438447e-05+3.6209800296e-07j),(-1.24534913904e-05+1.98649582032e-07j),(-1.15407683925e-05+2.35045769386e-07j),(-1.06503050814e-05+2.28358737968e-07j),(-9.72923480195e-06+1.97570784855e-07j),(-9.03365118239e-06+1.4248518244e-07j),(-8.42487158583e-06+1.2085703984e-07j),(-7.96380880199e-06+7.32980486232e-08j),(-7.59370760804e-06-1.1270844265e-08j),(-7.26270303812e-06-8.38182368272e-08j),(-6.92118501593e-06-1.12974788265e-07j),
,,(1.44426221335e-10+0.000436141538829j),(-0.000127357735734+2.10129844844e-05j),(-6.01998874912e-05+4.51723296204e-06j),(-4.11453266373e-05+4.86426486202e-06j),(-3.19993182465e-05+3.02229591579e-06j),(-2.6061639089e-05+2.14663748514e-06j),(-2.21830246425e-05+1.67529429069e-06j),(-1.92128984479e-05+1.21208784566e-06j),(-1.69277774118e-05+9.14847737866e-07j),(-1.50715546459e-05+6.77170633324e-07j),(-1.36203396869e-05+4.98627232724e-07j),(-1.2482553003e-05+3.11712551812e-07j),(-1.15803098178e-05+3.16043482077e-07j),(-1.07000898188e-05+2.98784316055e-07j),(-9.8078075317e-06+2.61467624756e-07j),(-9.12084618862e-06+2.54939800581e-07j),(-8.49226146445e-06+2.27118862127e-07j),(-8.0273384454e-06+2.10246341188e-07j),(-7.65108215649e-06+1.60906784993e-07j),(-7.30565002211e-06+1.35355963329e-07j),(-6.9432920363e-06+8.25036625094e-08j),
,,(1.46468547831e-10+0.000438478034715j),(-0.000128003822569+2.08191183619e-05j),(-6.04711235059e-05+4.36986978414e-06j),(-4.13149957935e-05+4.73758801233e-06j),(-3.21050325315e-05+2.87510721474e-06j),(-2.61389243803e-05+1.98484680631e-06j),(-2.22347080116e-05+1.50330736509e-06j),(-1.92778142061e-05+1.00769192577e-06j),(-1.69454780931e-05+7.05885906147e-07j),(-1.50896802648e-05+4.43542524839e-07j),(-1.37037386318e-05+2.71820867438e-07j),(-1.25561711374e-05+1.3602932823e-07j),(-1.16345714016e-05+1.1073988199e-07j),(-1.07485944629e-05+1.02473708446e-07j),(-9.8429411848e-06+5.06750908781e-08j),(-9.15848814651e-06-1.97671288728e-08j),(-8.57616686404e-06-2.97244269902e-08j),(-8.09446751579e-06-5.06950078648e-08j),(-7.77925727379e-06-9.95497044504e-08j),(-7.42762228326e-06-1.06323762339e-07j),(-7.08993202199e-06-1.56359556379e-07j),
,,(1.48674698887e-10+0.000441361230337j),(-0.000128771027288+2.11229562753e-05j),(-6.07681708552e-05+4.60148578686e-06j),(-4.14851808817e-05+4.97403082692e-06j),(-3.22248293165e-05+3.10592352371e-06j),(-2.62336980454e-05+2.20564396967e-06j),(-2.22911516235e-05+1.70846730042e-06j),(-1.92921961251e-05+1.23885595605e-06j),(-1.69772720865e-05+8.85820187613e-07j),(-1.50897126035e-05+6.22448539432e-07j),(-1.36500042338e-05+4.45696583765e-07j),(-1.25406176582e-05+2.81317141186e-07j),(-1.15969704387e-05+2.76968399659e-07j),(-1.07239835424e-05+2.29616668415e-07j),(-9.81012712077e-06+2.20591144832e-07j),(-9.1461496914e-06+1.55438588319e-07j),(-8.55791779179e-06+1.50851884882e-07j),(-8.07433292063e-06+1.32066865333e-07j),(-7.71145639887e-06+8.73588042653e-08j),(-7.37529215062e-06+3.91538551005e-08j),(-6.9948527221e-06+4.42212412703e-09j),
,,(1.50493037238e-10+0.000443292052448j),(-0.000129408960311+2.08086769277e-05j),(-6.10333387603e-05+4.29918755619e-06j),(-4.16755582932e-05+4.71644118591e-06j),(-3.2371740046e-05+2.84194000345e-06j),(-2.63954142357e-05+1.94743434962e-06j),(-2.24620356746e-05+1.45939873568e-06j),(-1.94749152604e-05+9.96526087687e-07j),(-1.71360108735e-05+6.65972587067e-07j),(-1.52653993932e-05+4.18437816318e-07j),(-1.38322657109e-05+2.27247560703e-07j),(-1.27124630002e-05+9.58287662364e-08j),(-1.17835629413e-05+9.26163976885e-08j),(-1.09000417825e-05+6.85930515969e-08j),(-9.97667246195e-06+5.88398206181e-08j),(-9.29492824555e-06+7.05458918115e-10j),(-8.68441199445e-06+6.30568028292e-09j),(-8.20330811528e-06-1.64003273037e-08j),(-7.83384865022e-06-7.96002462294e-08j),(-7.50018797635e-06-1.06312899392e-07j),(-7.1439204089e-06-1.43644467552e-07j),
,,(1.48853165173e-10+0.000445086600425j),(-0.000129892112044+2.06964398224e-05j),(-6.1290469684e-05+4.19041109841e-06j),(-4.18559890213e-05+4.6299441311e-06j),(-3.25613575776e-05+2.74435118285e-06j),(-2.65389030817e-05+1.87555940912e-06j),(-2.26141894785e-05+1.42044206454e-06j),(-1.96119126512e-05+9.45986252291e-07j),(-1.72730339354e-05+6.51104285889e-07j),(-1.54056086508e-05+4.06763151569e-07j),(-1.39630324533e-05+2.20083734682e-07j),(-1.28102898855e-05+9.8132838062e-08j),(-1.18743170141e-05+1.08374852082e-07j),(-1.09538970898e-05+9.53578820991e-08j),(-1.00340536035e-05+9.14186962705e-08j),(-9.35257957942e-06+2.64630719105e-08j),(-8.75496490975e-06+4.05066775513e-08j),(-8.27177691216e-06+3.6050615577e-08j),(-7.89970516831e-06-1.69760958545e-08j),(-7.53092953203e-06-4.74358027827e-08j),(-7.13523834066e-06-9.44304984939e-08j),
,,(1.48399910838e-10+0.000447020454668j),(-0.000130255669541+2.11138045198e-05j),(-6.13730059759e-05+4.58046336964e-06j),(-4.18884642821e-05+5.05513584383e-06j),(-3.24879298695e-05+3.15141803092e-06j),(-2.64502930172e-05+2.24552249854e-06j),(-2.25086522582e-05+1.72681940279e-06j),(-1.94861031364e-05+1.21793538382e-06j),(-1.71467484887e-05+9.1079907386e-07j),(-1.52759779212e-05+6.57286669874e-07j),(-1.38422064899e-05+4.766071553e-07j),(-1.26914340513e-05+3.3308233093e-07j),(-1.17442126678e-05+3.32514628957e-07j),(-1.08497957824e-05+3.216400185e-07j),(-9.94455747609e-06+2.92877087598e-07j),(-9.23882410967e-06+2.41142569372e-07j),(-8.64423467528e-06+2.52228739087e-07j),(-8.15416032448e-06+2.32326678428e-07j),(-7.76159913656e-06+1.85366818538e-07j),(-7.40411460653e-06+1.56644801571e-07j),(-7.02581111194e-06+8.26312727219e-08j),
,,(1.48539168553e-10+0.000448266438177j),(-0.000130666945174+2.08929585175e-05j),(-6.15814387915e-05+4.33411177953e-06j),(-4.20142431972e-05+4.8239801078e-06j),(-3.26370273639e-05+2.95171423636e-06j),(-2.65569901534e-05+2.06273982948e-06j),(-2.25900457081e-05+1.58263293193e-06j),(-1.95765538432e-05+1.10862810431e-06j),(-1.72220057394e-05+7.72878006827e-07j),(-1.53421136545e-05+5.10315639041e-07j),(-1.38763819479e-05+3.16510714027e-07j),(-1.27297672322e-05+1.66268965568e-07j),(-1.17908098565e-05+1.50453713385e-07j),(-1.09007680111e-05+1.2651729375e-07j),(-9.97221021656e-06+1.04785124253e-07j),(-9.30288625882e-06+4.86967373796e-08j),(-8.72697882638e-06+4.25061562048e-08j),(-8.23170276988e-06+3.74035404444e-08j),(-7.87495416441e-06-2.79154858042e-08j),(-7.51097583123e-06-5.4988023813e-08j),(-7.12957799379e-06-1.26233043879e-07j),
,,(1.48046091049e-10+0.000449610466082j),(-0.000131019017195+2.08084571452e-05j),(-6.17146678256e-05+4.29489894146e-06j),(-4.2105379145e-05+4.77967698012e-06j),(-3.2697637034e-05+2.89579554606e-06j),(-2.66223444835e-05+1.99476915284e-06j),(-2.26401610172e-05+1.51443617395e-06j),(-1.96049464024e-05+1.01172304597e-06j),(-1.72852054273e-05+6.54286875765e-07j),(-1.54089225785e-05+4.24346748052e-07j),(-1.39661459637e-05+2.30028433537e-07j),(-1.28496864944e-05+1.10029008342e-07j),(-1.18939595613e-05+1.20231021427e-07j),(-1.10041101769e-05+1.23512222436e-07j),(-1.00905313939e-05+7.84047199685e-08j),(-9.37574230043e-06+1.59561743149e-08j),(-8.80431445512e-06+2.25594102528e-09j),(-8.29453028973e-06+2.99769772993e-09j),(-7.95692266019e-06-6.24734630754e-08j),(-7.60289445157e-06-8.70303956849e-08j),(-7.22740482942e-06-1.08599386556e-07j),
,,(1.48789815771e-10+0.000450786891256j),(-0.000131260497513+2.08961725586e-05j),(-6.18081858176e-05+4.37859663981e-06j),(-4.21712213262e-05+4.88750985973e-06j),(-3.27550890573e-05+3.00012360133e-06j),(-2.66533928141e-05+2.0932780054e-06j),(-2.26787406208e-05+1.61087949839e-06j),(-1.96527093519e-05+1.12758740793e-06j),(-1.72867636067e-05+7.97128449037e-07j),(-1.54155804638e-05+5.50197767858e-07j),(-1.39604284548e-05+3.70043963669e-07j),(-1.28098519492e-05+2.36529609896e-07j),(-1.18404332184e-05+2.44684457315e-07j),(-1.09136730196e-05+2.17126554882e-07j),(-9.99018079259e-06+1.7509767593e-07j),(-9.28833545683e-06+9.27352254301e-08j),(-8.71831331458e-06+8.39648998961e-08j),(-8.22805176804e-06+7.22009984584e-08j),(-7.91471122972e-06+2.7580687672e-08j),(-7.53902994904e-06+1.90714014537e-08j),(-7.17642459271e-06-2.08226598262e-08j),
,,(1.37664714494e-10+0.000414280890113j),(-0.000121135797049+1.73464470864e-05j),(-5.53964070871e-05+4.88520912539e-06j),(-3.846595941e-05+4.65644997387e-06j),(-2.98547106174e-05+3.07269739585e-06j),(-2.43743433414e-05+2.18403383116e-06j),(-2.07731998449e-05+1.70515637397e-06j),(-1.80221415018e-05+1.23786325387e-06j),(-1.58427521434e-05+9.15020810844e-07j),(-1.41283105913e-05+6.60575654579e-07j),(-1.27760310336e-05+5.14702306073e-07j),(-1.17325825538e-05+3.72566516888e-07j),(-1.08556607073e-05+3.84508550028e-07j),(-1.00087504099e-05+3.57043549699e-07j),(-9.15275840468e-06+3.03128033523e-07j),(-8.51077984606e-06+2.58473062185e-07j),(-7.92802024006e-06+2.32815991221e-07j),(-7.45799425734e-06+1.9785899151e-07j),(-7.13591543751e-06+1.23059521445e-07j),(-6.82334762977e-06+6.15235418888e-08j),(-6.50473769227e-06+1.80189121337e-08j),
,,(1.39519529552e-10+0.000421659058109j),(-0.000123947275677+1.82243560681e-05j),(-5.66386260667e-05+4.82980181264e-06j),(-3.93125399432e-05+4.70828295344e-06j),(-3.04755585165e-05+3.1682989832e-06j),(-2.48673602783e-05+2.27961080228e-06j),(-2.11580052143e-05+1.78606045382e-06j),(-1.83361471597e-05+1.28716567409e-06j),(-1.61206401015e-05+9.53877628806e-07j),(-1.43419924625e-05+7.15659808639e-07j),(-1.29878115325e-05+5.15856457993e-07j),(-1.19059616335e-05+3.57242987503e-07j),(-1.1044047077e-05+3.65943549674e-07j),(-1.01596198042e-05+3.44530395702e-07j),(-9.26660278329e-06+3.03739294895e-07j),(-8.59873610919e-06+2.26367551419e-07j),(-8.03501809234e-06+2.1219010182e-07j),(-7.60240607782e-06+1.52178153651e-07j),(-7.27705226849e-06+1.18061617843e-07j),(-6.92096738521e-06+6.06820235625e-08j),(-6.57388361913e-06+1.31274119052e-08j),
,,(1.39513380983e-10+0.000428803148913j),(-0.000126466560395+1.85471277005e-05j),(-5.78171847559e-05+4.45230397199e-06j),(-4.01078852387e-05+4.41847237661e-06j),(-3.11066509167e-05+2.85497589878e-06j),(-2.54228311021e-05+1.96299297591e-06j),(-2.16778253732e-05+1.49487100809e-06j),(-1.88181347349e-05+1.04589696762e-06j),(-1.65566840734e-05+7.33009442569e-07j),(-1.47714226641e-05+5.21447406539e-07j),(-1.33816937863e-05+3.52128683255e-07j),(-1.22817555993e-05+2.2403995306e-07j),(-1.13582090233e-05+2.39037553089e-07j),(-1.04805586484e-05+2.00330115119e-07j),(-9.58933389253e-06+1.63049553041e-07j),(-8.92300540605e-06+9.90124967623e-08j),(-8.33896146023e-06+9.06553985264e-08j),(-7.88053156435e-06+5.93354245635e-08j),(-7.54039239955e-06+3.72551770081e-09j),(-7.19901606087e-06-3.35005014993e-08j),(-6.84317381524e-06-6.35134892023e-08j),
,,(1.42614384124e-10+0.000433363020242j),(-0.000127759510678+1.89960975192e-05j),(-5.83771310533e-05+4.66650128355e-06j),(-4.04031489579e-05+4.66793373007e-06j),(-3.13216244514e-05+3.09600256641e-06j),(-2.55514785187e-05+2.18668452764e-06j),(-2.17663317479e-05+1.69677795832e-06j),(-1.88573897055e-05+1.24592826284e-06j),(-1.6607911718e-05+9.1951995603e-07j),(-1.47783294187e-05+6.66808914279e-07j),(-1.33595057764e-05+4.68532917236e-07j),(-1.22540224412e-05+3.45800321603e-07j),(-1.13197167191e-05+3.38022161335e-07j),(-1.04828346906e-05+3.0309287e-07j),(-9.56629519576e-06+2.60350736994e-07j),(-8.90893253821e-06+2.08428883358e-07j),(-8.35108263486e-06+1.81833918972e-07j),(-7.87525095213e-06+1.51330110578e-07j),(-7.55372970379e-06+9.66182705894e-08j),(-7.21207732374e-06+8.21875249852e-08j),(-6.85342705656e-06+3.92423512087e-08j),
,,(1.42397376652e-10+0.000436528288324j),(-0.000128872773636+1.90931309413e-05j),(-5.88866287903e-05+4.45760540943e-06j),(-4.07503706667e-05+4.54458576463e-06j),(-3.15716595374e-05+2.97485558546e-06j),(-2.57770587362e-05+2.11074825579e-06j),(-2.19289459914e-05+1.62766094433e-06j),(-1.90202292963e-05+1.14800737445e-06j),(-1.67259591216e-05+8.24235012877e-07j),(-1.48830287344e-05+5.6500173799e-07j),(-1.3454946169e-05+3.92854338247e-07j),(-1.23305955622e-05+2.31356098627e-07j),(-1.1409687012e-05+2.01040913262e-07j),(-1.0534365546e-05+1.68873505496e-07j),(-9.65663232019e-06+1.48777558944e-07j),(-8.97084902136e-06+7.00833979776e-08j),(-8.40439575893e-06+6.30520594523e-08j),(-7.93124541324e-06+1.57292997278e-08j),(-7.59208787908e-06-2.8600781224e-08j),(-7.24268051348e-06-5.65024633953e-08j),(-6.91355809513e-06-1.00017985469e-07j),
,,(1.48016744067e-10+0.000439116087802j),(-0.000129665576334+1.92591194787e-05j),(-5.92841560001e-05+4.41535457391e-06j),(-4.10255824768e-05+4.52309847663e-06j),(-3.179447234e-05+2.93771906641e-06j),(-2.59720948404e-05+2.0666247121e-06j),(-2.21153172829e-05+1.59507225168e-06j),(-1.91688486736e-05+1.13781537081e-06j),(-1.68854813585e-05+8.02331946388e-07j),(-1.50354030695e-05+5.67455554628e-07j),(-1.36156941427e-05+3.84714336791e-07j),(-1.24771049423e-05+2.49391703889e-07j),(-1.15788538124e-05+2.52587139199e-07j),(-1.06852532381e-05+2.3378708822e-07j),(-9.77019300792e-06+2.09261206821e-07j),(-9.08889417952e-06+1.60833093004e-07j),(-8.49594735686e-06+1.84582728152e-07j),(-8.02247814455e-06+1.57083466422e-07j),(-7.6045790858e-06+9.07322465988e-08j),(-7.25744378042e-06+4.61294099129e-08j),(-6.88480519033e-06-1.65348102484e-08j),
,,(1.48958094225e-10+0.000441496278232j),(-0.000130444582834+1.94107970066e-05j),(-5.96645888918e-05+4.34990081026e-06j),(-4.1235959941e-05+4.50349145082e-06j),(-3.19504165282e-05+2.91830892052e-06j),(-2.60854099397e-05+2.06455735808e-06j),(-2.22024935842e-05+1.56658128328e-06j),(-1.92715067859e-05+1.10057468414e-06j),(-1.69504679659e-05+7.78946968996e-07j),(-1.5083710725e-05+5.37483972433e-07j),(-1.36675794158e-05+3.37131221038e-07j),(-1.25368409818e-05+1.83670899065e-07j),(-1.16057900443e-05+1.92358352047e-07j),(-1.07290196363e-05+1.68378238491e-07j),(-9.84126065916e-06+1.35584484481e-07j),(-9.15674058197e-06+6.62402470341e-08j),(-8.57706378232e-06+8.34850785522e-08j),(-8.07727418516e-06+3.27241041595e-08j),(-7.73973760209e-06+7.2904668115e-09j),(-7.40459711524e-06-3.31702162638e-08j),(-7.02498134035e-06-5.93265644396e-08j),
,,(1.48100294053e-10+0.000444430673271j),(-0.000131213310202+1.94444648556e-05j),(-5.99289733418e-05+4.39123394717e-06j),(-4.13930549413e-05+4.54698089671e-06j),(-3.20405105902e-05+2.94863981479e-06j),(-2.61605285499e-05+2.05288175293e-06j),(-2.22417561758e-05+1.56871925598e-06j),(-1.9273445824e-05+1.08781089135e-06j),(-1.69695567884e-05+7.53449797437e-07j),(-1.50773812973e-05+4.65242964251e-07j),(-1.3676404839e-05+3.14019417332e-07j),(-1.25313180712e-05+1.57660604283e-07j),(-1.15946099486e-05+1.74602896609e-07j),(-1.06793795058e-05+1.13263111491e-07j),(-9.76698645041e-06+7.63386753577e-08j),(-9.08216708204e-06-1.07846144402e-08j),(-8.51229973491e-06-2.37426057395e-09j),(-8.04188147377e-06-4.61589041836e-08j),(-7.68539698789e-06-1.06818860474e-07j),(-7.36602421371e-06-1.76999773907e-07j),(-7.00817217175e-06-2.16226538464e-07j),
,,(1.45601667697e-10+0.000447401910888j),(-0.000131890563926+1.93402252258e-05j),(-6.0250065371e-05+4.37999521364e-06j),(-4.15680093293e-05+4.59572361811e-06j),(-3.21697745996e-05+2.99773149285e-06j),(-2.62417698907e-05+2.09751494449e-06j),(-2.23343885312e-05+1.59759644577e-06j),(-1.93761681811e-05+1.10733532517e-06j),(-1.70716936441e-05+7.86148664511e-07j),(-1.52036153687e-05+5.18365535326e-07j),(-1.37685015682e-05+3.45871548446e-07j),(-1.26405949514e-05+2.07901470693e-07j),(-1.16880216903e-05+2.16511320412e-07j),(-1.07809470825e-05+1.77119525571e-07j),(-9.87170703107e-06+1.6922822061e-07j),(-9.20150835733e-06+8.98961588771e-08j),(-8.59704407129e-06+8.63419644192e-08j),(-8.1122008466e-06+7.02818558962e-08j),(-7.75125482505e-06+1.88698814189e-08j),(-7.38186147938e-06-3.45493825514e-08j),(-7.01802139726e-06-9.21995103504e-08j),
,,(1.48775616456e-10+0.000449703097276j),(-0.000132464957564+1.9104703786e-05j),(-6.05082245157e-05+4.19983292515e-06j),(-4.17967335348e-05+4.45240202189e-06j),(-3.23519932591e-05+2.82864420284e-06j),(-2.63969034531e-05+1.96376174784e-06j),(-2.25001276879e-05+1.47048991167e-06j),(-1.9497441763e-05+1.01313256221e-06j),(-1.72018574388e-05+6.60575800957e-07j),(-1.53538619779e-05+4.37539814701e-07j),(-1.39075910475e-05+2.85548220103e-07j),(-1.27716016454e-05+1.92918870581e-07j),(-1.17923794008e-05+2.13228398166e-07j),(-1.08547868971e-05+1.86309691626e-07j),(-9.91910199988e-06+1.63743658874e-07j),(-9.22604160699e-06+6.56546556061e-08j),(-8.6135168184e-06+5.35396221369e-08j),(-8.12994400157e-06+2.08746330865e-08j),(-7.77621768062e-06-6.2235987399e-08j),(-7.42557445176e-06-1.02311798157e-07j),(-7.06040690542e-06-1.7207061223e-07j),
,,(1.50458207559e-10+0.000451972639526j),(-0.00013296139161+1.90432451249e-05j),(-6.07407175848e-05+4.19935732876e-06j),(-4.1880259996e-05+4.49374563568e-06j),(-3.24254086641e-05+2.8626563297e-06j),(-2.64263732821e-05+1.96410962421e-06j),(-2.25149073668e-05+1.49581530633e-06j),(-1.95142334848e-05+1.01489134539e-06j),(-1.71746280107e-05+6.95874826752e-07j),(-1.52917689581e-05+4.43745978284e-07j),(-1.38386768154e-05+2.62629438644e-07j),(-1.26892230618e-05+9.81532625696e-08j),(-1.17357156293e-05+9.45692877186e-08j),(-1.08559019214e-05+6.16160020046e-08j),(-9.91348182831e-06+2.60571902286e-08j),(-9.23035281121e-06-6.44986138919e-08j),(-8.65021860381e-06-8.37055674044e-08j),(-8.18412872588e-06-1.24311544727e-07j),(-7.85747785644e-06-2.01233665881e-07j),(-7.50615543645e-06-2.2740105527e-07j),(-7.16582007595e-06-2.66347240702e-07j),
,,(1.50931531272e-10+0.000453940361965j),(-0.00013345449183+1.88143678611e-05j),(-6.0966704868e-05+4.02802855334e-06j),(-4.20570070257e-05+4.33280462523e-06j),(-3.25534519912e-05+2.71110090727e-06j),(-2.65733194004e-05+1.84058286849e-06j),(-2.26417742079e-05+1.34554327741e-06j),(-1.96440264646e-05+8.63393776821e-07j),(-1.7321730802e-05+5.51500362528e-07j),(-1.54635277134e-05+3.11345535148e-07j),(-1.40477387464e-05+1.36904144457e-07j),(-1.28979744719e-05+2.46107290462e-08j),(-1.19375494479e-05+7.67303118239e-08j),(-1.09883355002e-05+5.90990050068e-08j),(-1.00631647273e-05+9.2933070217e-09j),(-9.35063028293e-06-5.51412355574e-08j),(-8.73804286699e-06-8.16163435673e-08j),(-8.24373470056e-06-1.18588236509e-07j),(-7.88164220491e-06-1.92445617268e-07j),(-7.56160472308e-06-2.36602541951e-07j),(-7.20169006427e-06-2.76260602909e-07j),
,,(1.50684061625e-10+0.000456041311367j),(-0.000133864020497+1.90724826105e-05j),(-6.11611233696e-05+4.28631584114e-06j),(-4.21946439475e-05+4.65588213983e-06j),(-3.26441723346e-05+3.01937391783e-06j),(-2.66466684393e-05+2.17043403026e-06j),(-2.26845805026e-05+1.66775482862e-06j),(-1.96555943753e-05+1.22325942607e-06j),(-1.72949599214e-05+8.82395618731e-07j),(-1.53820730543e-05+6.33680758596e-07j),(-1.39513658126e-05+4.51591458842e-07j),(-1.27743632757e-05+3.03877029311e-07j),(-1.18418513552e-05+3.14165496317e-07j),(-1.09421083617e-05+2.81013900768e-07j),(-1.00152645025e-05+2.78489408372e-07j),(-9.33943741478e-06+1.83904966982e-07j),(-8.7227178146e-06+1.838308187e-07j),(-8.21843574617e-06+1.85846471421e-07j),(-7.83579671774e-06+1.11507175726e-07j),(-7.46793282938e-06+8.95420719102e-08j),(-7.08936245298e-06+3.31054659507e-08j),
,,(1.51150034971e-10+0.000457492985148j),(-0.000134275455984+1.88531998214e-05j),(-6.13252261379e-05+4.0878340177e-06j),(-4.22737135995e-05+4.43644128207e-06j),(-3.27371477431e-05+2.80745562219e-06j),(-2.67169737647e-05+1.93471101187e-06j),(-2.27598337736e-05+1.43457755012e-06j),(-1.97411840849e-05+9.57600237065e-07j),(-1.73916340147e-05+6.52730032098e-07j),(-1.55071380185e-05+4.13513559487e-07j),(-1.40385011939e-05+2.07456927238e-07j),(-1.28974236981e-05+8.81080871339e-08j),(-1.19379561487e-05+1.14492842864e-07j),(-1.10449162952e-05+8.28326310741e-08j),(-1.01092869233e-05+7.60706665265e-08j),(-9.38845916701e-06+3.51366420857e-09j),(-8.79963146871e-06-1.67293842659e-08j),(-8.33046889022e-06-2.94990145753e-08j),(-7.95262186686e-06-7.36571673486e-08j),(-7.5943888474e-06-1.09343276946e-07j),(-7.20833072585e-06-1.44701271829e-07j),
,,(1.53965045648e-10+0.000459249165069j),(-0.000134651075391+1.89595250574e-05j),(-6.14991180965e-05+4.2696658333e-06j),(-4.2394415284e-05+4.6354236627e-06j),(-3.28045120149e-05+3.00043852358e-06j),(-2.67625588301e-05+2.13051426584e-06j),(-2.28150830373e-05+1.63312126884e-06j),(-1.97647020098e-05+1.16570548013e-06j),(-1.73973258941e-05+8.65246111007e-07j),(-1.55047208664e-05+6.27737119308e-07j),(-1.40230283985e-05+4.29327706981e-07j),(-1.28947874869e-05+2.76234797498e-07j),(-1.19278601877e-05+2.84633764096e-07j),(-1.10188469832e-05+2.59148060669e-07j),(-1.01052364472e-05+2.67535300914e-07j),(-9.41519435837e-06+1.94868216194e-07j),(-8.8022124284e-06+1.94961155007e-07j),(-8.30053191095e-06+1.70282034141e-07j),(-7.91497522407e-06+1.38526106876e-07j),(-7.53446112193e-06+1.01131432429e-07j),(-7.17130554413e-06+4.61338048276e-08j),
,,(1.53736773993e-10+0.000460725229791j),(-0.000134962018063+1.89845804321e-05j),(-6.16494915846e-05+4.27032721649e-06j),(-4.25008307754e-05+4.64708532034e-06j),(-3.29029898528e-05+3.02516042798e-06j),(-2.68642911032e-05+2.17133559094e-06j),(-2.28760479325e-05+1.7219589647e-06j),(-1.98092289206e-05+1.25436184108e-06j),(-1.7433635038e-05+9.41846034663e-07j),(-1.55138147815e-05+7.06670629378e-07j),(-1.40309838077e-05+5.2742154619e-07j),(-1.28312793476e-05+3.84491274133e-07j),(-1.18558095073e-05+3.79431332579e-07j),(-1.09449056153e-05+3.40417005891e-07j),(-1.00141026055e-05+3.1169428744e-07j),(-9.31263296179e-06+1.98192933792e-07j),(-8.73688235359e-06+2.23053315249e-07j),(-8.22785641249e-06+1.95951192477e-07j),(-7.85596138263e-06+1.54609087568e-07j),(-7.46863179057e-06+1.16143771372e-07j),(-7.09657534701e-06+4.21211026091e-08j),
,,(1.55479238989e-10+0.00046203401605j),(-0.00013530697751+1.88815192506e-05j),(-6.17948328424e-05+4.18918139234e-06j),(-4.25622346278e-05+4.61088875812e-06j),(-3.29323880899e-05+2.96036523413e-06j),(-2.68743199786e-05+2.07235027499e-06j),(-2.29043776769e-05+1.60709361139e-06j),(-1.98415993354e-05+1.13293154778e-06j),(-1.74652852228e-05+8.23755544372e-07j),(-1.55339929714e-05+5.59638307959e-07j),(-1.40745204075e-05+3.90819475738e-07j),(-1.28876559313e-05+2.33649806055e-07j),(-1.19404743954e-05+2.41393555041e-07j),(-1.10216619531e-05+2.07879209858e-07j),(-1.00825929789e-05+1.86488134013e-07j),(-9.40919007463e-06+8.45955330913e-08j),(-8.78942507339e-06+7.53506637207e-08j),(-8.32986270776e-06+5.61669267292e-08j),(-7.95880789847e-06+1.022796872e-08j),(-7.60411113305e-06-1.78835212704e-08j),(-7.26108538459e-06-8.03177614585e-08j),
,,(1.5285503285e-10+0.000463415981849j),(-0.000135576274755+1.89638605722e-05j),(-6.19072001766e-05+4.26241286215e-06j),(-4.26586775997e-05+4.68783002804e-06j),(-3.30224544562e-05+3.05919283221e-06j),(-2.69339016425e-05+2.18581045714e-06j),(-2.29277000305e-05+1.72293380897e-06j),(-1.98333491561e-05+1.23803311975e-06j),(-1.74589482126e-05+8.97676884815e-07j),(-1.55432283521e-05+6.45104256491e-07j),(-1.40689780119e-05+4.71232454628e-07j),(-1.29166921117e-05+3.27281408754e-07j),(-1.19780253612e-05+3.51254868515e-07j),(-1.10117199462e-05+3.21572849484e-07j),(-1.00985707183e-05+2.94264964489e-07j),(-9.37114972373e-06+2.01135121914e-07j),(-8.76030150208e-06+2.00031655569e-07j),(-8.3030351825e-06+1.74909984647e-07j),(-7.89471307433e-06+1.37847403768e-07j),(-7.53420754874e-06+9.27223827849e-08j),(-7.15902600349e-06+2.8927303228e-08j),
,,(1.57626134558e-10+0.000464543009793j),(-0.000135890187838+1.88719815052e-05j),(-6.20552352135e-05+4.1654860473e-06j),(-4.27630905019e-05+4.61014052176e-06j),(-3.30928606698e-05+2.98569579223e-06j),(-2.70117091153e-05+2.11720217066e-06j),(-2.29871458307e-05+1.66389967731e-06j),(-1.9907483967e-05+1.16038295798e-06j),(-1.75316115557e-05+8.56144675698e-07j),(-1.56103829358e-05+6.09199485501e-07j),(-1.41224285213e-05+4.26977955674e-07j),(-1.29406114282e-05+2.91069091651e-07j),(-1.19676972455e-05+2.8080572018e-07j),(-1.10573696599e-05+2.36623328691e-07j),(-1.01300483329e-05+2.35754524733e-07j),(-9.40587970066e-06+1.40833404821e-07j),(-8.7980591544e-06+1.38551830607e-07j),(-8.33618874395e-06+8.17662455422e-08j),(-7.9425529288e-06+2.4452073129e-08j),(-7.59071065595e-06+1.38549675404e-11j),(-7.2280582725e-06-5.23662129836e-08j),
,,(1.57577245454e-10+0.000465545072145j),(-0.000136188014014+1.8658257539e-05j),(-6.2222145577e-05+3.93059938081e-06j),(-4.28665201591e-05+4.40869478286e-06j),(-3.31694265035e-05+2.7871876331e-06j),(-2.70675816032e-05+1.91405092259e-06j),(-2.30401095759e-05+1.42821951072e-06j),(-1.99940384816e-05+9.85712630387e-07j),(-1.76200630076e-05+6.4293419418e-07j),(-1.57143554672e-05+4.19952529103e-07j),(-1.42368078994e-05+2.49789838456e-07j),(-1.30718759491e-05+1.03474304785e-07j),(-1.20811189869e-05+1.12924915947e-07j),(-1.11570931559e-05+1.02888475865e-07j),(-1.02405417438e-05+5.7596463493e-08j),(-9.5217598539e-06-9.68504251408e-09j),(-8.91635353896e-06-5.87935791416e-09j),(-8.47034451017e-06-3.07961027534e-08j),(-8.09750122259e-06-7.12014078806e-08j),(-7.72885450655e-06-1.09338146263e-07j),(-7.36007622709e-06-1.30227516266e-07j),
,,(1.1059635258e-10+0.000381828456882j),(-0.000107455249857+2.88441988936e-05j),(-5.33256583767e-05+6.10619086017e-06j),(-3.66762494034e-05+4.77146640867e-06j),(-2.87498208259e-05+3.13773074735e-06j),(-2.35029266171e-05+2.07939508078e-06j),(-2.00015497825e-05+1.52893122941e-06j),(-1.73703460482e-05+1.06876391299e-06j),(-1.52962197889e-05+6.77970782808e-07j),(-1.36387909889e-05+4.21097555825e-07j),(-1.23775469649e-05+2.4237321286e-07j),(-1.13914780485e-05+8.69239193616e-08j),(-1.05524189408e-05+1.05206112742e-07j),(-9.74307601822e-06+1.03982898282e-07j),(-8.8672078151e-06+6.90907699309e-08j),(-8.27818064472e-06+1.1793871905e-08j),(-7.74155326981e-06-1.71935906689e-08j),(-7.31706651765e-06-6.40128312763e-08j),(-7.00029365007e-06-1.06531829202e-07j),(-6.70089941394e-06-1.44310035491e-07j),(-6.37184149452e-06-1.83793804587e-07j),
,,(1.14808791027e-10+0.000396081413141j),(-0.000108055660085+2.9547442411e-05j),(-5.40934206421e-05+6.19407660859e-06j),(-3.70900046791e-05+4.79378643005e-06j),(-2.90154517832e-05+3.16796105415e-06j),(-2.37160638233e-05+2.08112938958e-06j),(-2.02188463613e-05+1.5111178734e-06j),(-1.75612960539e-05+1.0071112953e-06j),(-1.54909602262e-05+6.5831512161e-07j),(-1.3803229779e-05+4.21204871406e-07j),(-1.25218603152e-05+2.45226344835e-07j),(-1.15020074824e-05+1.10959655112e-07j),(-1.06696891844e-05+1.00466629223e-07j),(-9.83950367117e-06+8.32953601319e-08j),(-9.01522328577e-06+4.22605938531e-08j),(-8.39385893387e-06-1.73599384195e-08j),(-7.87039557604e-06-4.28599592479e-09j),(-7.43207632067e-06-2.75914373914e-08j),(-7.10636894316e-06-8.45427871655e-08j),(-6.78646231151e-06-1.16831326559e-07j),(-6.48682199078e-06-1.48672966193e-07j),
,,(1.16415407533e-10+0.000400629846477j),(-0.000107940080428+2.98973979157e-05j),(-5.41243871334e-05+6.38653044993e-06j),(-3.71189096763e-05+5.03224788105e-06j),(-2.90767573316e-05+3.40567236128e-06j),(-2.37336337507e-05+2.31580632997e-06j),(-2.02283062045e-05+1.7604212129e-06j),(-1.75465136619e-05+1.24980068117e-06j),(-1.54341927513e-05+8.71309243485e-07j),(-1.37589118186e-05+6.4534769361e-07j),(-1.24376057541e-05+4.08918458313e-07j),(-1.14315702798e-05+2.63843315579e-07j),(-1.06083977856e-05+2.52327707142e-07j),(-9.78235765654e-06+2.42761930631e-07j),(-8.94725927131e-06+2.04103080027e-07j),(-8.31124760278e-06+1.59419935343e-07j),(-7.78359687331e-06+1.55631545602e-07j),(-7.33208049707e-06+1.49439933324e-07j),(-7.0072689002e-06+7.04665146257e-08j),(-6.67741954992e-06+1.10410931287e-08j),(-6.35680366794e-06-5.6776535148e-08j),
,,(1.16678601783e-10+0.000402481375406j),(-0.000107920525459+3.00590323004e-05j),(-5.42018990827e-05+6.37698684571e-06j),(-3.7177786286e-05+4.99520459957e-06j),(-2.91379412558e-05+3.34597651257e-06j),(-2.38186374037e-05+2.26488240585e-06j),(-2.03013274438e-05+1.72581279945e-06j),(-1.76461504831e-05+1.2447202341e-06j),(-1.55542117047e-05+8.85976006448e-07j),(-1.3870128738e-05+6.3993831017e-07j),(-1.25684607716e-05+4.8077147984e-07j),(-1.15531848764e-05+3.6603437925e-07j),(-1.06752622096e-05+3.84494436816e-07j),(-9.84321697592e-06+3.64383891266e-07j),(-8.99438092674e-06+3.10294888925e-07j),(-8.36225675624e-06+2.52015662985e-07j),(-7.81790967534e-06+2.75304464477e-07j),(-7.33605647758e-06+2.11318253894e-07j),(-7.02744501276e-06+1.67788802821e-07j),(-6.72371153194e-06+1.40185866442e-07j),(-6.34485460418e-06+7.08142932458e-08j),
,,(1.17592468978e-10+0.000404219779616j),(-0.00010798347823+3.02332122484e-05j),(-5.41948699545e-05+6.50293535092e-06j),(-3.71866298132e-05+5.10904549255e-06j),(-2.91101600745e-05+3.46826561623e-06j),(-2.37533618546e-05+2.39493532597e-06j),(-2.02066726458e-05+1.80709586362e-06j),(-1.75428416461e-05+1.31730275346e-06j),(-1.54284593411e-05+9.2933914346e-07j),(-1.37497980677e-05+6.75679560265e-07j),(-1.2450064178e-05+4.85186210668e-07j),(-1.14511281552e-05+3.38019899588e-07j),(-1.0593908339e-05+3.50883704862e-07j),(-9.75953241119e-06+3.27845647147e-07j),(-8.89581723125e-06+2.70056143896e-07j),(-8.28215533497e-06+2.00746139298e-07j),(-7.74560637945e-06+1.71617091205e-07j),(-7.30062061023e-06+1.39169425802e-07j),(-6.98885531014e-06+7.28904284732e-08j),(-6.70318313789e-06+8.79460904884e-09j),(-6.39148461908e-06-3.19423375704e-08j),
,,(1.16590365955e-10+0.000404455417602j),(-0.000108095724707+3.00851403342e-05j),(-5.43452734368e-05+6.12455326001e-06j),(-3.73100585538e-05+4.7400449366e-06j),(-2.92423245816e-05+3.10017301474e-06j),(-2.39082859592e-05+2.03683895463e-06j),(-2.03758894864e-05+1.5010748667e-06j),(-1.77167116474e-05+1.04403060171e-06j),(-1.5603121935e-05+6.66813427965e-07j),(-1.39236330989e-05+4.54262647032e-07j),(-1.26187307884e-05+2.73025073675e-07j),(-1.15755044342e-05+1.24107304556e-07j),(-1.07155588947e-05+1.33311637874e-07j),(-9.89160071029e-06+1.02247789348e-07j),(-9.04541998069e-06+6.79449399027e-08j),(-8.40700094735e-06-2.98052113938e-08j),(-7.86983934552e-06-1.88619305075e-08j),(-7.44926724064e-06-6.51039798082e-08j),(-7.10592117879e-06-1.04226702934e-07j),(-6.79349031825e-06-1.40319995852e-07j),(-6.46733414804e-06-2.16481577585e-07j),
,,(1.15848547836e-10+0.000405671337982j),(-0.000108236950616+3.013534902e-05j),(-5.44331185127e-05+6.1230961436e-06j),(-3.73523441293e-05+4.73407939303e-06j),(-2.92848957852e-05+3.09528680585e-06j),(-2.39063931895e-05+2.02227124814e-06j),(-2.03907672068e-05+1.49306247789e-06j),(-1.77012952555e-05+9.86925049307e-07j),(-1.55972039723e-05+6.15686198792e-07j),(-1.3937181995e-05+3.75905184495e-07j),(-1.26424445332e-05+2.0710511657e-07j),(-1.16144591422e-05+6.86441350878e-08j),(-1.07548708125e-05+1.06562175083e-07j),(-9.92704829129e-06+8.39359450739e-08j),(-9.07053171479e-06+3.98720102943e-08j),(-8.43099439763e-06-2.9912940797e-08j),(-7.89222533648e-06-3.98536498275e-08j),(-7.44635369236e-06-7.62606561989e-08j),(-7.14700853798e-06-1.45245024275e-07j),(-6.81915238348e-06-1.95676119868e-07j),(-6.49476226489e-06-2.45092923182e-07j),
,,(1.19762625591e-10+0.000407248676678j),(-0.000108464617764+3.03466594628e-05j),(-5.45430648962e-05+6.22287681102e-06j),(-3.74360728548e-05+4.85055560138e-06j),(-2.93152574789e-05+3.22458766873e-06j),(-2.39631333254e-05+2.14637569138e-06j),(-2.03769968399e-05+1.5795949517e-06j),(-1.77019389638e-05+1.07863072335e-06j),(-1.55865901031e-05+7.07513389565e-07j),(-1.39235342707e-05+4.27724998912e-07j),(-1.26072087088e-05+2.66800591496e-07j),(-1.15716015754e-05+1.33038877114e-07j),(-1.07422515001e-05+1.48086625741e-07j),(-9.8766435579e-06+9.77342201063e-08j),(-9.04849603774e-06+5.60854323069e-08j),(-8.42178270173e-06-8.78634308459e-09j),(-7.88765304972e-06-2.7196522487e-08j),(-7.44683297793e-06-7.44025079455e-08j),(-7.14757596729e-06-1.34382425405e-07j),(-6.83677844114e-06-1.86499701421e-07j),(-6.52187903332e-06-1.98260895821e-07j),
,,(1.15040456276e-10+0.0004079047849j),(-0.00010855102403+3.06580496413e-05j),(-5.46281782101e-05+6.38665209286e-06j),(-3.7504438218e-05+4.98759589351e-06j),(-2.93395564865e-05+3.3767890948e-06j),(-2.39880179364e-05+2.30598037953e-06j),(-2.03976104591e-05+1.74476033983e-06j),(-1.76699124937e-05+1.271204738e-06j),(-1.55383261268e-05+8.76277847876e-07j),(-1.38512430103e-05+6.16372320953e-07j),(-1.25226108017e-05+4.32125663037e-07j),(-1.14884652133e-05+2.62465052385e-07j),(-1.06345957671e-05+2.41964677232e-07j),(-9.81230514291e-06+1.97584016964e-07j),(-8.96472761431e-06+1.46637305523e-07j),(-8.34536359802e-06+8.60932631841e-08j),(-7.82232530566e-06+8.03761115014e-08j),(-7.3788886841e-06+5.99329571225e-08j),(-7.06334811442e-06+6.41494340381e-09j),(-6.72402672642e-06-2.43649180163e-08j),(-6.38857480528e-06-8.69539861533e-08j),
,,(1.20047573739e-10+0.000409080646418j),(-0.000108747018343+3.07443962288e-05j),(-5.47432762056e-05+6.38477953643e-06j),(-3.75440856407e-05+5.00065542296e-06j),(-2.94067555845e-05+3.37966603447e-06j),(-2.40300324964e-05+2.28498598388e-06j),(-2.04574263518e-05+1.72794599475e-06j),(-1.77438556491e-05+1.22490897948e-06j),(-1.56107499165e-05+8.56545433471e-07j),(-1.39547640724e-05+6.08118578472e-07j),(-1.26383913553e-05+4.12307417426e-07j),(-1.15861859781e-05+2.73826564801e-07j),(-1.07692542258e-05+2.60807830717e-07j),(-9.89427808443e-06+2.54621914419e-07j),(-9.04514319641e-06+2.03107193231e-07j),(-8.40429194679e-06+1.23443261763e-07j),(-7.89875163769e-06+1.12405711816e-07j),(-7.44946720134e-06+8.35789764061e-08j),(-7.12285553516e-06+3.46273890929e-08j),(-6.82011110138e-06+2.27171387753e-08j),(-6.46949346241e-06-5.03303285953e-08j),
,,(1.20256022624e-10+0.000410238444541j),(-0.000108867327041+3.08275322309e-05j),(-5.47458730568e-05+6.42815555839e-06j),(-3.75421387293e-05+5.01173980161e-06j),(-2.93757968124e-05+3.35302394137e-06j),(-2.40111596017e-05+2.26563617929e-06j),(-2.04171954101e-05+1.7164805914e-06j),(-1.77425444506e-05+1.19831163304e-06j),(-1.56079100443e-05+8.17805911417e-07j),(-1.39039041791e-05+5.41640294165e-07j),(-1.25672864659e-05+3.31247006324e-07j),(-1.15634064453e-05+1.86545405739e-07j),(-1.07457965148e-05+1.774952311e-07j),(-9.91155804766e-06+1.57302873821e-07j),(-9.07181196838e-06+1.19335865228e-07j),(-8.44170505722e-06+6.53539895363e-08j),(-7.90489775472e-06+7.79893634185e-08j),(-7.47259849973e-06+4.647992243e-08j),(-7.13952472665e-06+1.34609231624e-08j),(-6.8107494122e-06-4.54985869695e-08j),(-6.45921091766e-06-8.61328403887e-08j),
,,(1.19467259676e-10+0.000410882070745j),(-0.000109018971483+3.06701585891e-05j),(-5.48547361747e-05+6.22357075115e-06j),(-3.76332163848e-05+4.79282982576e-06j),(-2.94580783435e-05+3.159383568e-06j),(-2.40756903503e-05+2.05250577908e-06j),(-2.04813184984e-05+1.50449075667e-06j),(-1.77769951996e-05+9.9299929915e-07j),(-1.56600177511e-05+6.18253999637e-07j),(-1.39847136815e-05+3.50927069904e-07j),(-1.26630698405e-05+1.64907226029e-07j),(-1.16463601539e-05-1.04922676772e-10j),(-1.07804357812e-05+5.67870864166e-09j),(-9.95776768629e-06-4.04647724271e-08j),(-9.12223010329e-06-6.81528899102e-08j),(-8.50038694062e-06-1.33533456391e-07j),(-7.96099898452e-06-1.416796859e-07j),(-7.55177513773e-06-1.68224994114e-07j),(-7.21905336086e-06-2.06454323237e-07j),(-6.89339593597e-06-2.25445113296e-07j),(-6.54718415725e-06-2.98194128288e-07j),
,,(1.15517965952e-10+0.000411802980774j),(-0.000109175455195+3.08263796362e-05j),(-5.49491029695e-05+6.32481283058e-06j),(-3.77231536453e-05+4.92575264614e-06j),(-2.95441900573e-05+3.28093238453e-06j),(-2.4165229915e-05+2.21235942311e-06j),(-2.0565760401e-05+1.65903069946e-06j),(-1.78318879664e-05+1.16511256998e-06j),(-1.56878636111e-05+7.92384505871e-07j),(-1.39794061494e-05+5.37311003796e-07j),(-1.26738513251e-05+3.36279501175e-07j),(-1.16482837616e-05+1.69737449445e-07j),(-1.08045019788e-05+1.66013424952e-07j),(-9.98216637844e-06+1.34909223828e-07j),(-9.13127015926e-06+8.36229489517e-08j),(-8.52506866746e-06+6.19125612277e-09j),(-7.99634502608e-06+5.24897654323e-09j),(-7.60146570404e-06-2.57885713696e-09j),(-7.26178699271e-06-3.93379712104e-08j),(-6.95568284797e-06-4.53850274952e-08j),(-6.58734516537e-06-7.04642658546e-08j),
,,(1.19366018963e-10+0.000412724017882j),(-0.00010928839588+3.10879422306e-05j),(-5.50298931951e-05+6.50598816649e-06j),(-3.77232369964e-05+5.10172261568e-06j),(-2.95700568171e-05+3.48444671966e-06j),(-2.41532491064e-05+2.39911469169e-06j),(-2.05765785264e-05+1.84462013227e-06j),(-1.78196127556e-05+1.35168835894e-06j),(-1.56744548894e-05+1.00245042732e-06j),(-1.39676717108e-05+7.24629369511e-07j),(-1.26205392223e-05+5.54009677952e-07j),(-1.1559243481e-05+4.13546059919e-07j),(-1.06753435915e-05+3.77258250903e-07j),(-9.83814353043e-06+3.1959262206e-07j),(-9.00539168899e-06+2.62960962533e-07j),(-8.35625655765e-06+1.93323006818e-07j),(-7.81727808188e-06+1.90342354364e-07j),(-7.36056751292e-06+1.65065573032e-07j),(-7.06684371747e-06+1.18804577487e-07j),(-6.72322850565e-06+5.2648007991e-08j),(-6.36793179433e-06+4.5741122735e-09j),
,,(1.16224612762e-10+0.00041323176963j),(-0.000109383059668+3.09943936993e-05j),(-5.50683327313e-05+6.34449182572e-06j),(-3.77727248441e-05+4.94000242036e-06j),(-2.95858345233e-05+3.28520029776e-06j),(-2.41700794951e-05+2.17944758301e-06j),(-2.05558369764e-05+1.61720491996e-06j),(-1.78751074222e-05+1.09333904115e-06j),(-1.57236658494e-05+7.15479777191e-07j),(-1.40322858872e-05+4.71088888561e-07j),(-1.2710961285e-05+2.95410278185e-07j),(-1.16640560841e-05+1.45218655364e-07j),(-1.08124236236e-05+1.34806807809e-07j),(-9.97312298352e-06+1.02319435964e-07j),(-9.141849871e-06+5.83253750184e-08j),(-8.52948029195e-06-4.8341372342e-09j),(-8.0058858453e-06+1.19679964939e-08j),(-7.55036847268e-06-4.99834394311e-09j),(-7.22339055607e-06-5.9414971548e-08j),(-6.91657184967e-06-9.18993962235e-08j),(-6.57468571713e-06-1.26616908206e-07j),
,,(1.18564394378e-10+0.000414049520198j),(-0.000109458959212+3.12220326014e-05j),(-5.50872980303e-05+6.49731614318e-06j),(-3.7782834918e-05+5.04815574152e-06j),(-2.95986562595e-05+3.38310694526e-06j),(-2.42090384287e-05+2.30436345836e-06j),(-2.06329452832e-05+1.76238054875e-06j),(-1.79324337011e-05+1.28505854925e-06j),(-1.57619090569e-05+9.54609969764e-07j),(-1.40575473871e-05+6.76253932464e-07j),(-1.27188873016e-05+5.09051566331e-07j),(-1.16700729558e-05+3.68436095207e-07j),(-1.07985317514e-05+3.60922475102e-07j),(-9.95348055839e-06+3.28713081958e-07j),(-9.0897648857e-06+2.9203989531e-07j),(-8.42813512463e-06+2.03036717408e-07j),(-7.87540485133e-06+1.844742857e-07j),(-7.43406784717e-06+1.36951587688e-07j),(-7.10679312638e-06+7.42726661445e-08j),(-6.80092300997e-06+1.68720645225e-08j),(-6.46589474036e-06-2.94286201101e-08j),
,,(1.18878470287e-10+0.000414330286116j),(-0.000109572712868+3.10202839421e-05j),(-5.51879690219e-05+6.23896147979e-06j),(-3.78850863066e-05+4.82249019419e-06j),(-2.96733157697e-05+3.18021099899e-06j),(-2.4267700817e-05+2.09662195482e-06j),(-2.06723825945e-05+1.55094844994e-06j),(-1.79276490198e-05+1.04840481781e-06j),(-1.57729954799e-05+6.84890882951e-07j),(-1.40796283176e-05+4.19648682043e-07j),(-1.27497369705e-05+2.09216535955e-07j),(-1.17075115225e-05+5.53288111961e-08j),(-1.08451097891e-05+5.06081119958e-08j),(-1.00289110507e-05+3.08429293259e-08j),(-9.171604857e-06-1.30815003246e-08j),(-8.54725232778e-06-8.11113425454e-08j),(-7.9966607714e-06-6.23945611441e-08j),(-7.55855853965e-06-9.67606651922e-08j),(-7.24286310989e-06-1.45563615004e-07j),(-6.89201498267e-06-1.9194581706e-07j),(-6.5451208038e-06-2.64757133768e-07j),
,,(1.16714559837e-10+0.000414920077473j),(-0.000109633199561+3.11690062994e-05j),(-5.52062636576e-05+6.32714041884e-06j),(-3.78647488541e-05+4.88770168515e-06j),(-2.96166676151e-05+3.24100493509e-06j),(-2.4217673418e-05+2.13802928755e-06j),(-2.059730694e-05+1.57020009202e-06j),(-1.78777014141e-05+1.05963208667e-06j),(-1.57486464189e-05+6.84002810865e-07j),(-1.40542372556e-05+4.23751386778e-07j),(-1.2709153692e-05+2.4007352223e-07j),(-1.16845212481e-05+6.18835320824e-08j),(-1.08087315544e-05+6.07049025671e-08j),(-9.99589578092e-06+3.64649322173e-08j),(-9.1338288404e-06-1.53090007118e-08j),(-8.51538689842e-06-8.90397911421e-08j),(-7.96925093367e-06-9.71704135855e-08j),(-7.5405456502e-06-1.35843139651e-07j),(-7.20650005372e-06-1.82555531784e-07j),(-6.91987939246e-06-2.16568174778e-07j),(-6.58280126567e-06-2.74501514308e-07j),
,,(1.2121557025e-10+0.000415521205104j),(-0.000109763443975+3.13994255228e-05j),(-5.52778153077e-05+6.52250961552e-06j),(-3.78881926014e-05+5.05355289496e-06j),(-2.96666209295e-05+3.41796766075e-06j),(-2.42527544291e-05+2.32967988777e-06j),(-2.06408696045e-05+1.76724957631e-06j),(-1.7910738281e-05+1.25973510393e-06j),(-1.57847267819e-05+9.09962111212e-07j),(-1.40605617808e-05+6.48572524068e-07j),(-1.2727227062e-05+4.67181943371e-07j),(-1.16763151722e-05+2.84984181928e-07j),(-1.08073506401e-05+2.98817812609e-07j),(-9.97576817311e-06+2.96110375917e-07j),(-9.09771835242e-06+2.64569255738e-07j),(-8.45318979762e-06+2.00241113722e-07j),(-7.87640682167e-06+1.60743618966e-07j),(-7.43761335376e-06+1.30697273988e-07j),(-7.11834477151e-06+5.91352962682e-08j),(-6.77987654538e-06-2.49549189056e-08j),(-6.44583059274e-06-6.79796717212e-08j),
,,(1.16916964441e-10+0.00041590239229j),(-0.000109819365563+3.14146657805e-05j),(-5.53418737199e-05+6.52340563279e-06j),(-3.79715114381e-05+5.07968868362e-06j),(-2.97118261558e-05+3.46137624527e-06j),(-2.42586858897e-05+2.38165161139e-06j),(-2.0650517053e-05+1.82752032615e-06j),(-1.79114859796e-05+1.33044190221e-06j),(-1.57377369609e-05+9.51522565197e-07j),(-1.40186783388e-05+6.785838024e-07j),(-1.26882867755e-05+4.48425646716e-07j),(-1.16500362213e-05+3.24809811633e-07j),(-1.07808919955e-05+3.01080231351e-07j),(-9.94728862249e-06+2.70993542443e-07j),(-9.09821913776e-06+2.04731901724e-07j),(-8.43970226106e-06+1.21972736232e-07j),(-7.88625822627e-06+1.01491184527e-07j),(-7.4466152489e-06+5.6380750927e-08j),(-7.12218766134e-06+1.20757530714e-08j),(-6.8278373366e-06-3.83674345212e-08j),(-6.50312531828e-06-1.07991909033e-07j),
